static HWND g_hoverButton = nullptr;

static void InitParticles(int width, int height) {
    g_particles.clear();
    g_staticStars.clear();
    g_comets.clear();
    g_lastCometSpawn = 0;

    const int safeW = std::max(width, 1);
    const int safeH = std::max(height, 1);
    const int safeParticleH = std::max(safeH - 70, 1);
    if (safeW < 100 || safeH < 100) return;

    srand(static_cast<unsigned int>(time(nullptr)));
    for (int i = 0; i < 84; ++i) {
        Particle p{};
        p.x = 2.0f + static_cast<float>(rand() % std::max(safeW - 4, 1));
        p.y = 2.0f + static_cast<float>(rand() % std::max(safeParticleH - 4, 1));
        p.vx = ((rand() % 200) - 100) / 420.0f;
        p.vy = ((rand() % 200) - 100) / 420.0f;
        if (p.vx > -0.06f && p.vx < 0.06f) p.vx = 0.07f;
        if (p.vy > -0.06f && p.vy < 0.06f) p.vy = -0.07f;
        p.size = 1.2f + static_cast<float>(rand() % 3);
        p.alpha = static_cast<BYTE>(26 + rand() % 38);
        g_particles.push_back(p);
    }

    for (int i = 0; i < 150; ++i) {
        Star s{};
        s.x = 1.0f + static_cast<float>(rand() % std::max(safeW - 2, 1));
        s.y = 1.0f + static_cast<float>(rand() % std::max(safeParticleH - 2, 1));
        s.size = 0.6f + static_cast<float>(rand() % 20) / 10.0f;
        s.alpha = static_cast<BYTE>(20 + rand() % 70);
        s.phase = static_cast<float>(rand() % 628) / 100.0f;
        s.speed = 0.5f + static_cast<float>(rand() % 200) / 100.0f;
        g_staticStars.push_back(s);
    }
}

static void UpdateParticles(HWND hwnd) {
    if (g_particlesPaused || IsIconic(hwnd) || !IsWindowVisible(hwnd)) return;

    RECT rc{};
    GetClientRect(hwnd, &rc);
    const int width = static_cast<int>(rc.right - rc.left);
    const int height = static_cast<int>(rc.bottom - rc.top);
    if (width < 100 || height < 100) return;
    if (g_particles.empty()) InitParticles(width, height);

    static ULONGLONG lastTick = 0;
    const ULONGLONG now = GetTickCount64();
    float dt = lastTick ? static_cast<float>(now - lastTick) / 1000.0f : 0.05f;
    lastTick = now;
    if (dt > 0.2f) dt = 0.2f;
    const float moveScale = dt / 0.05f;

    const float minX = 2.0f, minY = 2.0f;
    const float maxX = static_cast<float>(std::max(width - 6, 4));
    const float maxY = static_cast<float>(std::max(height - 70, 4));

    for (auto& p : g_particles) {
        p.x += p.vx * moveScale;
        p.y += p.vy * moveScale;
        if (p.x < minX) p.x = maxX;
        if (p.x > maxX) p.x = minX;
        if (p.y < minY) p.y = maxY;
        if (p.y > maxY) p.y = minY;
    }

    if (g_lastCometSpawn == 0) g_lastCometSpawn = now;
    if (now - g_lastCometSpawn > 3000ULL + static_cast<ULONGLONG>(rand() % 5000) && g_comets.size() < 2) {
        g_lastCometSpawn = now;
        Comet c{};
        const bool leftToRight = (rand() % 2) == 0;
        const float speed = 220.0f + static_cast<float>(rand() % 140);
        c.x = leftToRight ? -12.0f : static_cast<float>(width + 12);
        c.y = 8.0f + static_cast<float>(rand() % std::max(height / 3, 40));
        c.vx = (leftToRight ? 1.0f : -1.0f) * speed;
        c.vy = speed * 0.45f;
        c.life = c.maxLife = 2.6f;
        g_comets.push_back(c);
    }

    for (size_t i = 0; i < g_comets.size();) {
        Comet& c = g_comets[i];
        c.x += c.vx * dt;
        c.y += c.vy * dt;
        c.life -= dt;
        if (c.life <= 0.0f || c.y > height + 40.0f || c.x < -80.0f || c.x > width + 80.0f)
            g_comets.erase(g_comets.begin() + i);
        else
            ++i;
    }

    RedrawWindow(hwnd, nullptr, nullptr, RDW_INVALIDATE | RDW_NOERASE | RDW_NOCHILDREN);
}

static void DrawParticles(Graphics& g, const RECT& rc) {
    const int width = static_cast<int>(rc.right - rc.left);
    const int height = static_cast<int>(rc.bottom - rc.top);
    if (g_particlesPaused || width < 100 || height < 100) return;

    const int clipHeight = std::max(height - 58, 1);
    GraphicsState state = g.Save();
    g.SetClip(Rect(0, 0, width, clipHeight), CombineModeReplace);
    g.SetSmoothingMode(SmoothingModeAntiAlias);

    SolidBrush starBrush(Color(255, 120, 160, 255));
    Pen linePen(Color(16, 150, 125, 200), 1.0f);
    const float timeSec = static_cast<float>(GetTickCount64() % 100000) / 1000.0f;

    for (const auto& s : g_staticStars) {
        float twinkle = 0.55f + 0.45f * sinf(timeSec * s.speed + s.phase);
        int a = static_cast<int>(s.alpha * twinkle);
        if (a < 4) a = 4;
        starBrush.SetColor(Color(static_cast<BYTE>(a), 180, 148, 255));
        g.FillEllipse(&starBrush, s.x, s.y, s.size, s.size);
    }

    for (size_t i = 0; i < g_particles.size(); ++i) {
        for (size_t j = i + 1; j < g_particles.size(); ++j) {
            const float dx = g_particles[i].x - g_particles[j].x;
            const float dy = g_particles[i].y - g_particles[j].y;
            if (dx * dx + dy * dy < 3600.0f)
                g.DrawLine(&linePen, g_particles[i].x, g_particles[i].y, g_particles[j].x, g_particles[j].y);
        }
    }

    for (const auto& p : g_particles) {
        starBrush.SetColor(Color(p.alpha, 150, 135, 255));
        g.FillEllipse(&starBrush, p.x, p.y, p.size, p.size);
    }

    for (const auto& c : g_comets) {
        const float lifeK = c.maxLife > 0.0f ? c.life / c.maxLife : 0.0f;
        const float vlen = sqrtf(c.vx * c.vx + c.vy * c.vy);
        if (vlen < 1.0f) continue;
        const float nx = -c.vx / vlen;
        const float ny = -c.vy / vlen;
        for (int seg = 0; seg < 4; ++seg) {
            const float d0 = 42.0f * seg / 4.0f;
            const float d1 = 42.0f * (seg + 1) / 4.0f;
            int a = static_cast<int>(150.0f * lifeK * (1.0f - seg / 4.0f));
            if (a < 5) continue;
            linePen.SetColor(Color(static_cast<BYTE>(a), 185, 150, 255));
            linePen.SetWidth(2.2f - seg * 0.45f);
            g.DrawLine(&linePen, c.x + nx * d0, c.y + ny * d0, c.x + nx * d1, c.y + ny * d1);
        }
        int headA = static_cast<int>(230.0f * lifeK);
        if (headA > 255) headA = 255;
        starBrush.SetColor(Color(static_cast<BYTE>(headA), 215, 190, 255));
        g.FillEllipse(&starBrush, c.x - 2.0f, c.y - 2.0f, 4.0f, 4.0f);
    }

    g.Restore(state);
}

static void DrawAmbientBackground(Graphics& g, const RECT& rc) {
    const float w = static_cast<float>(rc.right - rc.left);
    const float h = static_cast<float>(rc.bottom - rc.top);
    g.SetSmoothingMode(SmoothingModeAntiAlias);

    GraphicsPath blueGlow;
    blueGlow.AddEllipse(RectF(-70.0f, 86.0f, 520.0f, 520.0f));
    PathGradientBrush blueBrush(&blueGlow);
    blueBrush.SetCenterColor(Color(30, 74, 126, 255));
    Color blueSurround[] = { Color(0, 74, 126, 255) };
    INT blueCount = 1;
    blueBrush.SetSurroundColors(blueSurround, &blueCount);
    g.FillPath(&blueBrush, &blueGlow);

    GraphicsPath cyanGlow;
    cyanGlow.AddEllipse(RectF(w - 410.0f, -190.0f, 500.0f, 500.0f));
    PathGradientBrush cyanBrush(&cyanGlow);
    cyanBrush.SetCenterColor(Color(22, 120, 110, 240));
    Color cyanSurround[] = { Color(0, 120, 110, 240) };
    INT cyanCount = 1;
    cyanBrush.SetSurroundColors(cyanSurround, &cyanCount);
    g.FillPath(&cyanBrush, &cyanGlow);

    GraphicsPath violetGlow;
    violetGlow.AddEllipse(RectF(w * 0.44f - 245.0f, h - 340.0f, 490.0f, 490.0f));
    PathGradientBrush violetBrush(&violetGlow);
    violetBrush.SetCenterColor(Color(20, 150, 110, 245));
    Color violetSurround[] = { Color(0, 150, 110, 245) };
    INT violetCount = 1;
    violetBrush.SetSurroundColors(violetSurround, &violetCount);
    g.FillPath(&violetBrush, &violetGlow);
}

static void DrawLogo(Graphics& g) {
    g.SetSmoothingMode(SmoothingModeAntiAlias);
    SolidBrush blue(Color(245, 74, 134, 255));
    SolidBrush cutout(Color(255, 18, 18, 19));
    g.FillEllipse(&blue, 110.0f, 80.0f, 190.0f, 190.0f);
    g.FillEllipse(&cutout, 140.0f, 110.0f, 130.0f, 130.0f);
    PointF handle[] = {
        PointF(256.0f, 224.0f), PointF(322.0f, 290.0f), PointF(346.0f, 318.0f),
        PointF(337.0f, 332.0f), PointF(321.0f, 342.0f), PointF(292.0f, 320.0f),
        PointF(228.0f, 260.0f)
    };
    g.FillPolygon(&blue, handle, 7);

}

static void DrawSectionSeparator(Graphics& g, RECT rc) {
    Pen pen(Color(120, 58, 58, 66), 1.0f);
    const float right = static_cast<float>(std::max<LONG>(rc.right - 24, 520));
    g.DrawLine(&pen, 520.0f, 166.0f, right, 166.0f);
}

static void AddRoundedRect(GraphicsPath& path, const RectF& rect, float radius) {
    float diameter = radius * 2.0f;
    diameter = std::min(diameter, std::min(rect.Width, rect.Height));
    if (diameter <= 0.5f) { path.AddRectangle(rect); return; }
    path.AddArc(rect.X, rect.Y, diameter, diameter, 180.0f, 90.0f);
    path.AddArc(rect.GetRight() - diameter, rect.Y, diameter, diameter, 270.0f, 90.0f);
    path.AddArc(rect.GetRight() - diameter, rect.GetBottom() - diameter, diameter, diameter, 0.0f, 90.0f);
    path.AddArc(rect.X, rect.GetBottom() - diameter, diameter, diameter, 90.0f, 90.0f);
    path.CloseFigure();
}

static void DrawPanel(Graphics& g, const RectF& rect) {
    GraphicsPath path;
    AddRoundedRect(path, rect, 8.0f);
    SolidBrush fill(Color(145, 31, 32, 36));
    Pen border(Color(190, 70, 72, 80), 1.0f);
    g.FillPath(&fill, &path);
    g.DrawPath(&border, &path);
}

static void DrawDownloadLog(Graphics& g, RECT rc) {
    const float x = 28.0f;
    const float w = 438.0f;
    const float h = 150.0f;
    float y = static_cast<float>(rc.bottom) - h - 72.0f;
    if (y < 410.0f) y = 410.0f;
    DrawPanel(g, RectF(x, y, w, h));

    FontFamily family(L"Segoe UI");
    Font titleFont(&family, 13.0f, FontStyleBold, UnitPixel);
    Font lineFont(&family, 11.0f, FontStyleRegular, UnitPixel);
    SolidBrush titleBrush(Color(255, 238, 239, 244));
    SolidBrush textBrush(Color(255, 191, 194, 202));
    g.DrawString(L"Лог загрузки", -1, &titleFont, RectF(x + 14, y + 10, w - 28, 20), nullptr, &titleBrush);

    std::vector<std::wstring> lines;
    {
        std::lock_guard<std::mutex> lock(g_logMutex);
        lines = g_logLines;
    }
    const size_t visible = std::min<size_t>(7, lines.size());
    const size_t start = lines.size() - visible;
    float lineY = y + 36.0f;
    for (size_t i = start; i < lines.size(); ++i) {
        g.DrawString(lines[i].c_str(), -1, &lineFont, RectF(x + 14, lineY, w - 28, 16), nullptr, &textBrush);
        lineY += 15.0f;
    }
}

static void DrawProgressBar(Graphics& g, RECT rc) {
    const float x = 28.0f;
    const float y = static_cast<float>(rc.bottom - 46);
    const float width = static_cast<float>(rc.right) - 56.0f;
    const float height = 16.0f;
    if (width < 80.0f) return;

    GraphicsPath bgPath;
    AddRoundedRect(bgPath, RectF(x, y, width, height), 6.0f);
    SolidBrush bgBrush(Color(255, 42, 42, 46));
    g.FillPath(&bgBrush, &bgPath);

    const int percent = std::max(0, std::min(100, g_progressPercent.load()));
    const float fillW = width * percent / 100.0f;
    if (fillW > 0.5f) {
        GraphicsPath fillPath;
        AddRoundedRect(fillPath, RectF(x, y, fillW, height), 6.0f);
        SolidBrush fillBrush(Color(255, 128, 128, 140));
        g.FillPath(&fillBrush, &fillPath);
    }

    FontFamily family(L"Segoe UI");
    Font font(&family, 11.0f, FontStyleBold, UnitPixel);
    SolidBrush textBrush(Color(255, 235, 235, 240));
    StringFormat fmt;
    fmt.SetAlignment(StringAlignmentCenter);
    fmt.SetLineAlignment(StringAlignmentCenter);
    std::wstring label = std::to_wstring(percent) + L"%";
    g.DrawString(label.c_str(), -1, &font, RectF(x, y - 1, width, height + 2), &fmt, &textBrush);
}

namespace TileUi {
    static void AddRoundedRect(GraphicsPath& path, const RectF& rect, float radius) {
        float diameter = radius * 2.0f;
        if (diameter > rect.Width) diameter = rect.Width;
        if (diameter > rect.Height) diameter = rect.Height;
        if (diameter <= 0.5f) { path.AddRectangle(rect); return; }
        path.AddArc(rect.X, rect.Y, diameter, diameter, 180.0f, 90.0f);
        path.AddArc(rect.GetRight() - diameter, rect.Y, diameter, diameter, 270.0f, 90.0f);
        path.AddArc(rect.GetRight() - diameter, rect.GetBottom() - diameter, diameter, diameter, 0.0f, 90.0f);
        path.AddArc(rect.X, rect.GetBottom() - diameter, diameter, diameter, 90.0f, 90.0f);
        path.CloseFigure();
    }

    static void DrawCard(HDC hdc, const RECT& r, float radius, COLORREF top, COLORREF bottom,
                         COLORREF border, bool highlight, BYTE fillAlpha, BYTE borderAlpha) {
        Graphics graphics(hdc);
        graphics.SetSmoothingMode(SmoothingModeAntiAlias);
        graphics.SetPixelOffsetMode(PixelOffsetModeHalf);
        RectF bounds(static_cast<REAL>(r.left) + 0.5f, static_cast<REAL>(r.top) + 0.5f,
                     static_cast<REAL>(r.right - r.left) - 1.0f, static_cast<REAL>(r.bottom - r.top) - 1.0f);
        if (bounds.Width <= 1.0f || bounds.Height <= 1.0f) return;
        GraphicsPath path;
        AddRoundedRect(path, bounds, radius);
        LinearGradientBrush fillBrush(PointF(bounds.X, bounds.Y), PointF(bounds.X, bounds.GetBottom()),
            Color(fillAlpha, GetRValue(top), GetGValue(top), GetBValue(top)),
            Color(fillAlpha, GetRValue(bottom), GetGValue(bottom), GetBValue(bottom)));
        graphics.FillPath(&fillBrush, &path);
        if (highlight) {
            RectF inner(bounds.X + 1, bounds.Y + 1, bounds.Width - 2, bounds.Height - 2);
            if (inner.Width > 2 && inner.Height > 2) {
                GraphicsPath innerPath;
                AddRoundedRect(innerPath, inner, radius > 1 ? radius - 1 : radius);
                LinearGradientBrush hb(PointF(inner.X, inner.Y), PointF(inner.X, inner.GetBottom()),
                    Color(24, 205, 175, 255), Color(0, 205, 175, 255));
                Pen hp(&hb, 1.0f);
                graphics.DrawPath(&hp, &innerPath);
            }
        }
        Pen borderPen(Color(borderAlpha, GetRValue(border), GetGValue(border), GetBValue(border)), 1.0f);
        graphics.DrawPath(&borderPen, &path);
    }
}

namespace TileIcons
{
    static const unsigned char kEverything[] =
    {
        0x89, 0x50, 0x4E, 0x47, 0x0D, 0x0A, 0x1A, 0x0A, 0x00, 0x00, 0x00, 0x0D, 0x49, 0x48, 0x44, 0x52,
        0x00, 0x00, 0x00, 0x20, 0x00, 0x00, 0x00, 0x20, 0x08, 0x06, 0x00, 0x00, 0x00, 0x73, 0x7A, 0x7A,
        0xF4, 0x00, 0x00, 0x00, 0xCD, 0x49, 0x44, 0x41, 0x54, 0x78, 0xDA, 0xED, 0x56, 0x41, 0x0E, 0xC4,
        0x20, 0x08, 0xC4, 0xC6, 0x7F, 0xA3, 0x2F, 0xB7, 0xA7, 0x4D, 0x5C, 0x53, 0x85, 0x29, 0x50, 0x37,
        0x9B, 0x9A, 0xF4, 0x50, 0x6D, 0x19, 0x18, 0x90, 0x81, 0x68, 0xF3, 0x4A, 0x96, 0x9F, 0x0B, 0x51,
        0x13, 0xCE, 0x45, 0xFB, 0xD9, 0x02, 0xCC, 0xF2, 0xA7, 0x4D, 0x72, 0x24, 0x05, 0x01, 0x7F, 0xAD,
        0x0A, 0x30, 0xB2, 0x04, 0x6F, 0xC6, 0x47, 0x4A, 0x59, 0x28, 0xF8, 0xCC, 0x89, 0xEC, 0x51, 0xC9,
        0x75, 0x78, 0x67, 0xCF, 0x6B, 0x52, 0x84, 0x68, 0xAE, 0x68, 0xFD, 0xEC, 0x6B, 0x58, 0xC8, 0x96,
        0xA8, 0x67, 0x45, 0xD5, 0xED, 0x37, 0x8E, 0x88, 0x1E, 0x29, 0x26, 0xC9, 0xC6, 0xB1, 0xBB, 0x13,
        0x1E, 0x9E, 0xD4, 0xCF, 0xD2, 0x51, 0x3D, 0x1D, 0xD8, 0xCE, 0xC0, 0xEB, 0x00, 0x2B, 0x54, 0x70,
        0xBC, 0x05, 0xFC, 0xCB, 0x0C, 0x84, 0xF6, 0x82, 0x12, 0xD9, 0x09, 0x79, 0xA1, 0xF7, 0x88, 0x6C,
        0x9B, 0xC4, 0x88, 0x87, 0xC1, 0x43, 0x23, 0x46, 0x50, 0x1F, 0xF1, 0x94, 0x61, 0xB8, 0x8D, 0xFF,
        0x15, 0x78, 0x59, 0x80, 0x27, 0xF4, 0xDE, 0x56, 0x60, 0xF0, 0xD0, 0xCC, 0x82, 0x19, 0x05, 0x1F,
        0x8C, 0x99, 0xC7, 0x72, 0x35, 0xED, 0xB7, 0x07, 0xCA, 0x17, 0xDC, 0x22, 0x46, 0xE8, 0xF0, 0xE1,
        0xEA, 0xC0, 0x13, 0xE0, 0xD3, 0x34, 0x44, 0xD3, 0x7E, 0xD9, 0x07, 0x7A, 0xD0, 0xC7, 0x22, 0x27,
        0xA2, 0x13, 0x0D, 0x1D, 0x80, 0x72, 0x31, 0xFC, 0xB6, 0x83, 0x00, 0x00, 0x00, 0x00, 0x49, 0x45,
        0x4E, 0x44, 0xAE, 0x42, 0x60, 0x82,
    };

    static const unsigned char kUsbDeview[] =
    {
        0x89, 0x50, 0x4E, 0x47, 0x0D, 0x0A, 0x1A, 0x0A, 0x00, 0x00, 0x00, 0x0D, 0x49, 0x48, 0x44, 0x52,
        0x00, 0x00, 0x00, 0x20, 0x00, 0x00, 0x00, 0x20, 0x08, 0x06, 0x00, 0x00, 0x00, 0x73, 0x7A, 0x7A,
        0xF4, 0x00, 0x00, 0x00, 0xC1, 0x49, 0x44, 0x41, 0x54, 0x78, 0xDA, 0xED, 0x55, 0xD1, 0x0A, 0xC4,
        0x20, 0x0C, 0xB3, 0x87, 0x1F, 0x9E, 0xFB, 0xF2, 0xEC, 0x61, 0xC7, 0xD1, 0x3B, 0x6A, 0xD5, 0xB5,
        0xDB, 0x60, 0x18, 0x28, 0x88, 0xD3, 0x26, 0x8B, 0xAD, 0x96, 0xB2, 0xB0, 0xB0, 0x70, 0x33, 0x24,
        0xB8, 0x9F, 0xD1, 0x5C, 0x12, 0x20, 0xB4, 0xE8, 0xA7, 0x45, 0xD4, 0x29, 0x62, 0x4D, 0xF8, 0xFE,
        0x44, 0x10, 0x75, 0x88, 0x9C, 0x0D, 0xBF, 0x70, 0x7E, 0x0D, 0xEC, 0xE4, 0xD2, 0x5C, 0x1F, 0xAE,
        0x81, 0x1A, 0x14, 0x2B, 0x59, 0x0E, 0xD0, 0x98, 0xD7, 0x7F, 0x9F, 0xD5, 0x2D, 0x62, 0x39, 0x40,
        0x83, 0x9E, 0xE9, 0x0D, 0xCF, 0x9F, 0xBC, 0xE2, 0x1F, 0x01, 0x55, 0xA5, 0xDB, 0x0E, 0x45, 0x7D,
        0xF8, 0x8E, 0x76, 0xAB, 0x51, 0xEE, 0x01, 0xBC, 0x22, 0x44, 0x63, 0x0E, 0xC7, 0xC9, 0x8C, 0xB1,
        0x54, 0x67, 0x71, 0x66, 0xCB, 0xF1, 0x9F, 0xD8, 0x5A, 0xA0, 0xC3, 0x4E, 0x02, 0xF7, 0x7B, 0x4F,
        0x80, 0xB9, 0xEF, 0xA5, 0x14, 0xE9, 0xE8, 0x59, 0xC9, 0x03, 0xED, 0x2E, 0x9E, 0x80, 0xB1, 0x24,
        0x70, 0x1E, 0x26, 0xDB, 0x49, 0x8E, 0x5E, 0x44, 0x73, 0x76, 0xC2, 0x29, 0xD4, 0xC9, 0x17, 0x52,
        0x42, 0x1D, 0x8D, 0xA1, 0xCA, 0x3F, 0x45, 0x40, 0xFB, 0x18, 0x70, 0xAD, 0x80, 0xBE, 0xA0, 0x7C,
        0x8E, 0x85, 0x85, 0x87, 0x61, 0x03, 0xBF, 0xF9, 0x3A, 0x20, 0x26, 0xC6, 0x39, 0xCA, 0x00, 0x00,
        0x00, 0x00, 0x49, 0x45, 0x4E, 0x44, 0xAE, 0x42, 0x60, 0x82,
    };

    static const unsigned char kUsbDriveLog[] =
    {
        0x89, 0x50, 0x4E, 0x47, 0x0D, 0x0A, 0x1A, 0x0A, 0x00, 0x00, 0x00, 0x0D, 0x49, 0x48, 0x44, 0x52,
        0x00, 0x00, 0x00, 0x20, 0x00, 0x00, 0x00, 0x20, 0x08, 0x06, 0x00, 0x00, 0x00, 0x73, 0x7A, 0x7A,
        0xF4, 0x00, 0x00, 0x08, 0xC1, 0x49, 0x44, 0x41, 0x54, 0x78, 0xDA, 0xCD, 0x97, 0x6B, 0x6C, 0x9E,
        0x65, 0x19, 0xC7, 0x7F, 0xF7, 0x73, 0x7C, 0xCF, 0x3D, 0xBC, 0xEF, 0xDB, 0x6E, 0x5D, 0xDB, 0x75,
        0x5D, 0xDB, 0x75, 0x83, 0x8D, 0x8D, 0x09, 0x88, 0x0C, 0xED, 0xC6, 0x36, 0x0D, 0x0B, 0x08, 0x3A,
        0xD8, 0x10, 0x62, 0x30, 0x24, 0x62, 0xA2, 0x21, 0x21, 0xFA, 0xD1, 0x0F, 0x24, 0x9A, 0x90, 0xF8,
        0x81, 0x2F, 0x1A, 0x8C, 0x09, 0xC6, 0x44, 0x31, 0x88, 0x8A, 0x1B, 0x98, 0x4D, 0x1D, 0x06, 0x41,
        0x02, 0x84, 0xAD, 0x03, 0x61, 0xE0, 0x4A, 0xC7, 0x58, 0xD7, 0x95, 0xF5, 0xF0, 0xB6, 0x5D, 0xDB,
        0xF7, 0xF4, 0x1C, 0xEE, 0x83, 0x1F, 0xBA, 0xCD, 0x2D, 0x60, 0x6C, 0x9A, 0x98, 0x78, 0x7D, 0x7A,
        0x3E, 0x3C, 0xCF, 0x75, 0xFD, 0xEF, 0xEB, 0xFF, 0xFF, 0x5F, 0xD7, 0x73, 0x0B, 0x96, 0x18, 0x63,
        0x87, 0xBF, 0x6D, 0x83, 0x1A, 0x70, 0x44, 0x74, 0x7D, 0x2D, 0x34, 0x5B, 0x44, 0xAA, 0x6D, 0xAB,
        0xEB, 0x25, 0xF4, 0x88, 0xBB, 0xCB, 0x76, 0x6C, 0xE5, 0x76, 0xA4, 0xC6, 0x9D, 0x94, 0xA7, 0xDB,
        0x85, 0xAC, 0x12, 0x47, 0x35, 0x74, 0x1C, 0xE2, 0x9A, 0x0A, 0xC1, 0xC2, 0xE4, 0x82, 0xD1, 0x41,
        0x5D, 0x45, 0xF3, 0x33, 0x26, 0xAA, 0x4C, 0x23, 0x6B, 0x53, 0x46, 0x85, 0x53, 0x99, 0xB4, 0x77,
        0xB8, 0x70, 0xD7, 0xAB, 0x87, 0x9C, 0xA5, 0x14, 0x2F, 0xBF, 0xF9, 0xFD, 0x47, 0xCB, 0x73, 0x73,
        0x7B, 0x42, 0xAF, 0x73, 0x73, 0x90, 0xEE, 0xCB, 0xCF, 0xEB, 0x26, 0x9C, 0x64, 0x13, 0x7D, 0xFD,
        0x9B, 0xF4, 0xD4, 0xC9, 0x93, 0x56, 0x69, 0xBA, 0x84, 0xB1, 0x7A, 0xE9, 0x5E, 0xD5, 0x4B, 0x36,
        0x97, 0x24, 0xE9, 0x80, 0x30, 0x60, 0x6B, 0x4D, 0xA2, 0x36, 0x9B, 0x0B, 0xEB, 0x0B, 0xB9, 0xFA,
        0xC2, 0x44, 0x6B, 0x58, 0xBD, 0x80, 0x56, 0x21, 0xA5, 0xC9, 0x09, 0xDE, 0x7B, 0xE3, 0xC5, 0x9B,
        0x80, 0xA5, 0x01, 0x08, 0xAA, 0xB5, 0x27, 0x4C, 0xFF, 0xA3, 0xD4, 0xAA, 0x11, 0x0A, 0x87, 0x0D,
        0x3D, 0x6B, 0x89, 0x82, 0x50, 0xCF, 0xCD, 0x5D, 0x60, 0x72, 0x72, 0x1C, 0xDF, 0xB1, 0x79, 0xFA,
        0x57, 0x4F, 0xF1, 0xAD, 0x87, 0x1F, 0x26, 0xAC, 0xE6, 0xC8, 0x64, 0x32, 0x34, 0x36, 0x36, 0x22,
        0x6C, 0x8B, 0x64, 0xB6, 0x40, 0x22, 0x5B, 0x20, 0x53, 0xEC, 0x06, 0x03, 0x13, 0x53, 0x33, 0x9C,
        0x9F, 0x7C, 0x87, 0xA1, 0xF1, 0x37, 0x25, 0xC0, 0x92, 0x00, 0x60, 0x81, 0xF1, 0x0A, 0xA8, 0xF9,
        0x73, 0xF4, 0xAF, 0xEF, 0xD5, 0x33, 0x33, 0xD3, 0x48, 0xAD, 0x50, 0xB1, 0x61, 0x64, 0x64, 0xD4,
        0xD4, 0xAA, 0x0B, 0x62, 0xFB, 0xF6, 0xED, 0xCC, 0xCD, 0x5D, 0x20, 0x95, 0x4C, 0xF2, 0xDE, 0xC9,
        0x0F, 0x49, 0xE7, 0x1A, 0x68, 0x6F, 0x5B, 0x41, 0x4B, 0x73, 0x0E, 0x01, 0x38, 0x02, 0xE6, 0x6B,
        0x21, 0xED, 0x2B, 0xF2, 0x1C, 0xBB, 0x22, 0xF5, 0x92, 0x00, 0xC8, 0x30, 0x22, 0x88, 0x6A, 0x8C,
        0x8D, 0x4F, 0x50, 0x6C, 0x69, 0x65, 0x78, 0x6C, 0x46, 0x0C, 0x0E, 0x1E, 0x17, 0x7B, 0x76, 0x6C,
        0xD3, 0xED, 0x1D, 0xED, 0xC2, 0x77, 0x6D, 0x0E, 0x1C, 0x38, 0xC0, 0xBE, 0xFD, 0xFB, 0x91, 0xCA,
        0x50, 0xAD, 0x56, 0x58, 0x28, 0x2F, 0x70, 0x76, 0xE4, 0x0C, 0xD5, 0x7A, 0x48, 0x3D, 0x08, 0x09,
        0x22, 0x49, 0x77, 0xDF, 0x35, 0xEC, 0xB9, 0x75, 0xD3, 0x55, 0xB9, 0x97, 0x04, 0x20, 0x8A, 0x43,
        0x30, 0x10, 0x45, 0x11, 0x71, 0x24, 0x39, 0x33, 0x56, 0x12, 0x2B, 0x3B, 0xD6, 0x10, 0x85, 0x11,
        0xE3, 0xE7, 0xCF, 0x9B, 0x28, 0x0C, 0xC5, 0x6D, 0x3B, 0x77, 0x60, 0x8C, 0xC0, 0x18, 0xC3, 0x9A,
        0xEE, 0x6E, 0xFC, 0x44, 0x12, 0x21, 0x2C, 0x94, 0x36, 0x54, 0x83, 0x88, 0x72, 0x2D, 0x24, 0x93,
        0xCD, 0x7E, 0x22, 0xF7, 0x12, 0x3B, 0x10, 0xA0, 0xA4, 0x21, 0x8C, 0x62, 0xC2, 0x28, 0xA2, 0xB3,
        0xB5, 0xD9, 0x34, 0x67, 0x1C, 0x13, 0x4B, 0x49, 0xBE, 0x50, 0x14, 0x99, 0xA4, 0xC7, 0x81, 0x03,
        0x07, 0xD9, 0x7B, 0xCF, 0x3E, 0xB4, 0x31, 0x4C, 0x4D, 0x4C, 0x92, 0xCE, 0xE4, 0xE8, 0xE8, 0x68,
        0xA3, 0xA5, 0x39, 0x47, 0x3D, 0x8C, 0x49, 0xFA, 0x2E, 0xF5, 0x50, 0x2E, 0x0F, 0x40, 0x58, 0x0F,
        0x41, 0x2B, 0xA4, 0x8C, 0x09, 0x42, 0x89, 0x8C, 0x23, 0xFE, 0xFC, 0xCA, 0x71, 0x6B, 0xDB, 0x67,
        0xAE, 0xD3, 0xE7, 0x46, 0x47, 0x71, 0x2C, 0xD8, 0xB1, 0xF3, 0x36, 0x84, 0x10, 0x28, 0xAD, 0xA9,
        0xD5, 0xAA, 0x94, 0xCB, 0x65, 0x46, 0x47, 0xCF, 0x52, 0x0D, 0x16, 0x29, 0x08, 0x43, 0x49, 0xD7,
        0xBA, 0x6B, 0xB8, 0x63, 0x39, 0x14, 0xC4, 0x51, 0x00, 0x32, 0x42, 0x46, 0x8A, 0x28, 0x8E, 0x38,
        0x35, 0x36, 0x2D, 0x9A, 0x5B, 0xDB, 0x51, 0x4A, 0x51, 0x28, 0x16, 0x29, 0x36, 0xE7, 0xF8, 0xFD,
        0x1F, 0x0E, 0xB2, 0x77, 0xEF, 0x3D, 0x68, 0x0D, 0xED, 0x9D, 0x6B, 0x48, 0x24, 0x93, 0x08, 0xCB,
        0x46, 0x5F, 0x41, 0x41, 0x3A, 0xB3, 0x4C, 0x0A, 0xA2, 0xA0, 0x8E, 0xA5, 0x34, 0x71, 0x1C, 0x11,
        0x07, 0x21, 0x2B, 0xF2, 0x59, 0xD3, 0x94, 0xB0, 0x4D, 0x14, 0x46, 0x8C, 0x8D, 0x9E, 0x33, 0xB3,
        0xD3, 0xAE, 0xD8, 0xB1, 0x63, 0x27, 0xCA, 0x18, 0xB4, 0xD6, 0xCC, 0x4E, 0x4D, 0x92, 0xCE, 0xE6,
        0x68, 0x5B, 0xD5, 0x46, 0xBE, 0x31, 0x47, 0x10, 0xC6, 0x24, 0x7C, 0x97, 0x5A, 0x28, 0x31, 0xCB,
        0x01, 0x10, 0x04, 0x21, 0x5E, 0x2C, 0x89, 0x64, 0x4C, 0x20, 0x63, 0x4C, 0x1C, 0xF3, 0xFA, 0xD0,
        0x3F, 0xAD, 0xAD, 0x1B, 0x7A, 0x75, 0xBE, 0x50, 0x10, 0x5D, 0xAB, 0xDB, 0x78, 0xF6, 0xB7, 0xCF,
        0xF1, 0x95, 0xBD, 0xF7, 0x22, 0xB5, 0xA6, 0x5E, 0xAB, 0x52, 0xA9, 0x94, 0x39, 0x37, 0x3A, 0x4A,
        0x35, 0x08, 0xA8, 0xD7, 0x17, 0x5D, 0xD0, 0xD1, 0xB3, 0x81, 0x3B, 0xB7, 0x6F, 0x5E, 0x5E, 0x07,
        0x1C, 0xA5, 0x90, 0xB1, 0x46, 0x46, 0x92, 0x91, 0xA9, 0x39, 0xD1, 0xD0, 0xB4, 0x02, 0xA9, 0x34,
        0xD3, 0xD3, 0x25, 0xCA, 0x0B, 0x73, 0x7C, 0x61, 0xFB, 0x00, 0x71, 0x2C, 0x31, 0xC6, 0xD0, 0xD6,
        0xBE, 0x1A, 0x3F, 0x91, 0x04, 0xCB, 0x41, 0x29, 0x4D, 0x35, 0x88, 0xA9, 0xD4, 0x43, 0x52, 0xE9,
        0x0C, 0x52, 0x7D, 0x62, 0xC4, 0x2C, 0x41, 0x84, 0x61, 0x88, 0x54, 0x1A, 0xAD, 0x14, 0xB1, 0x94,
        0xB4, 0x34, 0xA5, 0xCD, 0xEA, 0x7C, 0x42, 0xEB, 0x58, 0xD2, 0xD0, 0x90, 0xA7, 0xB7, 0xA7, 0x9B,
        0x97, 0x5F, 0x7A, 0x19, 0x03, 0x48, 0x65, 0x98, 0x9E, 0x2E, 0x71, 0xE1, 0xC2, 0x1C, 0xAE, 0xEB,
        0xB2, 0xB2, 0x35, 0x4F, 0xFB, 0xCA, 0x3C, 0x9B, 0xFB, 0x3B, 0xE9, 0x6C, 0x6D, 0x40, 0x9A, 0xE5,
        0xB8, 0x20, 0xAC, 0x93, 0xD6, 0x12, 0x29, 0x25, 0xB1, 0x96, 0x98, 0x58, 0xF2, 0xF6, 0x47, 0xA3,
        0xD6, 0xB5, 0x3D, 0x1D, 0xFA, 0xC2, 0x85, 0x12, 0x41, 0x7D, 0x81, 0x81, 0x1D, 0x03, 0x28, 0xAD,
        0xD1, 0x46, 0x13, 0x06, 0x55, 0xAA, 0xD5, 0x32, 0x1F, 0x7F, 0x3C, 0x4A, 0xB5, 0x1E, 0x2C, 0x0E,
        0xA2, 0x50, 0xD2, 0xD6, 0xDD, 0xCF, 0x97, 0x3E, 0xBF, 0x75, 0x19, 0x2E, 0xA8, 0x87, 0x18, 0x0C,
        0x4A, 0x2B, 0x54, 0x2C, 0xF9, 0x78, 0xB6, 0x2C, 0xB2, 0x8D, 0x79, 0x8C, 0x56, 0xE4, 0xF3, 0x2D,
        0xAC, 0x5A, 0x99, 0xE7, 0xE0, 0x0B, 0x87, 0xD8, 0x75, 0xFB, 0x9D, 0x48, 0x65, 0x28, 0xAC, 0x68,
        0xC7, 0x4F, 0xA4, 0x00, 0x81, 0xD4, 0x50, 0x0F, 0x62, 0x2A, 0x41, 0x48, 0x32, 0x95, 0x41, 0x2A,
        0xFD, 0x9F, 0x01, 0x14, 0x0A, 0x85, 0xCD, 0x0D, 0x8D, 0x8D, 0x7F, 0xF5, 0x3C, 0xFF, 0x84, 0xEB,
        0x38, 0x87, 0x3D, 0xCF, 0x3B, 0x3C, 0x38, 0x78, 0xEC, 0xFD, 0x30, 0x0C, 0xD0, 0x06, 0xB4, 0x5E,
        0xA4, 0xA1, 0x90, 0x4B, 0x98, 0x06, 0xCF, 0x18, 0x15, 0x6B, 0x4A, 0xA5, 0x09, 0x6A, 0xD5, 0x79,
        0x06, 0x76, 0x0C, 0x80, 0x10, 0x18, 0x6D, 0x98, 0x9B, 0x9D, 0x21, 0x91, 0x8A, 0x29, 0x14, 0x8B,
        0x14, 0x72, 0x19, 0xC2, 0x48, 0xE2, 0x7B, 0x0E, 0xF5, 0x30, 0x06, 0x6D, 0x3E, 0x1D, 0x40, 0x2E,
        0x97, 0xCB, 0x7A, 0x9E, 0xFF, 0xEB, 0x30, 0x88, 0xF2, 0x61, 0x10, 0x0D, 0x00, 0x03, 0x96, 0x65,
        0xFD, 0xA8, 0xBF, 0x7F, 0xFD, 0xC8, 0x9F, 0x86, 0xEB, 0x7C, 0xEE, 0xBD, 0x77, 0x89, 0xE3, 0x18,
        0x25, 0x15, 0x28, 0xC9, 0xC9, 0x33, 0x13, 0x56, 0x5F, 0xC7, 0x0A, 0xDD, 0x98, 0x6F, 0xA5, 0x6B,
        0x55, 0x81, 0x83, 0x2F, 0x1C, 0x62, 0xFB, 0xEE, 0x3D, 0x48, 0xAD, 0x89, 0x82, 0x1A, 0xB5, 0x5A,
        0x85, 0x89, 0xF3, 0xE7, 0xA8, 0x05, 0x01, 0xB5, 0x8B, 0x2E, 0x68, 0x5D, 0xBD, 0x8E, 0xDD, 0xDB,
        0xB6, 0x7C, 0x12, 0x40, 0x2E, 0x97, 0xB3, 0x12, 0x89, 0xC4, 0x13, 0x96, 0x65, 0x6D, 0x00, 0x50,
        0x5A, 0x81, 0x31, 0x28, 0x25, 0x58, 0x28, 0xCB, 0xAE, 0xBF, 0x0F, 0x5B, 0xBC, 0xFA, 0xC3, 0xC7,
        0xF0, 0x7D, 0x8F, 0x8D, 0x9B, 0x36, 0x8B, 0x7C, 0x7B, 0x9F, 0xE8, 0x58, 0xD3, 0x83, 0x34, 0x9A,
        0xB9, 0x99, 0x49, 0x4E, 0x5D, 0xD4, 0x80, 0x65, 0xDB, 0x00, 0x34, 0x16, 0xDB, 0xF0, 0xFD, 0x14,
        0x58, 0xF6, 0xA2, 0x2D, 0x83, 0x98, 0x4A, 0x10, 0xE1, 0x27, 0x53, 0x48, 0xF9, 0x29, 0x22, 0xB4,
        0x6D, 0xE7, 0x3E, 0xCF, 0xF3, 0x1F, 0xBA, 0xD4, 0x1C, 0xA3, 0x35, 0x20, 0x10, 0x02, 0x30, 0x80,
        0x00, 0x63, 0x0C, 0xF3, 0xF3, 0xF3, 0x0C, 0x1E, 0x3B, 0x2A, 0x38, 0x76, 0x14, 0xC7, 0x75, 0xE8,
        0xEA, 0xEA, 0xB6, 0x1A, 0x1A, 0x1B, 0xE3, 0x8E, 0xAE, 0xB5, 0xF5, 0x85, 0x5A, 0x94, 0xEB, 0xDB,
        0xB0, 0x91, 0xC6, 0x7C, 0x0B, 0xE9, 0x54, 0x1A, 0xCB, 0xB6, 0xB0, 0xAC, 0x45, 0x93, 0x05, 0xB1,
        0xA4, 0xD3, 0xB1, 0x31, 0xC6, 0xA0, 0xF5, 0xD5, 0x3E, 0x74, 0xB2, 0xD9, 0xEC, 0xDA, 0x54, 0x2A,
        0xFD, 0x63, 0x03, 0x42, 0x20, 0xD0, 0x5A, 0xB3, 0x58, 0x59, 0x00, 0x20, 0x84, 0xC0, 0x60, 0x88,
        0xA2, 0x08, 0xCF, 0x4F, 0x60, 0x80, 0x7C, 0xBE, 0xC0, 0xCC, 0xCC, 0x34, 0xA7, 0x4E, 0x0D, 0x03,
        0xB8, 0xC7, 0x07, 0x8F, 0xBA, 0xE9, 0x54, 0x7A, 0xBE, 0xAD, 0xBD, 0xA3, 0x74, 0xDD, 0x96, 0xAD,
        0x4D, 0x9B, 0xB6, 0xDC, 0x68, 0xAD, 0x58, 0xD5, 0xD6, 0xD0, 0xD4, 0x5C, 0xB0, 0x92, 0xA9, 0x14,
        0x8E, 0xE3, 0x60, 0x84, 0xC0, 0xB2, 0x2C, 0x84, 0x75, 0xB5, 0xEE, 0x1D, 0xDB, 0xB6, 0x1F, 0x33,
        0x46, 0x35, 0x09, 0x61, 0x61, 0xCC, 0x62, 0x41, 0xEB, 0xD2, 0xF3, 0xC5, 0x97, 0x94, 0x52, 0x8B,
        0x1F, 0x5F, 0x4C, 0xD2, 0xBD, 0x76, 0x2D, 0x5D, 0xDD, 0x8B, 0xEB, 0x78, 0x6C, 0xEC, 0x1C, 0xB5,
        0x6A, 0x95, 0x72, 0xA5, 0xD2, 0x30, 0x3C, 0x74, 0xB2, 0x61, 0xF8, 0x83, 0x21, 0x0E, 0x3E, 0xF7,
        0xAC, 0x2C, 0x14, 0x5B, 0xCE, 0xF4, 0xF6, 0xF5, 0xC7, 0x7D, 0xEB, 0xAF, 0x35, 0x3D, 0x7D, 0xFD,
        0xCD, 0x8D, 0xCD, 0xCD, 0xAD, 0x99, 0x4C, 0x8E, 0x5C, 0xAE, 0x91, 0x6A, 0xBD, 0xCA, 0xF0, 0xF0,
        0x50, 0x04, 0x20, 0x1A, 0x1A, 0x1A, 0x4E, 0x08, 0x21, 0xAE, 0x15, 0x42, 0xE0, 0x38, 0x0E, 0x8E,
        0xE3, 0x60, 0x59, 0xF6, 0xE5, 0x0E, 0x18, 0x20, 0x8A, 0x42, 0x52, 0xA9, 0x14, 0x96, 0x2D, 0x90,
        0xB1, 0x26, 0x5F, 0x28, 0xB0, 0x6E, 0x5D, 0x3F, 0x33, 0x33, 0xD3, 0xB4, 0xB4, 0xB6, 0x52, 0x9A,
        0x9A, 0x42, 0x6B, 0x45, 0x18, 0x84, 0xCC, 0xCE, 0xCE, 0x52, 0x5E, 0x58, 0xB8, 0x7C, 0x42, 0x21,
        0x04, 0xDD, 0xDD, 0x5D, 0x2F, 0xDF, 0xB1, 0xF7, 0xFE, 0x67, 0x1C, 0xDB, 0xDD, 0x68, 0xBB, 0xEE,
        0xBA, 0xB7, 0x8E, 0xBE, 0x36, 0xF8, 0xF4, 0x53, 0x3F, 0x7D, 0x22, 0x36, 0x4C, 0x8B, 0x7C, 0x3E,
        0x7F, 0xDC, 0x71, 0xDC, 0xEB, 0xB5, 0x56, 0x28, 0xA5, 0x16, 0x29, 0x00, 0x1C, 0xC7, 0xC1, 0x75,
        0x5D, 0xA4, 0x94, 0x78, 0x7E, 0x02, 0xC7, 0x71, 0xC8, 0x17, 0x52, 0xF8, 0x09, 0x9B, 0x44, 0xC2,
        0x61, 0x74, 0x64, 0x8E, 0x30, 0x54, 0x64, 0xB3, 0x59, 0x3A, 0x3A, 0x3B, 0xF9, 0xE8, 0xF4, 0x69,
        0xB4, 0x56, 0xE4, 0x0B, 0x45, 0x7C, 0xDF, 0xA3, 0x5A, 0xA9, 0x32, 0x35, 0x35, 0x89, 0xEB, 0xBA,
        0xAC, 0xEB, 0xED, 0xF9, 0xE3, 0x5F, 0x8E, 0x1C, 0xB9, 0x13, 0xE0, 0x17, 0xBF, 0x79, 0xDE, 0xFE,
        0xC6, 0xFE, 0x2F, 0x5F, 0x16, 0x82, 0xC8, 0x64, 0x32, 0x4F, 0xA6, 0x52, 0xA9, 0x7B, 0x0D, 0xE4,
        0x31, 0xE6, 0xF2, 0xA9, 0xB5, 0x56, 0x68, 0xA5, 0x91, 0x4A, 0x91, 0x48, 0x24, 0xF0, 0x5C, 0x0F,
        0xCB, 0xB6, 0x2F, 0xD3, 0xA0, 0x95, 0xBE, 0xBC, 0xD9, 0x8C, 0xF9, 0xB7, 0xB7, 0x2F, 0xD1, 0x76,
        0x51, 0xBB, 0xF8, 0xAE, 0xE0, 0x7B, 0xDF, 0x7D, 0xE4, 0x6C, 0x67, 0x47, 0xFB, 0x4F, 0x82, 0xA0,
        0x7E, 0xE8, 0xAB, 0xFB, 0x1E, 0x3C, 0x79, 0xA5, 0x06, 0x84, 0x10, 0xA2, 0xD1, 0x18, 0xD3, 0xE9,
        0x79, 0xDE, 0xAD, 0xBE, 0xEF, 0xEF, 0xF4, 0x7D, 0xFF, 0x06, 0x21, 0x44, 0xDB, 0xA5, 0x5C, 0x71,
        0x1C, 0x63, 0xDB, 0x36, 0x4A, 0x6B, 0x8C, 0x31, 0xD8, 0xB6, 0x8D, 0xEB, 0xBA, 0xB8, 0xAE, 0x8B,
        0x10, 0x36, 0x06, 0xC3, 0x22, 0xF0, 0xAB, 0x2C, 0x73, 0x11, 0x85, 0xE2, 0xF6, 0x2F, 0x0E, 0x70,
        0xFF, 0xD7, 0xF6, 0x73, 0x72, 0xE8, 0x03, 0xDE, 0x1C, 0x7C, 0x9B, 0x07, 0xEE, 0xDB, 0x7B, 0x5A,
        0xC6, 0xF2, 0xD0, 0xF8, 0xE4, 0xE4, 0xCF, 0x1F, 0x7C, 0xE8, 0x3B, 0xEF, 0x3A, 0xC6, 0x98, 0x39,
        0x60, 0x2E, 0x8A, 0xA2, 0x13, 0x51, 0x14, 0xFD, 0xB2, 0x5C, 0x2E, 0xAF, 0x72, 0x5D, 0xF7, 0x26,
        0xDF, 0xF7, 0x77, 0xFB, 0xBE, 0x7F, 0x93, 0x65, 0x59, 0x6B, 0x2C, 0xCB, 0xB2, 0x6C, 0xDB, 0xBE,
        0xD8, 0x19, 0x4D, 0x18, 0x86, 0x04, 0x41, 0x80, 0x65, 0x59, 0x8B, 0x60, 0xAE, 0xD0, 0x8D, 0xE1,
        0x52, 0x17, 0x0D, 0xF9, 0xA6, 0x2C, 0x77, 0xDF, 0x75, 0x07, 0xB6, 0x63, 0xD3, 0xDB, 0xB3, 0x96,
        0xD6, 0xD6, 0x16, 0x5C, 0xD7, 0x5D, 0x8B, 0xE1, 0x91, 0xBF, 0xBD, 0x33, 0x32, 0x09, 0xBC, 0x7B,
        0xA5, 0x27, 0x0C, 0x50, 0x06, 0x86, 0xE2, 0x38, 0x1E, 0x8A, 0xE3, 0xF8, 0x77, 0x95, 0x4A, 0x65,
        0xA5, 0x6D, 0xDB, 0xEB, 0xFD, 0x44, 0xE2, 0x76, 0xDF, 0xF3, 0x6E, 0x76, 0x5D, 0x77, 0x83, 0x10,
        0xC2, 0x73, 0x1D, 0x67, 0x71, 0xEC, 0x1A, 0x83, 0x8C, 0x63, 0xC2, 0x20, 0xB8, 0x42, 0x37, 0x1E,
        0xB6, 0x63, 0xE3, 0x58, 0x82, 0xFD, 0xF7, 0xDE, 0x4D, 0x26, 0x93, 0xE1, 0xF5, 0xD7, 0xDE, 0xE0,
        0xC3, 0x33, 0x67, 0xF9, 0xFA, 0x03, 0xFB, 0x31, 0xC6, 0x70, 0xE4, 0xAD, 0x0F, 0xCD, 0x78, 0x45,
        0xBD, 0xF6, 0xDF, 0x96, 0x51, 0x0D, 0x38, 0xAD, 0x94, 0x3A, 0x5D, 0xAB, 0x56, 0x8F, 0xD4, 0xAA,
        0xD5, 0xA2, 0x65, 0x59, 0xBD, 0xBE, 0xEF, 0xEF, 0xF2, 0x7C, 0x7F, 0x9B, 0xE7, 0x79, 0x9B, 0x05,
        0x22, 0x67, 0xDB, 0x36, 0x96, 0x7D, 0x69, 0xC8, 0x68, 0xEA, 0xF5, 0x1A, 0x06, 0x43, 0x36, 0x9D,
        0x66, 0x6A, 0xAA, 0x84, 0x94, 0x21, 0x37, 0x6C, 0xDD, 0xC4, 0x96, 0x2D, 0x1B, 0x71, 0x6C, 0x9B,
        0xF9, 0x72, 0x85, 0x57, 0x4F, 0x9C, 0x79, 0xF1, 0xF5, 0x67, 0x9E, 0x7C, 0x05, 0xC0, 0x5E, 0xE2,
        0xD5, 0x50, 0x01, 0x65, 0x63, 0xCC, 0x88, 0x94, 0xF2, 0x95, 0x30, 0x08, 0x5E, 0xA8, 0xD7, 0x6A,
        0xCF, 0x4B, 0x29, 0x87, 0x8D, 0x31, 0xD2, 0xB1, 0xED, 0x9C, 0x80, 0x8C, 0x25, 0x04, 0xB6, 0xE3,
        0x60, 0xDB, 0x0E, 0x71, 0x1C, 0xCB, 0x28, 0x8A, 0x7E, 0xEB, 0x79, 0x9E, 0x28, 0xB6, 0x14, 0x9B,
        0x6D, 0x0B, 0x2B, 0x8E, 0x02, 0x5E, 0xFA, 0xC7, 0x88, 0x1E, 0x9B, 0x28, 0xED, 0x1B, 0x7D, 0xFF,
        0xAD, 0xF1, 0x2B, 0x45, 0xBB, 0xDC, 0x10, 0x40, 0x0E, 0x68, 0xF7, 0x3C, 0xEF, 0xB3, 0x9E, 0xE7,
        0xED, 0xF2, 0x7D, 0xFF, 0x46, 0xDB, 0xB6, 0xBB, 0x7C, 0xDF, 0xFF, 0x59, 0xA9, 0x54, 0x7A, 0x54,
        0xCA, 0xB8, 0x25, 0x99, 0x4C, 0xAE, 0xDB, 0xBA, 0x65, 0xD3, 0xAE, 0x5B, 0x6E, 0xBE, 0xE1, 0x16,
        0xED, 0xA5, 0xDE, 0x7F, 0xFC, 0x07, 0x8F, 0x7F, 0x93, 0xFF, 0x51, 0xA4, 0x81, 0x1E, 0xD7, 0x75,
        0x77, 0x17, 0x8B, 0xC5, 0xAB, 0x7E, 0x81, 0x1D, 0xC7, 0x76, 0x1C, 0xC7, 0x29, 0xF4, 0xF6, 0x74,
        0x3B, 0xFC, 0x3F, 0xC5, 0xBF, 0x00, 0xB1, 0x41, 0x6F, 0xA4, 0x3D, 0x90, 0x90, 0xB4, 0x00, 0x00,
        0x00, 0x00, 0x49, 0x45, 0x4E, 0x44, 0xAE, 0x42, 0x60, 0x82,
    };

    static const unsigned char kRegScanner[] =
    {
        0x89, 0x50, 0x4E, 0x47, 0x0D, 0x0A, 0x1A, 0x0A, 0x00, 0x00, 0x00, 0x0D, 0x49, 0x48, 0x44, 0x52,
        0x00, 0x00, 0x00, 0x20, 0x00, 0x00, 0x00, 0x20, 0x08, 0x06, 0x00, 0x00, 0x00, 0x73, 0x7A, 0x7A,
        0xF4, 0x00, 0x00, 0x02, 0x0E, 0x49, 0x44, 0x41, 0x54, 0x78, 0xDA, 0xC5, 0x57, 0x5B, 0x8E, 0xC3,
        0x20, 0x10, 0xF3, 0x54, 0x7B, 0xAF, 0xF4, 0x66, 0x98, 0x9B, 0xD1, 0x93, 0xCD, 0x7E, 0xF0, 0x1C,
        0x1E, 0x21, 0xDD, 0x44, 0x5A, 0xA4, 0x88, 0x96, 0x90, 0xD8, 0xCC, 0x78, 0x0C, 0x01, 0x1E, 0x6A,
        0x24, 0x15, 0xFF, 0xD5, 0x48, 0xAA, 0xAA, 0x2A, 0x00, 0xFD, 0x3F, 0x70, 0xD5, 0x3F, 0x91, 0x90,
        0xBB, 0xE0, 0xCE, 0x39, 0x48, 0x42, 0x2D, 0xBD, 0xC8, 0xF0, 0xEE, 0x36, 0x45, 0x24, 0xCB, 0xBD,
        0xD7, 0xDD, 0x08, 0x88, 0xF7, 0x16, 0xDC, 0xFB, 0x25, 0x51, 0x02, 0x60, 0x1C, 0xD2, 0xC7, 0x08,
        0x18, 0x12, 0x27, 0xE0, 0x02, 0x40, 0x9D, 0xCB, 0x83, 0x85, 0x84, 0x5C, 0x55, 0x34, 0xC9, 0x7C,
        0x0D, 0xA1, 0xA5, 0x1D, 0x28, 0xEF, 0x5D, 0xA6, 0x28, 0x13, 0x25, 0x47, 0x60, 0x92, 0x8A, 0x28,
        0x26, 0x98, 0x3E, 0x92, 0x52, 0x00, 0xDA, 0x13, 0x24, 0xD9, 0xDE, 0x3F, 0x17, 0xE9, 0x6A, 0x6E,
        0x79, 0xE9, 0x0A, 0xBC, 0x7B, 0x78, 0x12, 0x25, 0xDD, 0x56, 0xCA, 0x6D, 0xF0, 0x3D, 0x89, 0x9D,
        0x51, 0x0D, 0xE0, 0x3F, 0x95, 0xBF, 0x2A, 0x44, 0xA4, 0xED, 0xE9, 0x3D, 0xE8, 0x1C, 0xA6, 0xFD,
        0xC6, 0x01, 0x27, 0x5A, 0x91, 0x35, 0xB3, 0xC9, 0xCA, 0x4D, 0xDE, 0x9A, 0x08, 0x98, 0xFF, 0x80,
        0x0E, 0x73, 0x17, 0x5A, 0x58, 0xB5, 0x58, 0x86, 0xDD, 0xCA, 0xE1, 0x7D, 0x94, 0x71, 0xD3, 0xC3,
        0x39, 0xFB, 0xBF, 0x4B, 0x7C, 0x5F, 0x86, 0x59, 0xD0, 0xDB, 0x34, 0xF5, 0x11, 0xE8, 0x57, 0xBE,
        0x8A, 0xC4, 0x2C, 0x02, 0xAD, 0x3E, 0x4E, 0x45, 0xB7, 0x8C, 0x40, 0xBF, 0x72, 0x91, 0xA1, 0x86,
        0x73, 0x24, 0x4A, 0x4B, 0x73, 0x5B, 0x04, 0x55, 0x5D, 0x1A, 0xCF, 0x9C, 0x40, 0xDA, 0x45, 0xE0,
        0x9C, 0x05, 0x51, 0x35, 0x00, 0x26, 0x1D, 0x6D, 0xCB, 0x84, 0x13, 0xA8, 0x21, 0xBD, 0x21, 0xF1,
        0x02, 0x00, 0xAE, 0x40, 0x44, 0x4C, 0xEE, 0x0D, 0xB9, 0xE4, 0x8C, 0x2D, 0x89, 0x12, 0xCC, 0xB5,
        0xEB, 0x0D, 0x95, 0x50, 0xCA, 0x30, 0x7C, 0x3E, 0x90, 0xE3, 0x88, 0x0F, 0x75, 0x11, 0x28, 0x24,
        0xFA, 0xF0, 0xCF, 0xED, 0xB4, 0x6A, 0x7A, 0x03, 0x6E, 0x44, 0x48, 0x52, 0x43, 0x08, 0x56, 0x68,
        0x49, 0x64, 0xA5, 0x1F, 0x4D, 0xA8, 0x5A, 0x77, 0x16, 0x9B, 0x35, 0x9C, 0x6D, 0x49, 0x4A, 0xBB,
        0x61, 0x40, 0x64, 0xBE, 0xAA, 0x6E, 0xB5, 0x21, 0x04, 0x84, 0x10, 0xEC, 0x26, 0x95, 0xEF, 0xE7,
        0xEB, 0xE2, 0x59, 0xE3, 0x07, 0x6D, 0xBE, 0x54, 0xDB, 0x03, 0xC5, 0x2C, 0x5A, 0x78, 0xBF, 0xDF,
        0x38, 0x8E, 0xA3, 0x10, 0x89, 0x8B, 0x96, 0x4A, 0xE2, 0xDB, 0xAD, 0x7C, 0xD8, 0x4E, 0xD3, 0x4A,
        0xB2, 0x35, 0xB4, 0x7B, 0x3E, 0xD2, 0x81, 0x22, 0x93, 0xB0, 0xE7, 0x1E, 0x29, 0xD1, 0xF8, 0xEA,
        0xB4, 0xC5, 0xCE, 0x62, 0xB3, 0x81, 0x4C, 0x0D, 0xC8, 0xE4, 0x3F, 0x8D, 0xAB, 0xC6, 0xDF, 0x50,
        0xA3, 0x8D, 0xAF, 0xAC, 0xD8, 0x94, 0x4D, 0x43, 0xDF, 0x18, 0x50, 0x4B, 0x3A, 0xD6, 0x5D, 0x9D,
        0xAC, 0xD5, 0x98, 0xD9, 0x97, 0xE7, 0x15, 0x02, 0x33, 0xB0, 0x19, 0x29, 0x2B, 0x46, 0xEE, 0x48,
        0xE8, 0xF3, 0x11, 0x20, 0x4B, 0xE4, 0x63, 0xEF, 0x6E, 0x93, 0x98, 0x8B, 0x70, 0x51, 0x82, 0x2B,
        0x61, 0xC6, 0x9C, 0xB8, 0x4A, 0x60, 0x14, 0xA6, 0x5C, 0xFF, 0xB0, 0x98, 0xEC, 0xFD, 0x57, 0x84,
        0x09, 0x6C, 0x85, 0x79, 0xC1, 0x07, 0x4E, 0x7A, 0x9C, 0x8C, 0xB7, 0xD2, 0x84, 0xB8, 0xEA, 0x7F,
        0x82, 0xE2, 0x13, 0x8F, 0x68, 0xE0, 0x54, 0x98, 0x80, 0x00, 0x94, 0xB9, 0x26, 0x1E, 0xAA, 0x82,
        0xA5, 0x30, 0x0D, 0x9F, 0x8E, 0xC4, 0x85, 0x6F, 0xC3, 0xBB, 0x5F, 0xB4, 0x2B, 0x28, 0xBD, 0xF2,
        0x0D, 0xFA, 0x0B, 0xFE, 0xE6, 0xE8, 0x29, 0x31, 0x9F, 0xC8, 0x63, 0x00, 0x00, 0x00, 0x00, 0x49,
        0x45, 0x4E, 0x44, 0xAE, 0x42, 0x60, 0x82,
    };

    static const unsigned char kLastActivityView[] =
    {
        0x89, 0x50, 0x4E, 0x47, 0x0D, 0x0A, 0x1A, 0x0A, 0x00, 0x00, 0x00, 0x0D, 0x49, 0x48, 0x44, 0x52,
        0x00, 0x00, 0x00, 0x20, 0x00, 0x00, 0x00, 0x20, 0x08, 0x06, 0x00, 0x00, 0x00, 0x73, 0x7A, 0x7A,
        0xF4, 0x00, 0x00, 0x0B, 0x3A, 0x49, 0x44, 0x41, 0x54, 0x78, 0xDA, 0x95, 0x97, 0x79, 0x8C, 0x5D,
        0xD5, 0x7D, 0xC7, 0x3F, 0xE7, 0xDE, 0xFB, 0xF6, 0x6D, 0xDE, 0xBC, 0x37, 0xE3, 0xF1, 0xBC, 0xD9,
        0xCC, 0xD8, 0x33, 0x03, 0x1E, 0x3B, 0xD8, 0x06, 0x8C, 0xCD, 0x12, 0x9A, 0x36, 0x72, 0x83, 0x29,
        0x12, 0x46, 0x81, 0x24, 0x8D, 0xEA, 0x50, 0x4A, 0xAC, 0xB6, 0xA8, 0xB2, 0x4A, 0xDD, 0x3F, 0xAA,
        0xA2, 0x54, 0x95, 0x5A, 0x90, 0x2C, 0xB5, 0x52, 0x55, 0xB5, 0x12, 0x51, 0x48, 0x15, 0xA4, 0x26,
        0x90, 0xC6, 0x2E, 0x09, 0x06, 0x42, 0x82, 0x57, 0x8C, 0x09, 0xDE, 0x8D, 0xE5, 0x6D, 0x56, 0xCF,
        0xF2, 0xE6, 0x2D, 0xF3, 0xDE, 0xBC, 0xE5, 0xBE, 0xBB, 0x2F, 0xFD, 0x63, 0xA6, 0x60, 0x96, 0x48,
        0xED, 0x91, 0x7E, 0xBA, 0xE7, 0xEA, 0xDE, 0x73, 0xCE, 0xE7, 0x7E, 0xEF, 0xEF, 0x9C, 0xF3, 0x3D,
        0x82, 0x5B, 0xCA, 0xCB, 0xDF, 0xFF, 0x7E, 0x78, 0x68, 0x64, 0xE8, 0x9B, 0xA1, 0x50, 0x50, 0x38,
        0x8E, 0x53, 0x14, 0x42, 0x4C, 0x2A, 0x8A, 0xAC, 0xDE, 0x75, 0xF7, 0xB6, 0x59, 0xFE, 0x1F, 0xE5,
        0xE0, 0xC1, 0x83, 0x81, 0xD9, 0xD9, 0xD9, 0x91, 0x42, 0xA1, 0x30, 0x58, 0xAF, 0xD7, 0x15, 0xDF,
        0xF7, 0xE7, 0x06, 0x07, 0x07, 0x2F, 0x3F, 0xF7, 0xDC, 0x73, 0xEA, 0x67, 0xDF, 0x55, 0x6E, 0xBD,
        0xE9, 0xC8, 0x66, 0x5E, 0x34, 0x0D, 0xE3, 0x59, 0xB0, 0xE5, 0x70, 0x28, 0xD0, 0x92, 0x15, 0x45,
        0x95, 0x84, 0x5F, 0xBF, 0x70, 0xEE, 0x94, 0xE1, 0x83, 0x0A, 0x2C, 0xF8, 0xBE, 0x58, 0xF4, 0x7D,
        0xA6, 0x7D, 0x9F, 0x79, 0xF0, 0x0B, 0x40, 0x15, 0xB0, 0x80, 0x0A, 0xE0, 0x7D, 0x78, 0xE6, 0x62,
        0x6E, 0x3E, 0x9F, 0xDF, 0x5B, 0xA9, 0x54, 0xB6, 0xEB, 0x86, 0xB1, 0xCA, 0xB6, 0x6D, 0xB9, 0xD1,
        0x68, 0x54, 0x5D, 0xD7, 0xFD, 0xCD, 0x81, 0x03, 0x07, 0xBE, 0xBB, 0x6B, 0xD7, 0xAE, 0xC5, 0xDF,
        0x0A, 0xA0, 0x28, 0x72, 0x4F, 0xA9, 0xD4, 0x92, 0xF7, 0x7D, 0x6F, 0x8A, 0xDE, 0xDE, 0x4C, 0xAC,
        0x27, 0x97, 0x8E, 0xA5, 0x33, 0xAC, 0xEA, 0x5E, 0x25, 0xD3, 0x93, 0x0B, 0xD0, 0xD5, 0x19, 0x21,
        0x9D, 0x54, 0x88, 0x84, 0x7C, 0x4F, 0x48, 0x4A, 0x53, 0x91, 0x84, 0x86, 0x10, 0x35, 0x40, 0x75,
        0x3D, 0x51, 0xF5, 0x3C, 0xB7, 0x9C, 0x8C, 0x85, 0xBF, 0x3C, 0x36, 0x3E, 0xD1, 0xEB, 0x38, 0x2E,
        0x8E, 0x65, 0x62, 0x5A, 0x16, 0xAE, 0xE7, 0x75, 0x4F, 0x4E, 0x4E, 0x3E, 0x7A, 0xE4, 0xC8, 0xE1,
        0xD9, 0x53, 0xEF, 0x1F, 0xFF, 0x97, 0x6D, 0xDB, 0x1F, 0x9C, 0xF8, 0x42, 0x00, 0x21, 0xC4, 0xAA,
        0x72, 0xC5, 0xA4, 0x52, 0x0C, 0x32, 0x37, 0x13, 0x05, 0xA1, 0x80, 0x1C, 0x81, 0x60, 0x04, 0xA2,
        0x11, 0xE2, 0xD1, 0x28, 0xF1, 0x68, 0x88, 0x4D, 0x77, 0x0B, 0xE9, 0xF1, 0x1D, 0xA4, 0xA2, 0x21,
        0x37, 0x25, 0xC9, 0x62, 0x75, 0x48, 0xD1, 0x49, 0x46, 0x5D, 0xA2, 0x51, 0x89, 0x4D, 0x7D, 0x71,
        0x46, 0xE3, 0x6D, 0x98, 0x96, 0x4D, 0xB5, 0xEA, 0x32, 0x93, 0x57, 0x39, 0x74, 0xAE, 0x81, 0xA6,
        0xE9, 0xB2, 0xEF, 0xFB, 0x8F, 0x35, 0x9B, 0xDA, 0x29, 0xE0, 0xB7, 0x00, 0x48, 0x22, 0x3B, 0x3D,
        0x6B, 0xE2, 0x7B, 0x40, 0xD2, 0x5F, 0x7E, 0x2A, 0x4B, 0xCB, 0x20, 0x22, 0x82, 0x6A, 0x44, 0x50,
        0x6B, 0x71, 0x8A, 0xF5, 0x14, 0xDB, 0xB6, 0x08, 0x82, 0x21, 0x58, 0x6A, 0x82, 0x69, 0x81, 0xE9,
        0x38, 0xD4, 0x5D, 0x97, 0xB4, 0xF1, 0x1E, 0x1D, 0x5D, 0x9D, 0xE8, 0xBA, 0x89, 0x70, 0x4C, 0xD0,
        0x03, 0x64, 0xA3, 0x1E, 0xC5, 0xAA, 0x87, 0xA2, 0x28, 0xBD, 0x37, 0x67, 0x66, 0xF7, 0xBF, 0xFA,
        0xEA, 0xAB, 0x6F, 0x3E, 0xF9, 0xE4, 0x93, 0x8D, 0xCF, 0x01, 0xE0, 0xFB, 0x6D, 0x63, 0x93, 0x26,
        0xBE, 0x0F, 0xF8, 0xDE, 0x4A, 0xB8, 0x20, 0xB9, 0x20, 0x3B, 0x20, 0xDB, 0x20, 0x5B, 0x94, 0xCB,
        0x06, 0x75, 0x35, 0xC2, 0x70, 0x16, 0xA2, 0x41, 0x10, 0x02, 0x90, 0x15, 0x7C, 0x17, 0x8A, 0x53,
        0x8B, 0x48, 0x5E, 0x02, 0xCB, 0xD0, 0xD1, 0xB5, 0x26, 0xA6, 0xEB, 0x92, 0x8E, 0x08, 0x56, 0xC5,
        0x21, 0x12, 0x0E, 0x61, 0x9A, 0x56, 0xA4, 0x56, 0xAB, 0x7D, 0x3E, 0x07, 0x5E, 0x3F, 0xF0, 0xB3,
        0x36, 0x49, 0x92, 0x42, 0xE5, 0xB2, 0x87, 0xEF, 0x89, 0x4F, 0x06, 0xC7, 0x5F, 0xAE, 0xE3, 0x00,
        0x2E, 0x08, 0x8F, 0x7C, 0xD9, 0xE1, 0xFA, 0x24, 0x0C, 0x74, 0x43, 0xCB, 0x58, 0xE9, 0x40, 0x02,
        0x84, 0x44, 0x75, 0xA9, 0x8A, 0xAE, 0x35, 0xF1, 0x3C, 0x0F, 0x4D, 0xD7, 0xD1, 0x75, 0x93, 0x81,
        0x36, 0x90, 0x0C, 0x87, 0xDB, 0x6E, 0xBB, 0x0D, 0xDB, 0xF1, 0x0A, 0x7B, 0xF6, 0xEC, 0x69, 0x70,
        0x4B, 0x33, 0x00, 0xE2, 0xF1, 0x78, 0x9F, 0xEF, 0x13, 0x51, 0x82, 0x12, 0xD9, 0xFE, 0x38, 0x98,
        0xF6, 0x32, 0x80, 0xEF, 0x2E, 0x0F, 0xEC, 0xAD, 0x84, 0xEC, 0xE0, 0xAA, 0x0E, 0xE7, 0xAF, 0xD8,
        0x68, 0xFA, 0xB2, 0xFC, 0xBA, 0x05, 0x86, 0x09, 0xA6, 0x25, 0xA1, 0x99, 0x3E, 0x8B, 0x8B, 0x65,
        0xAA, 0xD5, 0x2A, 0xF5, 0x7A, 0x9D, 0x96, 0xDA, 0xC2, 0xB4, 0x6C, 0x72, 0x5F, 0xFA, 0x3D, 0xFA,
        0xFB, 0xFB, 0x11, 0x42, 0x2A, 0xDC, 0x2A, 0xFA, 0xC7, 0x00, 0x81, 0x80, 0x32, 0x64, 0x58, 0x5E,
        0xD8, 0xB6, 0x05, 0x1B, 0xD6, 0xA7, 0x41, 0x78, 0xE0, 0xBA, 0xE0, 0x3B, 0x2B, 0x10, 0xCE, 0x4A,
        0xD8, 0xE0, 0x38, 0x5C, 0xBE, 0x61, 0x53, 0xA9, 0x81, 0x6E, 0x82, 0xA6, 0x83, 0x66, 0x2C, 0x47,
        0xB0, 0x63, 0x84, 0xC5, 0x72, 0x99, 0x4A, 0xA5, 0x42, 0xAD, 0x56, 0xA3, 0xA5, 0xE9, 0x34, 0x55,
        0x95, 0x91, 0x4D, 0xF7, 0xA3, 0x1B, 0x1A, 0x42, 0xF8, 0x95, 0x2F, 0x04, 0x50, 0x14, 0xF9, 0x76,
        0xCB, 0xF2, 0x30, 0x75, 0x9F, 0x5C, 0x57, 0x84, 0x4C, 0x56, 0x02, 0xCB, 0x00, 0xCF, 0x02, 0xCF,
        0x59, 0xFE, 0x0D, 0xDE, 0x8A, 0x22, 0xC2, 0x66, 0x7A, 0xDE, 0x21, 0xBF, 0xE8, 0x63, 0x9A, 0xA0,
        0xEB, 0xCB, 0x10, 0xBA, 0x01, 0x6E, 0x72, 0x94, 0x7A, 0x53, 0x63, 0x69, 0x69, 0x89, 0x46, 0xA3,
        0x49, 0xA3, 0xD9, 0xC2, 0x68, 0x35, 0x99, 0xB8, 0x72, 0x1A, 0x5D, 0xB7, 0x00, 0x51, 0xF8, 0xC2,
        0x75, 0xC0, 0x73, 0xDD, 0x41, 0xD7, 0x95, 0x70, 0x5D, 0x1F, 0x45, 0xF6, 0x19, 0x1C, 0x08, 0x53,
        0x59, 0xA8, 0x81, 0x2B, 0x7D, 0x92, 0x03, 0xB2, 0x0D, 0x78, 0x20, 0x5C, 0x8A, 0x25, 0xB8, 0x39,
        0x17, 0x22, 0x1A, 0x0C, 0x62, 0xD8, 0xCB, 0x89, 0x28, 0x64, 0x81, 0x13, 0xDB, 0xCC, 0x52, 0x7A,
        0x07, 0xCA, 0xC2, 0x9B, 0xD8, 0xAD, 0x3A, 0x9A, 0xD6, 0x22, 0x19, 0x0D, 0x73, 0x73, 0xA1, 0xC8,
        0xA5, 0x92, 0x44, 0x47, 0x22, 0xA0, 0xDF, 0x0A, 0x20, 0xFF, 0x6F, 0xE5, 0xA9, 0xEF, 0xEC, 0xDE,
        0x5B, 0x28, 0x35, 0x07, 0x4E, 0x9C, 0x6A, 0xD1, 0xD9, 0x19, 0x47, 0x48, 0x32, 0xE3, 0x37, 0x1B,
        0xE0, 0x49, 0x20, 0xDF, 0x92, 0x94, 0xBE, 0x0B, 0xBE, 0x85, 0x6D, 0x98, 0xAC, 0x5B, 0x13, 0xA0,
        0xAB, 0x43, 0xA0, 0xB6, 0x1C, 0x4C, 0xC3, 0xC7, 0xB4, 0x7C, 0x6A, 0xDA, 0x0C, 0x6E, 0x26, 0x47,
        0x50, 0xB2, 0x71, 0x8B, 0x57, 0x90, 0x25, 0x81, 0x92, 0x5D, 0x83, 0x3C, 0xFA, 0x0D, 0xB2, 0xC3,
        0xDB, 0xB1, 0x94, 0x74, 0x8F, 0x14, 0x4A, 0x54, 0x5B, 0xB5, 0xC5, 0x2B, 0x5A, 0x73, 0xC9, 0xFB,
        0x58, 0x01, 0xDF, 0x73, 0x57, 0x2D, 0x14, 0x74, 0x6C, 0xD7, 0x47, 0x55, 0x4D, 0x24, 0x21, 0xF1,
        0xBB, 0x7D, 0xEF, 0x71, 0xDF, 0x90, 0xC2, 0xF9, 0xEB, 0xF3, 0xFC, 0xBC, 0xB4, 0x67, 0x39, 0x1F,
        0x3C, 0x0B, 0x84, 0x0C, 0x96, 0xC9, 0x5C, 0x5E, 0xA7, 0xD1, 0x08, 0x63, 0x98, 0x80, 0xF0, 0xB0,
        0x69, 0xE0, 0x67, 0xA1, 0xBF, 0x67, 0x90, 0xD9, 0xD9, 0x20, 0x99, 0xDE, 0x21, 0x42, 0xC9, 0x4E,
        0xF4, 0xD1, 0xDD, 0x48, 0x89, 0x2E, 0x70, 0x2C, 0xA4, 0x4C, 0xC7, 0xC0, 0xB6, 0x87, 0xBF, 0xFD,
        0xC3, 0x5A, 0x69, 0x41, 0xD1, 0xD5, 0xDA, 0x8F, 0x64, 0x80, 0xFF, 0xD8, 0xFB, 0x94, 0xD2, 0x9A,
        0x9E, 0xF8, 0xE7, 0x76, 0x7F, 0x51, 0x1A, 0xF0, 0x8F, 0x22, 0x6A, 0x13, 0x68, 0xA4, 0xB8, 0xA1,
        0xDE, 0x41, 0xAC, 0xFE, 0x4B, 0x7E, 0x3A, 0xF3, 0x14, 0x03, 0xED, 0x15, 0x3E, 0x78, 0x7E, 0x9E,
        0xBF, 0xFC, 0xA3, 0x14, 0x1B, 0x02, 0x3F, 0x41, 0xD5, 0x5D, 0x6A, 0x52, 0x3F, 0xFD, 0xB9, 0x30,
        0xBA, 0xE9, 0x63, 0x98, 0x2E, 0x55, 0xE7, 0x2A, 0xED, 0x1D, 0x39, 0x64, 0x0C, 0xB2, 0xB1, 0x00,
        0xF7, 0x3D, 0xF6, 0x34, 0xAD, 0xAE, 0xFB, 0x30, 0x95, 0x36, 0x12, 0x11, 0x85, 0x64, 0x58, 0x02,
        0xDF, 0xC5, 0xB0, 0x6C, 0x29, 0xD2, 0xD6, 0x35, 0xDA, 0xA8, 0x94, 0xDE, 0x55, 0x5E, 0xFB, 0x9B,
        0x67, 0xC3, 0x6B, 0x36, 0xDE, 0x79, 0xE6, 0xCE, 0xAF, 0xFC, 0xBE, 0x7C, 0xFC, 0xDF, 0xF7, 0x73,
        0x74, 0xAE, 0xC4, 0xB8, 0x6C, 0x32, 0xEF, 0x9E, 0x65, 0xC3, 0x68, 0x27, 0x89, 0xC0, 0x16, 0xFA,
        0x82, 0x67, 0xF9, 0xC6, 0x26, 0x28, 0xCB, 0xEB, 0x19, 0x4D, 0x86, 0x88, 0x86, 0x42, 0x6C, 0xCD,
        0xBC, 0xC1, 0xBB, 0xB5, 0x61, 0x4A, 0x8B, 0x71, 0x10, 0x32, 0x1E, 0x26, 0x76, 0xBC, 0x81, 0x69,
        0x6A, 0x08, 0xDB, 0xA0, 0x2D, 0x10, 0xC2, 0x74, 0xA3, 0x2C, 0xD4, 0x4A, 0x44, 0xA3, 0x31, 0x02,
        0x8A, 0x84, 0xEF, 0x3A, 0x48, 0xB2, 0x40, 0xE0, 0x93, 0x48, 0x67, 0xD7, 0xB4, 0xEA, 0x95, 0xED,
        0x8A, 0x6B, 0xDB, 0xBB, 0xD6, 0x3F, 0xF0, 0xC0, 0x7A, 0x73, 0xA9, 0xC0, 0x7F, 0x9F, 0xBE, 0xC1,
        0x7B, 0x1D, 0x1B, 0x71, 0xA3, 0x11, 0xFA, 0xB2, 0x9D, 0x74, 0x8F, 0x6C, 0x20, 0x9C, 0x48, 0xF0,
        0xC8, 0x86, 0x32, 0x67, 0xF3, 0x79, 0x5E, 0xFD, 0xF1, 0x11, 0xD6, 0xA9, 0x8B, 0x3C, 0x3E, 0x9C,
        0x64, 0xA9, 0x38, 0xCD, 0x68, 0xF2, 0x87, 0x14, 0x4B, 0x7F, 0x4F, 0x30, 0xA4, 0xE0, 0xFA, 0x1A,
        0xB1, 0x48, 0x08, 0xC3, 0xD0, 0xF0, 0x84, 0x45, 0xB4, 0x3D, 0xC9, 0x58, 0xBE, 0x8E, 0x61, 0xBB,
        0x84, 0x3C, 0x0F, 0xDD, 0xF4, 0xF1, 0x6D, 0x1B, 0xD3, 0x74, 0x70, 0x5D, 0x8F, 0x50, 0x38, 0x2C,
        0xAD, 0xEA, 0x1B, 0xFA, 0xAA, 0xD2, 0xD9, 0x9E, 0xB2, 0x7F, 0xFA, 0x77, 0x7F, 0xAB, 0x1F, 0xA3,
        0x3D, 0x32, 0xD6, 0xBF, 0x89, 0x81, 0x40, 0x80, 0x9D, 0xDB, 0xBF, 0xCA, 0x03, 0x9B, 0x47, 0x98,
        0xBE, 0x71, 0x05, 0xBD, 0xD5, 0x60, 0xE4, 0xDE, 0x47, 0x98, 0x2B, 0x97, 0xF9, 0x55, 0x6F, 0x2F,
        0xAF, 0xFD, 0xF2, 0x1D, 0x2E, 0x1E, 0xBF, 0xCA, 0xC3, 0xE9, 0x38, 0x1E, 0x7D, 0x2C, 0x56, 0x34,
        0xA2, 0xB1, 0x00, 0x96, 0x6D, 0x52, 0x6B, 0xCD, 0xD3, 0xD5, 0xDB, 0x8D, 0xE5, 0xB9, 0x08, 0x29,
        0x42, 0xB1, 0xA6, 0xE2, 0x7B, 0x3E, 0x96, 0x65, 0x2D, 0xE7, 0x99, 0xE3, 0x60, 0x58, 0x0E, 0x8E,
        0xE3, 0x22, 0x84, 0x20, 0x14, 0x4B, 0x75, 0xCB, 0x43, 0xFD, 0x7D, 0x63, 0xC6, 0xE8, 0xF6, 0xD5,
        0xB5, 0xAE, 0xB5, 0x77, 0x77, 0x06, 0x63, 0x3C, 0xF7, 0xAD, 0x67, 0xD0, 0x0B, 0x57, 0x19, 0x59,
        0xDB, 0x45, 0x5B, 0x2A, 0xCC, 0xFC, 0x42, 0x81, 0xAD, 0x5B, 0x37, 0x33, 0x3B, 0x39, 0xC5, 0xA3,
        0x5F, 0x7E, 0x88, 0x3B, 0x86, 0xD7, 0xF3, 0x51, 0xB5, 0xCC, 0xB1, 0x73, 0x06, 0x97, 0x96, 0xFE,
        0x80, 0x64, 0x5C, 0xC1, 0x73, 0x3D, 0x0C, 0x43, 0x41, 0xAD, 0x09, 0x2A, 0xC5, 0x8B, 0xB4, 0x75,
        0x66, 0xC8, 0xA5, 0xDB, 0x98, 0xA9, 0xEB, 0x20, 0x04, 0x02, 0x70, 0x1C, 0x07, 0xC3, 0xB4, 0xD0,
        0x74, 0x13, 0xD3, 0xB2, 0x91, 0xE5, 0x00, 0xD3, 0x57, 0xCF, 0x4E, 0xC9, 0x93, 0xE1, 0x5C, 0x78,
        0xF8, 0xC1, 0xAF, 0xFC, 0x58, 0x68, 0x96, 0xF2, 0x67, 0x4F, 0x7C, 0x8B, 0x91, 0x35, 0x71, 0x24,
        0x61, 0x92, 0x4C, 0xB5, 0x91, 0x48, 0xB4, 0x51, 0xAD, 0x99, 0x74, 0x76, 0xE7, 0x68, 0x99, 0xA0,
        0x04, 0xA2, 0x6C, 0x18, 0xEC, 0x22, 0x1C, 0x4E, 0xD0, 0x0C, 0xD6, 0x99, 0xBA, 0x66, 0x11, 0x90,
        0xDB, 0x70, 0x5D, 0x0F, 0x5D, 0xB7, 0xB1, 0x9D, 0x08, 0xB5, 0x4A, 0x9C, 0xF1, 0x8B, 0x63, 0x14,
        0x8B, 0xD3, 0x68, 0xAE, 0x87, 0xAC, 0x48, 0x48, 0xB2, 0xC0, 0x71, 0x5C, 0x4C, 0xD3, 0x44, 0x6B,
        0xA9, 0x76, 0xB3, 0xB1, 0xD4, 0x18, 0x3F, 0x7F, 0xE2, 0xFC, 0xD5, 0xDF, 0xBC, 0xF3, 0xA2, 0xB2,
        0xAA, 0xB7, 0x67, 0x77, 0xA6, 0xBD, 0x2D, 0x9C, 0xB1, 0xC3, 0x4C, 0x5C, 0xF8, 0x35, 0x33, 0xD7,
        0x24, 0x76, 0xEC, 0xD8, 0x09, 0xC0, 0xF4, 0xCD, 0x02, 0xF9, 0x85, 0x32, 0x23, 0x2A, 0x74, 0x76,
        0xE5, 0xF0, 0x82, 0xF0, 0xAB, 0x77, 0x8F, 0xB2, 0x6E, 0x75, 0x3F, 0xF7, 0x6C, 0xBE, 0x9B, 0x89,
        0x0B, 0xAF, 0x53, 0x2D, 0xF4, 0x62, 0x3B, 0x51, 0x84, 0x90, 0x11, 0x92, 0x82, 0x2C, 0x49, 0x20,
        0x06, 0x79, 0xEF, 0xB4, 0x8E, 0x7E, 0xBC, 0xCC, 0xC6, 0xE1, 0x31, 0x1E, 0xBA, 0xD7, 0x64, 0x66,
        0xAE, 0xC4, 0xF8, 0xD4, 0xDC, 0x4F, 0x26, 0x27, 0xA7, 0x8E, 0x2A, 0xC1, 0xD0, 0xF4, 0xFC, 0xC4,
        0x47, 0x17, 0xF5, 0x66, 0xBD, 0xA8, 0xF4, 0xAF, 0xE9, 0x7B, 0x72, 0x76, 0x6A, 0x9E, 0xBD, 0x4F,
        0x3C, 0x8E, 0xBE, 0x34, 0xC9, 0x52, 0x4D, 0xFD, 0xD4, 0x4A, 0x2D, 0x42, 0x31, 0xCC, 0x18, 0x38,
        0xAA, 0x4D, 0xEA, 0xDD, 0xB7, 0x19, 0x7C, 0xEB, 0x47, 0xF4, 0x7E, 0xEF, 0x65, 0xAE, 0x95, 0xBA,
        0xF9, 0xD2, 0xD6, 0x21, 0x4E, 0xFC, 0xC2, 0xA4, 0x5C, 0x92, 0xB0, 0x1D, 0xF0, 0x7C, 0x90, 0x65,
        0x89, 0x60, 0x50, 0x22, 0x14, 0x92, 0x51, 0xB5, 0x76, 0x86, 0xD7, 0xF6, 0xF3, 0xF5, 0x47, 0xE3,
        0x7C, 0xF0, 0xE1, 0x15, 0xB6, 0x8C, 0x0E, 0xFF, 0xEB, 0x9E, 0x3D, 0x7B, 0x4E, 0x7E, 0x6A, 0x29,
        0x0E, 0x47, 0x22, 0x6B, 0x63, 0xA1, 0x38, 0x46, 0xD3, 0xA0, 0x37, 0xD7, 0xC7, 0xD0, 0x70, 0x62,
        0xC5, 0x1A, 0x80, 0xE6, 0x87, 0xF1, 0x16, 0xE7, 0xC9, 0xBE, 0xF9, 0x06, 0xEE, 0xC9, 0x9F, 0xD1,
        0x88, 0x76, 0x20, 0xFD, 0xE1, 0x3F, 0x30, 0x5D, 0x55, 0x89, 0xC8, 0x41, 0x32, 0x5D, 0x19, 0xFE,
        0x71, 0x9F, 0x45, 0xDF, 0x9A, 0x21, 0xF2, 0xA5, 0x20, 0x67, 0x2E, 0xD9, 0x5C, 0xBD, 0x66, 0x73,
        0x63, 0xB2, 0xC5, 0x42, 0xDE, 0x80, 0x5A, 0x8B, 0xA0, 0x1C, 0xC0, 0xF5, 0x22, 0xB8, 0xAE, 0xA7,
        0xC7, 0xE3, 0xF1, 0xE2, 0xE7, 0x4C, 0xA9, 0x90, 0x65, 0x25, 0xD3, 0x96, 0x22, 0x3F, 0x7B, 0x83,
        0x4B, 0x57, 0x6A, 0xEC, 0xFC, 0xDA, 0x0E, 0xAA, 0x0D, 0x0B, 0x2B, 0x1C, 0xE4, 0xF5, 0x43, 0x3F,
        0x67, 0xFC, 0xB5, 0x57, 0x78, 0xE0, 0x81, 0x2D, 0x94, 0x1F, 0x7E, 0x96, 0xC0, 0xED, 0x77, 0x22,
        0xCB, 0x12, 0x57, 0x0F, 0x1F, 0xC2, 0x4F, 0xA6, 0x09, 0x06, 0xC3, 0x8C, 0xDD, 0xB8, 0x48, 0x6E,
        0x75, 0x9C, 0xD1, 0xB5, 0x59, 0xEE, 0xDA, 0x10, 0x41, 0x88, 0x30, 0xA6, 0x9D, 0x24, 0x5F, 0x92,
        0x98, 0x99, 0x86, 0xFE, 0x01, 0x93, 0x7A, 0x43, 0xC3, 0xF7, 0xFD, 0x46, 0x3E, 0x9F, 0xAF, 0x7C,
        0x0E, 0xC0, 0xD0, 0xB4, 0xD6, 0x42, 0xB9, 0xC0, 0x43, 0x77, 0x3D, 0xC6, 0x9A, 0x8E, 0x20, 0xD5,
        0x96, 0x4F, 0xA1, 0x21, 0x63, 0xD6, 0x4C, 0xCE, 0x1D, 0x7D, 0x83, 0xFB, 0xFE, 0xE2, 0x9F, 0xB8,
        0xBE, 0x7E, 0x98, 0xA4, 0x24, 0x11, 0xB0, 0x20, 0x1C, 0x11, 0x6C, 0xDD, 0xFA, 0x20, 0xC7, 0xAF,
        0x7E, 0x44, 0xAB, 0xA5, 0xE2, 0xAA, 0x06, 0x1F, 0x5D, 0x9E, 0xA0, 0xBD, 0xBD, 0x4E, 0x3A, 0xDD,
        0x46, 0x34, 0x1A, 0x24, 0x95, 0x8A, 0xD1, 0xD3, 0x19, 0xE2, 0xF6, 0xDB, 0x62, 0xD8, 0x8E, 0x42,
        0xA5, 0xE2, 0xE3, 0x79, 0x5E, 0x7D, 0xDF, 0xBE, 0x7D, 0x4B, 0x9F, 0x05, 0x90, 0xE6, 0x66, 0xE6,
        0xCE, 0xEB, 0x4E, 0x8B, 0xAA, 0x66, 0xF3, 0xFE, 0xAF, 0x8F, 0x30, 0x3E, 0x36, 0x46, 0x24, 0x2D,
        0x73, 0xF8, 0xBF, 0x7E, 0x40, 0xAC, 0x73, 0x98, 0xC1, 0x9E, 0x01, 0x32, 0x01, 0x99, 0x54, 0xC8,
        0x42, 0xF7, 0xE1, 0xD0, 0x5B, 0xEF, 0x10, 0x88, 0x05, 0x50, 0x4D, 0x9D, 0x7A, 0xA5, 0xCC, 0xEA,
        0xD5, 0xAB, 0xA9, 0x35, 0x54, 0xCE, 0x5D, 0xBC, 0xC0, 0xB1, 0xE3, 0x27, 0xB8, 0x74, 0xF9, 0x3A,
        0xD3, 0x37, 0x4B, 0x14, 0x4B, 0x2D, 0x2E, 0x5C, 0x9A, 0x9E, 0x9F, 0x9A, 0xCA, 0x17, 0x0D, 0xC3,
        0xF4, 0x4D, 0xD3, 0x1C, 0xEF, 0xEC, 0xEC, 0x54, 0x80, 0xC0, 0xCA, 0x26, 0x28, 0x00, 0xA1, 0x2C,
        0x14, 0x8A, 0x2F, 0x99, 0xBA, 0xF1, 0xF8, 0x99, 0x8B, 0x67, 0xE8, 0x90, 0x24, 0x2A, 0x35, 0x97,
        0x50, 0xC3, 0x27, 0xDD, 0xBB, 0x99, 0x7B, 0x07, 0x23, 0x04, 0x23, 0x21, 0x6C, 0xD3, 0x82, 0x70,
        0x10, 0x61, 0x41, 0x36, 0x11, 0xE0, 0x8D, 0x63, 0x67, 0x68, 0xFA, 0x3A, 0xFA, 0x62, 0x91, 0xFB,
        0x77, 0x3E, 0x81, 0xA6, 0x2D, 0xEF, 0xFF, 0x0B, 0x0B, 0x0B, 0x58, 0x96, 0xC5, 0x62, 0xA5, 0x82,
        0x0F, 0xD4, 0x6A, 0x35, 0x7F, 0xFF, 0xFE, 0xFD, 0xCF, 0xB4, 0xA5, 0x52, 0x9E, 0x12, 0x08, 0xE4,
        0x4B, 0xA5, 0x52, 0x06, 0x30, 0x01, 0x63, 0xD9, 0xD9, 0xE0, 0xCA, 0x89, 0xFE, 0x75, 0x33, 0xB6,
        0x69, 0xED, 0x96, 0x83, 0x7E, 0x6A, 0x70, 0x64, 0x1B, 0x77, 0x6C, 0x58, 0xCB, 0xC9, 0x77, 0x0E,
        0xB3, 0x6A, 0xE0, 0x0E, 0xBA, 0x72, 0x7D, 0x18, 0xBA, 0x49, 0x24, 0x1E, 0xE6, 0x83, 0x63, 0x87,
        0xC9, 0xC4, 0x22, 0x24, 0xBA, 0x07, 0x99, 0xAA, 0x4C, 0x72, 0xE3, 0xEA, 0x35, 0x7E, 0x67, 0x38,
        0x47, 0x36, 0x93, 0xC1, 0x75, 0x5D, 0x12, 0x89, 0x04, 0xD9, 0x6C, 0x96, 0x44, 0x22, 0x81, 0xEB,
        0x2E, 0xCF, 0xF9, 0xEE, 0xEE, 0xEE, 0xE4, 0xD9, 0xB3, 0x67, 0xCF, 0x5F, 0xBA, 0x74, 0xE9, 0x74,
        0xA1, 0x50, 0x10, 0xCB, 0x66, 0x02, 0x6F, 0xD9, 0xE3, 0xE1, 0x02, 0x9E, 0x34, 0x73, 0xF4, 0x17,
        0xF6, 0xF8, 0xD8, 0xD8, 0x83, 0xF9, 0x42, 0x51, 0x3F, 0x71, 0xF6, 0x6D, 0x3E, 0x38, 0x73, 0x85,
        0x48, 0x2C, 0xC1, 0x60, 0x5F, 0x3B, 0x8D, 0xF9, 0x09, 0xAE, 0x9F, 0x3E, 0x44, 0x77, 0x56, 0xB0,
        0xAA, 0x3D, 0xC3, 0xC9, 0x73, 0x1F, 0x72, 0x6E, 0xEC, 0x34, 0x8D, 0x66, 0x1D, 0x67, 0xFA, 0x32,
        0x77, 0x6E, 0xDC, 0x48, 0xB9, 0x5C, 0x46, 0x96, 0x65, 0x84, 0x10, 0x24, 0x93, 0x49, 0x52, 0xA9,
        0x14, 0x99, 0x4C, 0x86, 0x58, 0x2C, 0x86, 0x24, 0x49, 0x58, 0x96, 0x15, 0x03, 0xD2, 0x2B, 0xB2,
        0xCB, 0xCB, 0x2E, 0xF7, 0x33, 0x86, 0x44, 0x9D, 0x9B, 0xAC, 0x57, 0x5B, 0xC6, 0x41, 0x59, 0x0E,
        0x7E, 0xA7, 0x6A, 0x54, 0x83, 0x81, 0x58, 0x88, 0xC5, 0x4A, 0x9D, 0xBA, 0x5A, 0xA7, 0x65, 0x68,
        0x14, 0x6A, 0x26, 0x73, 0xCD, 0x12, 0x44, 0x14, 0xF2, 0x0B, 0x33, 0x4C, 0x1E, 0x79, 0x8B, 0xBF,
        0xDE, 0xFB, 0xE7, 0x2C, 0x2C, 0x2C, 0x20, 0x84, 0xA0, 0xBB, 0xBB, 0x9B, 0x60, 0x30, 0x88, 0xE3,
        0x38, 0x24, 0x93, 0x49, 0x7C, 0xDF, 0x27, 0x9D, 0x4E, 0x73, 0xEA, 0xD4, 0xA9, 0xD3, 0x07, 0x0E,
        0x1C, 0xF8, 0x01, 0xA0, 0xAD, 0xC8, 0xDE, 0x00, 0x5A, 0x2B, 0x75, 0x97, 0x95, 0x44, 0xF8, 0x64,
        0x4A, 0x84, 0xC2, 0xED, 0xF7, 0xEC, 0xFC, 0xFA, 0xB5, 0x48, 0x7B, 0x7B, 0x7A, 0x75, 0xEF, 0x80,
        0xD2, 0x96, 0x4C, 0x12, 0x08, 0x85, 0x68, 0xA9, 0x2D, 0xAA, 0x95, 0x0A, 0x4B, 0xC5, 0x79, 0x86,
        0xE2, 0x12, 0xDF, 0x7D, 0xFA, 0x8F, 0x99, 0x99, 0x99, 0x21, 0x10, 0x08, 0x10, 0x8D, 0x46, 0xC9,
        0xE5, 0x72, 0x00, 0xE4, 0xF3, 0x79, 0x14, 0x45, 0xA1, 0xD9, 0x6C, 0xFA, 0xC7, 0x8E, 0x1D, 0xDB,
        0xF5, 0xD2, 0x4B, 0x2F, 0x9D, 0xA8, 0x54, 0x2A, 0x26, 0x90, 0x5C, 0x39, 0x3F, 0x36, 0x57, 0xAE,
        0xFE, 0x17, 0x9E, 0x8C, 0xEE, 0x59, 0x37, 0xD0, 0xFA, 0x93, 0x8C, 0x96, 0x7A, 0xFA, 0xE5, 0xFF,
        0x7C, 0x44, 0x0E, 0x45, 0x47, 0xC2, 0xA9, 0x6C, 0x8F, 0x07, 0xE1, 0x28, 0x8E, 0xFB, 0xD4, 0xB7,
        0xBF, 0x19, 0xDC, 0xD6, 0x97, 0xFC, 0xDA, 0x5A, 0x5F, 0xED, 0x37, 0x0C, 0xC3, 0xED, 0xE9, 0xE9,
        0x91, 0x23, 0x91, 0x08, 0x86, 0x61, 0x50, 0xAF, 0xD7, 0x3D, 0x4D, 0xD3, 0x8C, 0x52, 0xA9, 0x74,
        0xB3, 0x58, 0x2C, 0xFE, 0x9B, 0x65, 0x59, 0x27, 0x5F, 0x78, 0xE1, 0x85, 0x0B, 0xB7, 0x74, 0xDD,
        0x5A, 0xF9, 0x58, 0xEF, 0xB3, 0xD3, 0xF0, 0x53, 0x0A, 0x3C, 0xB3, 0x65, 0xED, 0x8B, 0xB3, 0x8E,
        0xF2, 0xFE, 0xDB, 0x17, 0xAF, 0xBD, 0xBD, 0x42, 0xFA, 0x71, 0x79, 0xE5, 0x95, 0x57, 0x64, 0xD7,
        0x71, 0xD6, 0x1D, 0x3D, 0xF8, 0xDA, 0x5F, 0xE5, 0xA2, 0x81, 0xB5, 0xF7, 0xEF, 0xFE, 0xD3, 0x93,
        0x92, 0x24, 0x49, 0x4B, 0x4B, 0x4B, 0x7E, 0x3E, 0x9F, 0x37, 0x55, 0x55, 0xBD, 0x69, 0x9A, 0xE6,
        0xD9, 0x70, 0x38, 0x3C, 0xF9, 0xFC, 0xF3, 0xCF, 0xB7, 0xFE, 0xAF, 0x47, 0xF9, 0xFF, 0x01, 0xC0,
        0x45, 0xC0, 0xE8, 0x8A, 0x63, 0x69, 0x2E, 0x00, 0x00, 0x00, 0x00, 0x49, 0x45, 0x4E, 0x44, 0xAE,
        0x42, 0x60, 0x82,
    };

    static const unsigned char kExecutedProgramsList[] =
    {
        0x89, 0x50, 0x4E, 0x47, 0x0D, 0x0A, 0x1A, 0x0A, 0x00, 0x00, 0x00, 0x0D, 0x49, 0x48, 0x44, 0x52,
        0x00, 0x00, 0x00, 0x20, 0x00, 0x00, 0x00, 0x20, 0x08, 0x06, 0x00, 0x00, 0x00, 0x73, 0x7A, 0x7A,
        0xF4, 0x00, 0x00, 0x04, 0xCE, 0x49, 0x44, 0x41, 0x54, 0x78, 0xDA, 0xC5, 0x97, 0x41, 0x6F, 0x1B,
        0x45, 0x18, 0x86, 0x9F, 0x99, 0xDD, 0xB5, 0x63, 0xD7, 0x89, 0xE3, 0x26, 0x0D, 0x4D, 0x9C, 0x50,
        0x21, 0x92, 0x82, 0xE8, 0x81, 0xA6, 0x15, 0x14, 0xA9, 0x52, 0x55, 0x09, 0x09, 0x89, 0xFE, 0x01,
        0x6E, 0x88, 0x1B, 0x12, 0xA2, 0x82, 0x0B, 0xFF, 0x80, 0x0B, 0x47, 0x54, 0x6E, 0x5C, 0x00, 0x09,
        0x15, 0x09, 0x89, 0x0B, 0x17, 0xD2, 0x0A, 0x0A, 0xA2, 0x12, 0x25, 0x20, 0x95, 0xAA, 0xA4, 0x69,
        0x52, 0x4A, 0x9B, 0x36, 0x6A, 0x9A, 0xC4, 0x89, 0x13, 0xE2, 0xD4, 0xF6, 0x7A, 0x67, 0x3E, 0x0E,
        0x6B, 0x2F, 0x4E, 0x70, 0xB3, 0x9B, 0x70, 0x60, 0xE4, 0xB5, 0xE5, 0xF1, 0x78, 0xE6, 0x9D, 0xEF,
        0xFD, 0xBE, 0x67, 0x77, 0xE0, 0x7F, 0x6E, 0x2A, 0x6E, 0x80, 0xF3, 0xDE, 0xCD, 0x37, 0x0B, 0x5D,
        0xBC, 0xE6, 0xBA, 0x8E, 0xDA, 0x6C, 0x88, 0x58, 0x0B, 0x22, 0x80, 0x06, 0xB1, 0xE0, 0x28, 0x85,
        0xD6, 0xA0, 0x15, 0x68, 0x85, 0x1F, 0x58, 0xB1, 0x46, 0xC0, 0x8A, 0xD0, 0x30, 0x42, 0x10, 0x08,
        0xAE, 0xA3, 0x08, 0xAC, 0x80, 0xE3, 0x81, 0x97, 0x51, 0x34, 0xAA, 0xEB, 0x5C, 0xFA, 0xE0, 0x1C,
        0x93, 0x1F, 0xFF, 0xE4, 0xC6, 0x09, 0x70, 0x83, 0xCA, 0x87, 0xC5, 0xDE, 0xFD, 0x69, 0xC7, 0xCB,
        0xD0, 0xB0, 0x0A, 0x01, 0x7C, 0x03, 0x29, 0x0F, 0xAA, 0x0D, 0x4B, 0x4A, 0x87, 0x7D, 0xE1, 0x1B,
        0xD4, 0x02, 0xB0, 0x02, 0x82, 0xA0, 0x44, 0x31, 0xD8, 0x9B, 0xA6, 0x54, 0xF1, 0x79, 0xA2, 0x37,
        0x83, 0xAD, 0x55, 0x38, 0xB9, 0x76, 0x99, 0x2B, 0xDE, 0x30, 0xBF, 0x74, 0xF7, 0xF5, 0x05, 0x6E,
        0xEA, 0xDD, 0x58, 0x01, 0xF5, 0x95, 0x52, 0xFA, 0xDA, 0xE2, 0x0A, 0x18, 0x01, 0xDD, 0x5C, 0x45,
        0x40, 0x69, 0x15, 0x85, 0xD0, 0xDA, 0x66, 0xA7, 0x08, 0x28, 0x1D, 0x76, 0x2A, 0xA1, 0x4B, 0x3B,
        0x64, 0x8B, 0x3D, 0x2C, 0x3E, 0xDC, 0xC0, 0x19, 0xC8, 0xE3, 0x97, 0x4B, 0xD4, 0x2A, 0x3F, 0x52,
        0x4D, 0x1F, 0x25, 0x1D, 0x54, 0x07, 0xD1, 0x1C, 0x8C, 0x15, 0xF0, 0xE2, 0x33, 0xFD, 0xBC, 0x7E,
        0x54, 0x51, 0xAD, 0x9B, 0x70, 0x93, 0x4A, 0x45, 0xBB, 0x8D, 0x0C, 0x14, 0xE9, 0xE0, 0xAA, 0x20,
        0x80, 0x45, 0xA1, 0x24, 0x8F, 0xA0, 0x80, 0x01, 0x8C, 0x7E, 0x83, 0x57, 0x7C, 0x4D, 0xE9, 0xD3,
        0x29, 0xFD, 0x40, 0x44, 0xC7, 0x0A, 0x78, 0x76, 0xE4, 0x20, 0x6F, 0xBD, 0x3A, 0x14, 0x4D, 0x1A,
        0x9B, 0x54, 0x2A, 0x3E, 0xE5, 0x6E, 0x2E, 0xF9, 0x4C, 0x7C, 0x95, 0xE5, 0x5E, 0x20, 0xB8, 0x00,
        0xD3, 0xD3, 0xD3, 0xA7, 0x3D, 0xCF, 0xBB, 0xE4, 0x79, 0x1E, 0xF5, 0x47, 0x1B, 0xA4, 0xB2, 0x39,
        0x54, 0xB4, 0x13, 0xC3, 0xFD, 0xFB, 0xF7, 0xA3, 0x29, 0xB4, 0xD6, 0xDC, 0xBA, 0x35, 0xCB, 0xC0,
        0x40, 0x3F, 0x63, 0x63, 0x4F, 0xE3, 0x79, 0xDE, 0xF6, 0xB4, 0x05, 0x6C, 0x53, 0x6C, 0xBB, 0x9A,
        0xD6, 0x77, 0x0D, 0x22, 0x88, 0x31, 0x61, 0x8E, 0x01, 0xB8, 0xAE, 0x4B, 0xA1, 0x50, 0xA0, 0x50,
        0x28, 0xB0, 0x30, 0x73, 0x8D, 0xC1, 0x91, 0x27, 0x3B, 0xEC, 0x4C, 0x35, 0xA3, 0x2D, 0x6C, 0x56,
        0x36, 0xF8, 0xE3, 0xF6, 0x6D, 0xEA, 0xF5, 0x3A, 0xE3, 0xE3, 0xCF, 0x6F, 0x1B, 0x69, 0x3B, 0x44,
        0x4A, 0x6F, 0xE9, 0x53, 0x12, 0xF6, 0x44, 0x02, 0x50, 0x8A, 0x95, 0x8A, 0xCF, 0x72, 0xAD, 0x82,
        0x53, 0x37, 0xCC, 0x2E, 0x54, 0x76, 0xAC, 0x58, 0x27, 0xB3, 0x8F, 0xF1, 0xF1, 0x71, 0xE6, 0xE6,
        0xE6, 0x98, 0x9A, 0xBA, 0xC1, 0x91, 0x23, 0xCF, 0xC5, 0x54, 0x77, 0xBB, 0x28, 0x17, 0x10, 0x94,
        0x84, 0x7D, 0x1A, 0x20, 0x08, 0x02, 0x3C, 0x07, 0xF2, 0x59, 0x17, 0xD7, 0x51, 0xE4, 0xB3, 0x6E,
        0x87, 0xCB, 0x89, 0xAE, 0xA0, 0xD1, 0xA0, 0x5E, 0xAB, 0x33, 0x36, 0x76, 0x98, 0xE5, 0xE5, 0x55,
        0x26, 0x26, 0x2E, 0x52, 0xAB, 0xD5, 0x12, 0x22, 0x47, 0x50, 0xD2, 0x12, 0xD0, 0x8A, 0x80, 0x40,
        0x10, 0x08, 0x55, 0xDF, 0x20, 0x36, 0xFC, 0xDC, 0x31, 0x02, 0x6E, 0x8A, 0x52, 0x69, 0x91, 0xBB,
        0x73, 0xF7, 0xD0, 0x4A, 0xF3, 0xF0, 0xE1, 0x12, 0xF3, 0xF3, 0xF3, 0x8C, 0x8E, 0x8E, 0x26, 0x10,
        0x61, 0xB7, 0x54, 0x8E, 0xDB, 0x4A, 0x0F, 0xDF, 0x58, 0xF0, 0x2D, 0x29, 0x01, 0xDF, 0xB7, 0x31,
        0x74, 0xCA, 0x93, 0x39, 0x90, 0x43, 0x77, 0xD7, 0x48, 0xB9, 0x70, 0xE1, 0xEA, 0x5D, 0x3E, 0xFB,
        0xFC, 0x4F, 0xF2, 0x4F, 0xF5, 0x20, 0x08, 0x81, 0x11, 0xAC, 0x05, 0xAD, 0x9B, 0x8C, 0xD0, 0x0E,
        0xE2, 0xA4, 0xC8, 0x7B, 0x01, 0x67, 0x8F, 0xAC, 0xD3, 0xDF, 0x5F, 0x44, 0x11, 0xBE, 0x5C, 0x08,
        0x31, 0xDA, 0x95, 0x76, 0x48, 0xEF, 0xF3, 0xA8, 0xAD, 0x29, 0x72, 0x39, 0x2F, 0x01, 0xC5, 0x3D,
        0xC8, 0x77, 0x91, 0x72, 0x35, 0xC6, 0xE9, 0x62, 0x66, 0xD5, 0xC1, 0xCD, 0xBA, 0x5B, 0x09, 0xB8,
        0xDE, 0x24, 0x60, 0xB5, 0xC2, 0xC9, 0xB5, 0x4B, 0x5C, 0x31, 0xC3, 0xBC, 0xFF, 0xDB, 0x14, 0x67,
        0xCF, 0x8C, 0x83, 0x72, 0x35, 0x4A, 0x7B, 0x6E, 0x2B, 0x1A, 0x7E, 0x20, 0xD8, 0x84, 0x16, 0xB4,
        0x37, 0x11, 0xD8, 0x5C, 0xDF, 0x60, 0x61, 0x66, 0x09, 0x29, 0xE9, 0x58, 0x02, 0xFA, 0x94, 0x58,
        0x59, 0x5E, 0x44, 0x61, 0x15, 0xE0, 0xB8, 0x2D, 0x78, 0x04, 0x46, 0x68, 0x24, 0xB5, 0x60, 0x1B,
        0x78, 0x46, 0x07, 0x3C, 0xDE, 0x7E, 0x39, 0xC5, 0xC8, 0x58, 0x5F, 0x2C, 0x01, 0x27, 0xBF, 0x9B,
        0xC0, 0x1A, 0x83, 0xB2, 0x5B, 0x72, 0x40, 0x91, 0x49, 0x3B, 0x74, 0xED, 0xCA, 0x82, 0xA6, 0x11,
        0xAE, 0x66, 0xB0, 0xAF, 0x9B, 0x97, 0x8E, 0x16, 0x39, 0x71, 0xE2, 0x58, 0x2C, 0x01, 0x67, 0x7F,
        0xFE, 0x21, 0xBC, 0x65, 0xB4, 0x57, 0x81, 0x56, 0x8A, 0xC0, 0x08, 0x55, 0xDF, 0x22, 0x16, 0xAA,
        0xBB, 0x88, 0x80, 0x95, 0x26, 0x59, 0x10, 0xC0, 0x24, 0x20, 0xA0, 0x6D, 0xE3, 0x40, 0x53, 0x80,
        0x15, 0x8B, 0x31, 0x16, 0xDF, 0x37, 0xA4, 0x44, 0xF0, 0x3B, 0xE6, 0xC0, 0xE3, 0x2D, 0xD0, 0xD1,
        0x42, 0xF1, 0x04, 0x54, 0xCD, 0xA4, 0x77, 0x1D, 0x0D, 0x28, 0x15, 0x71, 0x20, 0xE3, 0x69, 0xBA,
        0x72, 0xBB, 0xB7, 0x20, 0xE5, 0xEA, 0xB6, 0x9B, 0x61, 0x3C, 0x01, 0xD7, 0xD6, 0xAB, 0x7C, 0x3B,
        0x39, 0xCF, 0x52, 0xB9, 0xAE, 0x94, 0x8A, 0x92, 0x30, 0x7C, 0x62, 0xD9, 0x8B, 0x05, 0x22, 0xE1,
        0x8E, 0x76, 0x86, 0x8F, 0x44, 0x04, 0x5C, 0x29, 0x6F, 0xD8, 0xAB, 0xBF, 0xDE, 0xAE, 0x07, 0x1B,
        0x73, 0x65, 0xB1, 0x41, 0xC3, 0x6D, 0xDD, 0x60, 0x1A, 0xC1, 0xDE, 0x2C, 0x40, 0x85, 0xCF, 0x2A,
        0x89, 0x09, 0xE8, 0xAF, 0xAF, 0x96, 0x7F, 0xFF, 0xE4, 0x1B, 0x90, 0xCB, 0xC0, 0x94, 0xDB, 0xFA,
        0x3D, 0xBB, 0x6B, 0x10, 0xFD, 0x63, 0x81, 0x56, 0x49, 0xB5, 0x0A, 0x5E, 0x3A, 0xB3, 0x0A, 0xFA,
        0x4B, 0x30, 0x17, 0x81, 0x7A, 0x64, 0x41, 0xC3, 0x08, 0x76, 0x8F, 0x55, 0x20, 0x92, 0xD4, 0x2F,
        0x50, 0x3A, 0x05, 0xDA, 0x09, 0xB0, 0xA6, 0xDA, 0x56, 0x86, 0x1A, 0x63, 0xD5, 0x9E, 0xAB, 0x20,
        0x79, 0x93, 0x88, 0x80, 0xB4, 0x3F, 0x0F, 0x58, 0x6B, 0xE8, 0xC9, 0x68, 0x7A, 0x7A, 0x33, 0xAC,
        0xFE, 0xA5, 0x19, 0x3C, 0x90, 0x49, 0x3C, 0xA5, 0xA3, 0x54, 0xD3, 0x02, 0x49, 0x94, 0xB1, 0x2D,
        0x02, 0x6E, 0x11, 0x70, 0xFE, 0xFC, 0xF9, 0xA5, 0xEE, 0x5C, 0xEE, 0xEB, 0x5C, 0x2E, 0xD7, 0xBB,
        0xB1, 0xBC, 0x20, 0xDD, 0x07, 0xAE, 0x50, 0xB1, 0xB9, 0x53, 0x63, 0xC5, 0x9E, 0x68, 0x62, 0x79,
        0x4C, 0x9C, 0x95, 0x52, 0xAC, 0xAC, 0x94, 0x38, 0x74, 0x68, 0x38, 0xD1, 0x21, 0xA4, 0x05, 0xA0,
        0xED, 0x02, 0x6E, 0xAD, 0x95, 0xCB, 0xEF, 0x3C, 0xAA, 0x56, 0xFB, 0x5B, 0x86, 0x9E, 0x79, 0xF3,
        0xA3, 0xC9, 0xD3, 0x27, 0x86, 0x1E, 0x03, 0x98, 0xF6, 0x4D, 0x09, 0xC3, 0x23, 0x43, 0x14, 0x8B,
        0x43, 0x09, 0x96, 0x97, 0xCE, 0x02, 0x66, 0x67, 0x67, 0x1B, 0xC0, 0x9D, 0xE6, 0x05, 0xC0, 0xE0,
        0xC8, 0x61, 0x8E, 0x1F, 0x7F, 0x61, 0xDB, 0xE2, 0x92, 0xF4, 0x40, 0xD5, 0xB1, 0xB5, 0x13, 0x70,
        0x8B, 0x80, 0x4E, 0x6D, 0xE6, 0x4E, 0x99, 0x73, 0x5F, 0x5C, 0xC7, 0x8A, 0x6D, 0x5B, 0xD6, 0x86,
        0xE7, 0x31, 0x9C, 0x7F, 0x8B, 0x50, 0x71, 0xC9, 0x07, 0x6B, 0x9B, 0x8D, 0x88, 0x80, 0x12, 0x27,
        0xE0, 0xC6, 0xCD, 0x7B, 0xDF, 0x5F, 0xBF, 0x3E, 0x7B, 0x2C, 0x30, 0xC6, 0x89, 0xEA, 0x4C, 0xFD,
        0x87, 0x73, 0xA6, 0x02, 0x2D, 0x81, 0xA9, 0xCC, 0x4D, 0x97, 0xC5, 0x06, 0x8D, 0x24, 0x7F, 0x1A,
        0x02, 0x4E, 0x01, 0xFB, 0x13, 0xC4, 0xDC, 0x69, 0x8E, 0x73, 0xE2, 0xB0, 0x01, 0x3C, 0x00, 0x2E,
        0xB4, 0xEC, 0xDE, 0x69, 0x62, 0x0D, 0xA4, 0x76, 0x61, 0xB8, 0x93, 0x70, 0x9C, 0x01, 0xEA, 0x2D,
        0x36, 0xFF, 0x0D, 0x72, 0xF4, 0x7C, 0x9C, 0x5A, 0x47, 0x85, 0x66, 0x00, 0x00, 0x00, 0x00, 0x49,
        0x45, 0x4E, 0x44, 0xAE, 0x42, 0x60, 0x82,
    };

    static const unsigned char kRecentFilesView[] =
    {
        0x89, 0x50, 0x4E, 0x47, 0x0D, 0x0A, 0x1A, 0x0A, 0x00, 0x00, 0x00, 0x0D, 0x49, 0x48, 0x44, 0x52,
        0x00, 0x00, 0x00, 0x20, 0x00, 0x00, 0x00, 0x20, 0x08, 0x06, 0x00, 0x00, 0x00, 0x73, 0x7A, 0x7A,
        0xF4, 0x00, 0x00, 0x00, 0xF0, 0x49, 0x44, 0x41, 0x54, 0x78, 0xDA, 0xED, 0x56, 0x41, 0x0E, 0xC3,
        0x20, 0x0C, 0x33, 0xFB, 0x18, 0xFD, 0x59, 0xD3, 0x9F, 0x85, 0x97, 0x79, 0x87, 0x41, 0xD7, 0x6E,
        0x74, 0x82, 0x90, 0x69, 0x9A, 0x84, 0x25, 0x84, 0x38, 0xA0, 0x18, 0xDB, 0x40, 0x80, 0x89, 0x89,
        0x7F, 0x87, 0x88, 0x70, 0x64, 0xFF, 0x6D, 0xB4, 0xF8, 0xB2, 0x2C, 0x00, 0xC0, 0x9F, 0x9C, 0xBC,
        0x40, 0x55, 0x69, 0x25, 0x11, 0xAC, 0x32, 0xAF, 0xEB, 0x7A, 0x5A, 0xA7, 0x94, 0x90, 0xD5, 0x08,
        0x5F, 0x3B, 0x29, 0x49, 0xBE, 0xAE, 0x09, 0xB8, 0x28, 0xF1, 0xB1, 0xB8, 0xAA, 0x92, 0xC4, 0x75,
        0xF1, 0x0A, 0x09, 0x11, 0xD9, 0x87, 0xC3, 0xE9, 0x1B, 0x8A, 0x57, 0x48, 0x90, 0xC8, 0x7B, 0xAF,
        0x55, 0x69, 0xBA, 0x05, 0xDB, 0x26, 0x67, 0xCF, 0x43, 0x00, 0xC8, 0xFA, 0x0C, 0x20, 0xC6, 0x08,
        0x55, 0x2D, 0xCB, 0x02, 0x36, 0x87, 0xB0, 0xC8, 0x96, 0x43, 0x65, 0x42, 0x8C, 0x71, 0x0F, 0xA6,
        0x08, 0x20, 0xD2, 0x18, 0xFA, 0x37, 0xA9, 0x8D, 0x40, 0xB6, 0xE4, 0x10, 0x4C, 0x36, 0x5B, 0x90,
        0x52, 0x02, 0x10, 0x06, 0x67, 0x9C, 0xEC, 0xE8, 0x0C, 0x1E, 0xF6, 0xE4, 0x5B, 0xE7, 0x6C, 0xA3,
        0xED, 0x8A, 0x7A, 0x91, 0xA8, 0xD8, 0xD0, 0xAE, 0xC2, 0x68, 0x71, 0x55, 0x3D, 0xBE, 0x03, 0xFD,
        0x04, 0x3C, 0x14, 0x78, 0x3E, 0x4A, 0xE8, 0x7F, 0x21, 0x3D, 0x6D, 0x30, 0x13, 0xF0, 0xB2, 0xA1,
        0xDB, 0x82, 0x6F, 0xD8, 0x60, 0xFA, 0xA4, 0x3C, 0x6D, 0x30, 0x13, 0x70, 0xB6, 0xA1, 0xAF, 0x21,
        0x79, 0x6C, 0x14, 0xA7, 0xAF, 0xBD, 0x5E, 0xAF, 0xA5, 0x7B, 0xF1, 0x6A, 0x30, 0x7C, 0x3B, 0xA5,
        0x89, 0x09, 0x2F, 0xDC, 0x01, 0xE1, 0xC7, 0x68, 0xD1, 0xA3, 0xDE, 0x29, 0x0A, 0x00, 0x00, 0x00,
        0x00, 0x49, 0x45, 0x4E, 0x44, 0xAE, 0x42, 0x60, 0x82,
    };

    static const unsigned char kBrowserDownloadsView[] =
    {
        0x89, 0x50, 0x4E, 0x47, 0x0D, 0x0A, 0x1A, 0x0A, 0x00, 0x00, 0x00, 0x0D, 0x49, 0x48, 0x44, 0x52,
        0x00, 0x00, 0x00, 0x20, 0x00, 0x00, 0x00, 0x20, 0x08, 0x06, 0x00, 0x00, 0x00, 0x73, 0x7A, 0x7A,
        0xF4, 0x00, 0x00, 0x08, 0x91, 0x49, 0x44, 0x41, 0x54, 0x78, 0xDA, 0xC5, 0x97, 0x6B, 0x8C, 0x5D,
        0x55, 0x15, 0xC7, 0x7F, 0x67, 0x9F, 0xE7, 0x7D, 0xCE, 0xCC, 0xBD, 0xD3, 0xB9, 0x33, 0xED, 0xB4,
        0x43, 0xA7, 0x43, 0x5F, 0x16, 0x2A, 0x02, 0xCA, 0xAB, 0x4D, 0x80, 0xD4, 0x68, 0x51, 0x51, 0xF0,
        0x91, 0x18, 0xBF, 0xA0, 0x7C, 0x30, 0x26, 0x46, 0x63, 0x82, 0x8F, 0x44, 0x0D, 0xA2, 0x26, 0x4A,
        0x50, 0x02, 0x8A, 0x5F, 0x34, 0x51, 0x0C, 0x12, 0x12, 0x63, 0x0C, 0xA6, 0xBC, 0x12, 0x40, 0x40,
        0x85, 0x22, 0xD8, 0x42, 0x05, 0xFA, 0xA0, 0x4F, 0x66, 0x9C, 0xF7, 0xEB, 0xBE, 0xCE, 0x3D, 0xF7,
        0xEC, 0x97, 0x1F, 0xE6, 0xB6, 0x0C, 0x4C, 0x2B, 0x92, 0x98, 0x78, 0x92, 0x95, 0x73, 0x72, 0x72,
        0xCE, 0xFE, 0xFF, 0xF6, 0x5A, 0x6B, 0xAF, 0xBD, 0x36, 0xFC, 0x9F, 0x2F, 0xE7, 0xDD, 0xFE, 0x70,
        0xD9, 0xAD, 0x97, 0x5C, 0x68, 0xEB, 0x23, 0x57, 0x58, 0x19, 0x6D, 0x20, 0x7F, 0xB8, 0x5C, 0x3B,
        0xB1, 0x15, 0x9D, 0xE4, 0x16, 0x83, 0xEE, 0xF1, 0xE3, 0x88, 0xE6, 0x5E, 0xD5, 0x8E, 0xF7, 0x1D,
        0xBE, 0xEF, 0x69, 0xF3, 0x3F, 0x05, 0xB8, 0xEC, 0xB6, 0x0D, 0x45, 0xD7, 0x6F, 0x7F, 0x29, 0xC8,
        0x72, 0xB3, 0x88, 0xD8, 0x30, 0xFD, 0xFC, 0x4D, 0xB4, 0xEA, 0x5D, 0xA4, 0x0D, 0x83, 0x51, 0x21,
        0xAA, 0x6D, 0x70, 0xDC, 0x98, 0x7C, 0x61, 0x1C, 0x67, 0xD5, 0xE3, 0x63, 0x4E, 0xBB, 0xF0, 0x9B,
        0x98, 0xA9, 0xBB, 0x47, 0xEF, 0x1B, 0x9D, 0x79, 0xA7, 0xB1, 0xDD, 0x77, 0xFA, 0x60, 0xE7, 0x1D,
        0xC3, 0x9F, 0x77, 0xA2, 0x78, 0x4F, 0xB6, 0x68, 0x3E, 0x6A, 0x5B, 0x6E, 0x49, 0xCE, 0x7F, 0x96,
        0xA0, 0xCB, 0x25, 0xF0, 0x36, 0x11, 0x66, 0xF3, 0x04, 0xB9, 0x08, 0x3F, 0x9F, 0xC5, 0x6A, 0x9F,
        0x24, 0xE9, 0xC2, 0x69, 0xFB, 0xC5, 0x5C, 0x65, 0x6A, 0xE7, 0x62, 0xFB, 0xE4, 0x17, 0xB3, 0x1B,
        0xF3, 0x69, 0x6E, 0x73, 0xEE, 0xF9, 0xF8, 0x60, 0xCB, 0xBE, 0x6B, 0x0F, 0xEC, 0xBC, 0x63, 0x38,
        0x1B, 0x46, 0xCE, 0xAF, 0xA3, 0x42, 0xFA, 0xE9, 0xD6, 0x7C, 0x9E, 0x76, 0xF5, 0xE3, 0x44, 0x99,
        0xED, 0x08, 0x51, 0xC1, 0x58, 0x30, 0x52, 0x22, 0x63, 0x49, 0x3B, 0x96, 0x24, 0xCD, 0x84, 0x34,
        0x96, 0xA4, 0x0D, 0x49, 0x52, 0x9D, 0xA7, 0xFF, 0xAA, 0xBB, 0x98, 0x1A, 0xAF, 0xE3, 0xB4, 0xF3,
        0xB4, 0x93, 0xDA, 0xE3, 0x56, 0xFA, 0x9F, 0x99, 0x79, 0x70, 0x6E, 0xFE, 0xBF, 0xF6, 0xC0, 0xFB,
        0x6F, 0x1B, 0xCA, 0x39, 0xAE, 0x7A, 0x34, 0xD7, 0x65, 0x77, 0xD7, 0x46, 0x7B, 0x28, 0x97, 0xEE,
        0xA4, 0xB2, 0xEE, 0x4A, 0xA2, 0x4C, 0x19, 0x3F, 0x13, 0x12, 0x66, 0x7C, 0x82, 0x28, 0x20, 0x88,
        0x7C, 0xDC, 0xD0, 0x47, 0xE0, 0xE0, 0xFA, 0x3E, 0x5A, 0x2B, 0x54, 0x6A, 0x71, 0x93, 0x88, 0xA0,
        0x30, 0x83, 0x27, 0x7B, 0xD0, 0xA4, 0xC3, 0xAE, 0xEB, 0x5D, 0x57, 0x5C, 0x3F, 0xF2, 0xFB, 0xFA,
        0x91, 0xC9, 0xF8, 0x1D, 0x3D, 0x70, 0xF9, 0x6D, 0x23, 0x8E, 0xF5, 0xD3, 0x3F, 0x86, 0x85, 0xF4,
        0x7A, 0x3D, 0x76, 0x31, 0x03, 0x1B, 0xBF, 0x41, 0xEF, 0xC0, 0x00, 0x08, 0x20, 0x6E, 0x92, 0xA9,
        0x4F, 0x92, 0x6D, 0xCE, 0x13, 0x36, 0xA6, 0xF1, 0x17, 0xA6, 0xC8, 0xD6, 0xC7, 0xC9, 0x34, 0xA6,
        0x99, 0x0B, 0x2A, 0xEC, 0xF7, 0x2F, 0xE4, 0xC0, 0x74, 0x0F, 0xE5, 0xA1, 0x17, 0x99, 0x36, 0xBF,
        0xC5, 0x08, 0x45, 0x73, 0x5E, 0x63, 0xC6, 0x36, 0x21, 0xDC, 0xFE, 0xBF, 0x69, 0x3D, 0x75, 0xF5,
        0xF4, 0x63, 0x07, 0xE4, 0x72, 0x3D, 0x6F, 0x85, 0x4B, 0x7C, 0xBE, 0x1C, 0xCF, 0x56, 0xAE, 0xCF,
        0xB9, 0x1F, 0xA3, 0x38, 0xB4, 0x8E, 0xD2, 0xEA, 0x01, 0x0A, 0xC5, 0x08, 0x47, 0xB8, 0x6C, 0x7A,
        0xF1, 0x57, 0xAC, 0xD9, 0xFB, 0x3B, 0x5C, 0x57, 0x13, 0x06, 0x10, 0x44, 0x1E, 0xD9, 0x5C, 0x40,
        0xA6, 0x14, 0xE0, 0x67, 0xFF, 0xC5, 0xE7, 0x82, 0x57, 0xB9, 0xBD, 0xF7, 0x5A, 0x5E, 0xEA, 0xFA,
        0x03, 0xE1, 0x8C, 0x40, 0x19, 0x97, 0x7C, 0x05, 0xAA, 0xE6, 0x20, 0xCD, 0xF1, 0x57, 0xAF, 0x74,
        0x29, 0x7D, 0x1F, 0xF8, 0xE6, 0x39, 0x01, 0x3E, 0x70, 0xEB, 0xC6, 0x8A, 0x6C, 0xF3, 0x83, 0xAC,
        0x7F, 0x33, 0x7D, 0xEB, 0x0C, 0xB9, 0x42, 0x42, 0xEF, 0xC0, 0x0C, 0x79, 0x6F, 0x98, 0xEE, 0x4C,
        0x44, 0x77, 0xC6, 0xC3, 0x6D, 0xC5, 0x54, 0xCE, 0xEB, 0x62, 0xEB, 0xAE, 0x0D, 0x20, 0x04, 0x8E,
        0xB6, 0xA0, 0x2D, 0x28, 0xB0, 0xA9, 0x26, 0xAA, 0x1A, 0x84, 0x6F, 0xB0, 0xC6, 0x22, 0x70, 0xF0,
        0x03, 0x41, 0x98, 0x75, 0x68, 0xF9, 0x16, 0x25, 0xE7, 0xBF, 0x56, 0xDC, 0x9D, 0xFF, 0x4D, 0xED,
        0xE1, 0xC6, 0xA1, 0xD3, 0x9A, 0xE2, 0x2D, 0xD3, 0x4F, 0x2A, 0x5F, 0xB5, 0x42, 0x14, 0x56, 0x8D,
        0x1C, 0xC2, 0x13, 0x3B, 0xC8, 0x84, 0x3B, 0xB0, 0x32, 0xA5, 0x1C, 0x19, 0xCE, 0x2B, 0x86, 0x74,
        0xE7, 0x73, 0x00, 0x58, 0x0B, 0x38, 0x02, 0x94, 0x7D, 0xD3, 0xB4, 0xC5, 0x6A, 0x8B, 0x6E, 0xE4,
        0x88, 0x22, 0x0F, 0x2F, 0x2B, 0x48, 0xA5, 0x21, 0xAD, 0x5B, 0x2C, 0x0E, 0x5E, 0xE4, 0x60, 0x8C,
        0xF1, 0xAD, 0x54, 0xDF, 0x5E, 0x2E, 0x79, 0x06, 0x60, 0xF8, 0xBA, 0x1F, 0xBA, 0xF5, 0xB1, 0x5D,
        0x37, 0x75, 0x65, 0x37, 0x60, 0xC4, 0x29, 0x1C, 0x21, 0xC8, 0x95, 0xC7, 0xE8, 0x2D, 0x69, 0x7A,
        0xBA, 0xE7, 0xE9, 0x09, 0x5D, 0xF2, 0x99, 0x08, 0x00, 0xA5, 0x0C, 0x8E, 0xB2, 0x38, 0xCA, 0x82,
        0x5C, 0x66, 0x0A, 0xE2, 0x56, 0x0E, 0x9B, 0xAE, 0xC7, 0xCB, 0x3A, 0xF8, 0xBE, 0xC0, 0xF3, 0x1D,
        0xC2, 0xAC, 0x43, 0x58, 0x72, 0x70, 0x7C, 0xD0, 0xB2, 0xFD, 0xC9, 0xE2, 0xAE, 0x62, 0x69, 0x05,
        0x80, 0x92, 0x5C, 0xA1, 0xD2, 0x52, 0xC5, 0xC8, 0xAF, 0xD0, 0x53, 0xD8, 0x46, 0xBE, 0xE7, 0xE7,
        0x68, 0xFD, 0x1D, 0xDA, 0xFA, 0xA7, 0x68, 0x73, 0x2F, 0x88, 0xE7, 0xF0, 0x32, 0x4B, 0x8B, 0xC6,
        0xE8, 0x37, 0x01, 0x1C, 0x6D, 0x71, 0x14, 0xA0, 0x2C, 0x46, 0x5B, 0x84, 0x23, 0x98, 0x3E, 0xF0,
        0x05, 0x84, 0x5C, 0x45, 0x10, 0x79, 0x58, 0x09, 0xD6, 0x2C, 0x09, 0xF9, 0x59, 0x70, 0xB0, 0xA1,
        0xC5, 0xEC, 0x3E, 0x5B, 0x08, 0xAE, 0xF2, 0x73, 0x59, 0x3C, 0xCF, 0x27, 0x4D, 0x6E, 0x24, 0xF0,
        0x03, 0x1C, 0x04, 0xC6, 0x58, 0xE6, 0x93, 0x69, 0x26, 0xE5, 0x93, 0xD4, 0xDC, 0xFD, 0x4B, 0x00,
        0xCA, 0x62, 0x4F, 0x9B, 0xB4, 0x18, 0x65, 0xD0, 0xCA, 0xA2, 0xA5, 0x25, 0x6C, 0x2F, 0x12, 0x25,
        0x86, 0x99, 0x67, 0x6F, 0xA6, 0x75, 0xF4, 0x1A, 0x9A, 0x87, 0xAF, 0xA6, 0xB1, 0x77, 0x17, 0xBA,
        0xEE, 0xA3, 0x13, 0xC0, 0x07, 0xC7, 0x37, 0x57, 0xAE, 0x48, 0x42, 0x63, 0xC4, 0x16, 0x1C, 0x97,
        0x54, 0x4A, 0x8C, 0x9E, 0x20, 0x91, 0x7F, 0x46, 0xC8, 0x90, 0x66, 0x52, 0x47, 0xD2, 0xC2, 0x71,
        0x13, 0xB4, 0x53, 0xA7, 0x0B, 0x30, 0x7A, 0x59, 0xDC, 0x95, 0x45, 0x6B, 0x8B, 0xD1, 0xA0, 0x95,
        0xE5, 0x13, 0x13, 0xF7, 0x72, 0x4D, 0x6C, 0xF8, 0x87, 0xDD, 0xC2, 0x83, 0x47, 0xB6, 0x73, 0x72,
        0x26, 0x42, 0x35, 0xEB, 0xF4, 0x0B, 0xB0, 0xA5, 0x3D, 0x38, 0x3E, 0xB8, 0x59, 0xBB, 0x65, 0xE5,
        0x2A, 0x30, 0xAC, 0x32, 0xA9, 0x46, 0xC6, 0x12, 0xE3, 0x1E, 0x05, 0x14, 0xAD, 0x44, 0x53, 0x1C,
        0x6F, 0xD1, 0xD7, 0x30, 0x74, 0x55, 0x67, 0x08, 0x8E, 0xC6, 0x20, 0x1C, 0x8C, 0x31, 0xA0, 0x3A,
        0x49, 0xB7, 0x0C, 0xC0, 0x68, 0xE8, 0x2D, 0x65, 0x59, 0x55, 0x72, 0x38, 0x5F, 0x4C, 0xF2, 0x62,
        0xF5, 0x3C, 0x5E, 0x35, 0x11, 0xD6, 0x82, 0x9B, 0x33, 0x38, 0x2E, 0x58, 0xC0, 0x2B, 0x88, 0x81,
        0x15, 0x00, 0x16, 0xDF, 0xD5, 0x0A, 0xA4, 0xD6, 0xB4, 0x16, 0x56, 0xB3, 0x58, 0x88, 0x29, 0x17,
        0xF2, 0xF4, 0x2E, 0x58, 0x46, 0xF6, 0x4C, 0xE3, 0xE3, 0xE0, 0xFA, 0x2E, 0x41, 0x6F, 0x86, 0x42,
        0x21, 0x42, 0x49, 0x7D, 0x46, 0xD4, 0x9C, 0x01, 0x81, 0x55, 0xBD, 0x25, 0xA4, 0xB4, 0x3C, 0x70,
        0xAC, 0x97, 0x67, 0xE6, 0xD6, 0x61, 0x74, 0x03, 0xAB, 0x0C, 0xE3, 0xFB, 0x87, 0x58, 0x73, 0x43,
        0xC4, 0xC2, 0x4C, 0x42, 0x58, 0x12, 0x62, 0x25, 0x80, 0x35, 0x55, 0x25, 0x0D, 0x2A, 0x36, 0xD4,
        0xAA, 0x5D, 0x98, 0xF9, 0x8D, 0xF8, 0x1C, 0xE7, 0xD8, 0x70, 0x1E, 0x76, 0x94, 0xB8, 0xF4, 0x40,
        0xC2, 0xB6, 0xED, 0x6B, 0x08, 0x3C, 0x1F, 0x2C, 0x28, 0x6D, 0x31, 0xCA, 0x2E, 0x03, 0x00, 0xDD,
        0x01, 0x39, 0xBE, 0x20, 0xF8, 0xE5, 0xB1, 0xCD, 0xB4, 0x5B, 0x0D, 0x8C, 0x4C, 0xB0, 0x56, 0x22,
        0x1C, 0x8D, 0x49, 0x04, 0xC2, 0x77, 0x08, 0x07, 0xBC, 0xF9, 0x95, 0x39, 0xA0, 0xF4, 0xB1, 0xA4,
        0xDA, 0xA4, 0xD9, 0x95, 0xC7, 0xF1, 0x04, 0xA6, 0x7D, 0x03, 0x49, 0x7C, 0x07, 0xCD, 0xD2, 0x22,
        0x0B, 0xEB, 0x03, 0x84, 0x0A, 0x28, 0x1C, 0x9D, 0x65, 0x78, 0xA4, 0x1F, 0x2C, 0x18, 0x05, 0xFA,
        0xB4, 0x78, 0x47, 0xD8, 0x68, 0x48, 0x53, 0xCD, 0x5D, 0xAF, 0x6F, 0xE6, 0x54, 0x3D, 0xC4, 0xA4,
        0x1A, 0xA3, 0x5D, 0x30, 0x9A, 0x9E, 0x81, 0x3A, 0xCD, 0x6A, 0x82, 0xD7, 0xEB, 0x12, 0x0D, 0x79,
        0xC7, 0x57, 0xAC, 0x02, 0x63, 0xF8, 0xBB, 0xAC, 0x37, 0x88, 0x27, 0x66, 0x89, 0xE7, 0x63, 0x1A,
        0x0B, 0xBD, 0x54, 0x8F, 0x7C, 0x8B, 0xEA, 0x7C, 0xC8, 0xCC, 0x62, 0x8B, 0xBD, 0x1B, 0x1D, 0x1E,
        0xE9, 0x6E, 0x72, 0xEC, 0xE8, 0x24, 0x32, 0xED, 0xB8, 0x5C, 0x59, 0x94, 0x5C, 0xCA, 0xFE, 0xA5,
        0x67, 0xC3, 0xC3, 0x63, 0x25, 0x1E, 0x9B, 0x1A, 0x41, 0x25, 0x12, 0xA3, 0x0C, 0xD6, 0xF8, 0xE0,
        0x64, 0xC9, 0xAE, 0x19, 0x45, 0x69, 0x4B, 0xF7, 0xC6, 0x80, 0xDC, 0x60, 0xEE, 0xF9, 0x95, 0x49,
        0x68, 0x79, 0xC2, 0x28, 0xDA, 0xF1, 0x5C, 0x35, 0x74, 0x84, 0x8F, 0xE9, 0x29, 0xE0, 0x7A, 0x11,
        0x99, 0xD9, 0x0B, 0x69, 0xE7, 0x9F, 0xA2, 0x95, 0xA4, 0xCC, 0xAD, 0x07, 0xFB, 0x5A, 0x95, 0xDD,
        0xA3, 0x82, 0x4A, 0x5F, 0xEF, 0xB2, 0xD8, 0x2F, 0xD5, 0x80, 0xB1, 0xBA, 0xE0, 0x9E, 0x13, 0x97,
        0x90, 0xC6, 0x2D, 0x74, 0x9A, 0xA0, 0xDA, 0x12, 0x6C, 0x74, 0x3A, 0xC7, 0xC8, 0x54, 0x3C, 0x4A,
        0x17, 0x17, 0xAC, 0x5F, 0x1D, 0xDA, 0x03, 0x27, 0xDF, 0xBA, 0x1D, 0x37, 0x47, 0x9F, 0x68, 0x67,
        0xD7, 0x7D, 0x68, 0x9B, 0x95, 0x6C, 0xD3, 0x52, 0x2D, 0xC5, 0xD6, 0x58, 0x88, 0x16, 0x30, 0xE2,
        0x9F, 0x68, 0x65, 0x91, 0xC6, 0x72, 0xA2, 0x02, 0xC9, 0x91, 0x02, 0x6B, 0xDB, 0x31, 0x51, 0x14,
        0x9E, 0xC9, 0x81, 0x56, 0x6A, 0xF9, 0xF1, 0xA1, 0xAD, 0x3C, 0x37, 0x51, 0x46, 0xB5, 0x1A, 0xE8,
        0x76, 0x02, 0xC6, 0x2E, 0xED, 0xB7, 0x56, 0xD1, 0x77, 0xF9, 0x3E, 0xB2, 0x17, 0x27, 0xF4, 0x7A,
        0x1F, 0xFC, 0xEB, 0xD3, 0x1F, 0x79, 0xE8, 0x27, 0x67, 0xDD, 0x8C, 0x5C, 0x5F, 0xDC, 0x2E, 0x95,
        0xFF, 0x29, 0x19, 0x23, 0xB4, 0xAA, 0x13, 0x24, 0x11, 0x22, 0x10, 0x44, 0x91, 0x42, 0x24, 0x82,
        0xD0, 0x38, 0xD4, 0xAB, 0x86, 0x7B, 0xAB, 0x97, 0xA3, 0xA7, 0x8F, 0x70, 0xA3, 0x99, 0xA5, 0x58,
        0x2C, 0x60, 0xB4, 0xE5, 0xC9, 0xB1, 0x22, 0x0F, 0x9D, 0x5A, 0x4B, 0x1A, 0xD7, 0xD1, 0xED, 0x18,
        0xAB, 0x01, 0x27, 0x5C, 0x9A, 0xA3, 0x08, 0x09, 0x46, 0xEA, 0xF8, 0x83, 0x1B, 0x98, 0x78, 0x6A,
        0xE3, 0x8F, 0xCE, 0xD9, 0x90, 0x78, 0x99, 0xF2, 0xA4, 0xE3, 0x67, 0xD6, 0xE9, 0x34, 0xB8, 0x48,
        0x27, 0x12, 0x9D, 0xA6, 0xC8, 0x96, 0xC5, 0xE9, 0x79, 0x16, 0x2D, 0x2D, 0x52, 0x5A, 0xEA, 0x87,
        0xAF, 0xA5, 0x36, 0xB1, 0x9D, 0xFD, 0xF5, 0x0A, 0xAA, 0xB6, 0xC8, 0xF9, 0xB9, 0x2A, 0x8B, 0x89,
        0xC7, 0xD7, 0xF7, 0x5D, 0xC0, 0x74, 0x4D, 0x61, 0xD2, 0x16, 0x56, 0x6B, 0x70, 0x32, 0x4B, 0xC3,
        0x1B, 0xE8, 0x59, 0xDB, 0xA2, 0xB8, 0xB9, 0x48, 0xED, 0x99, 0x9D, 0x8F, 0xD4, 0x5F, 0x1F, 0xFB,
        0x5E, 0xE3, 0xF8, 0x4B, 0xE7, 0x68, 0x48, 0x84, 0xEF, 0x09, 0x37, 0x1A, 0x28, 0x6E, 0xB9, 0xE5,
        0x2F, 0xED, 0xA6, 0x3F, 0x84, 0x36, 0x38, 0x9E, 0xA4, 0x70, 0xE9, 0x2F, 0xF0, 0xB2, 0x55, 0x18,
        0xDB, 0x4A, 0xED, 0x8D, 0xEB, 0xB1, 0x4A, 0x60, 0x54, 0x8C, 0x35, 0x0E, 0x57, 0x14, 0x46, 0x09,
        0x45, 0xCC, 0xA3, 0xA3, 0x7D, 0x4B, 0x05, 0xCA, 0xD2, 0xA9, 0xB7, 0x51, 0x47, 0x20, 0x26, 0x2A,
        0x0D, 0x50, 0x58, 0xBF, 0x7A, 0x6E, 0xFE, 0x85, 0xEF, 0xEE, 0x30, 0xED, 0xFA, 0xEB, 0x26, 0xAD,
        0xAB, 0xB3, 0x79, 0xC0, 0xC1, 0x1A, 0xDF, 0x9A, 0x34, 0x23, 0xEB, 0x87, 0x8F, 0x86, 0xBD, 0xEF,
        0xDB, 0x25, 0x63, 0x1D, 0xCA, 0x56, 0x1D, 0xD7, 0x2A, 0xBC, 0xD5, 0xA7, 0xA8, 0x1D, 0xF8, 0x30,
        0xED, 0xAA, 0x40, 0xB5, 0x63, 0x74, 0xBB, 0x85, 0x96, 0x8A, 0x13, 0xB5, 0x0C, 0x47, 0x16, 0x02,
        0xAC, 0x56, 0x9D, 0x7D, 0xDA, 0x82, 0x63, 0xC1, 0x58, 0x1C, 0x4F, 0x11, 0x16, 0x73, 0xE4, 0x07,
        0xD7, 0x24, 0xB5, 0x83, 0x77, 0xDF, 0x22, 0x17, 0x8E, 0xBF, 0x62, 0x75, 0x9A, 0x00, 0xE6, 0xEC,
        0x00, 0xE0, 0x03, 0x5D, 0x56, 0xD6, 0x33, 0xBA, 0xF1, 0xDA, 0x44, 0x54, 0xBE, 0xE0, 0x22, 0xAB,
        0x64, 0xD8, 0x9A, 0x29, 0x93, 0xE9, 0x1B, 0x43, 0xD7, 0xCB, 0x24, 0xB3, 0x3D, 0xD8, 0xB4, 0x89,
        0xD1, 0x06, 0xAB, 0xDA, 0x58, 0x23, 0x97, 0x84, 0x1D, 0xB7, 0x73, 0x5F, 0xEA, 0x15, 0xDC, 0x30,
        0x22, 0x2A, 0x95, 0xC9, 0xF6, 0x57, 0xE2, 0xFA, 0xC1, 0x9F, 0xDD, 0x93, 0xCE, 0x1D, 0xDA, 0x07,
        0x54, 0x81, 0x26, 0xA0, 0xCE, 0x05, 0xE0, 0x02, 0x59, 0xA0, 0xDB, 0xAA, 0xA6, 0x2B, 0x6B, 0xFB,
        0x26, 0xA2, 0xF2, 0xFA, 0x41, 0x2F, 0xD3, 0x57, 0x6C, 0x8D, 0x0E, 0x12, 0xF6, 0x8C, 0xD3, 0x9A,
        0xED, 0xEB, 0x14, 0x0E, 0x09, 0x04, 0x20, 0x7C, 0x20, 0x04, 0x02, 0x1C, 0xCF, 0xC7, 0xF5, 0x03,
        0xA2, 0x42, 0x37, 0xD9, 0xD5, 0x83, 0x78, 0x61, 0x6D, 0xBA, 0xFA, 0xCA, 0x9D, 0x0F, 0xA8, 0xFA,
        0xE8, 0x2B, 0xC0, 0x5C, 0xC7, 0x9A, 0x80, 0x3E, 0x57, 0x57, 0x7C, 0x1A, 0xC2, 0x07, 0x7C, 0x8C,
        0xD4, 0x72, 0xF1, 0xE5, 0x29, 0xEC, 0xAC, 0x09, 0x7B, 0x36, 0x75, 0xE5, 0x7B, 0xFA, 0x03, 0xAD,
        0x4B, 0x4E, 0xFF, 0x7B, 0x46, 0x69, 0x2D, 0x0E, 0x22, 0xBC, 0x3C, 0x22, 0x2C, 0xE2, 0x67, 0xB3,
        0x94, 0x87, 0x3C, 0xBC, 0x5C, 0x89, 0xB0, 0xBC, 0x9A, 0x20, 0x2F, 0x1B, 0xAD, 0x89, 0x3F, 0xBD,
        0xDC, 0x38, 0x72, 0xFF, 0x63, 0x56, 0xC5, 0x87, 0x81, 0x71, 0x60, 0xB2, 0x03, 0xD0, 0x5A, 0x0E,
        0xF0, 0xF6, 0xAE, 0x58, 0x00, 0x11, 0xD0, 0x0D, 0x54, 0x80, 0xFE, 0x8E, 0xAD, 0x01, 0xD6, 0xFA,
        0x25, 0x6F, 0xB8, 0xF2, 0xDE, 0xF2, 0x3A, 0xB5, 0xAA, 0x51, 0xAA, 0x0C, 0x9E, 0x9F, 0x73, 0xD9,
        0x1A, 0x14, 0x7B, 0x05, 0x62, 0xE4, 0x05, 0x59, 0x4D, 0xE6, 0xE2, 0xDA, 0xB3, 0x76, 0xFE, 0xE4,
        0xFD, 0xC5, 0x37, 0x64, 0xF5, 0xC4, 0x31, 0x60, 0x14, 0x18, 0xEB, 0x08, 0x4F, 0x02, 0x53, 0xC0,
        0x22, 0xF0, 0x96, 0x1C, 0x70, 0xCE, 0x71, 0x56, 0x08, 0x81, 0x7C, 0x07, 0xA4, 0xD4, 0xB9, 0xF7,
        0x2C, 0xB3, 0x02, 0x90, 0x59, 0x56, 0x47, 0x54, 0x67, 0x66, 0xF5, 0x8E, 0xC8, 0x3C, 0xB0, 0xB0,
        0xEC, 0x79, 0x11, 0x68, 0x00, 0xED, 0xE5, 0xB3, 0xFF, 0x4F, 0x27, 0x23, 0xD1, 0x19, 0x3C, 0xEC,
        0xE4, 0xC4, 0x72, 0x8B, 0x3A, 0xEF, 0xFD, 0x65, 0x21, 0xD4, 0x80, 0xEC, 0x08, 0x24, 0x40, 0xFC,
        0x36, 0x6B, 0x77, 0x20, 0xCD, 0xBB, 0x39, 0x9C, 0x3A, 0x1D, 0x10, 0xD1, 0x11, 0xF3, 0xCE, 0xE4,
        0xC6, 0x92, 0xB0, 0xBB, 0xEC, 0x7F, 0xDB, 0x81, 0x38, 0x0D, 0x22, 0x3B, 0x82, 0xB2, 0x23, 0x6A,
        0x3A, 0xDF, 0xAC, 0xB8, 0xFE, 0x0D, 0x99, 0xD8, 0x98, 0x2F, 0xA6, 0xC8, 0x6D, 0x5C, 0x00, 0x00,
        0x00, 0x00, 0x49, 0x45, 0x4E, 0x44, 0xAE, 0x42, 0x60, 0x82,
    };

    static const unsigned char kShellBag[] =
    {
        0x89, 0x50, 0x4E, 0x47, 0x0D, 0x0A, 0x1A, 0x0A, 0x00, 0x00, 0x00, 0x0D, 0x49, 0x48, 0x44, 0x52,
        0x00, 0x00, 0x00, 0x20, 0x00, 0x00, 0x00, 0x20, 0x08, 0x06, 0x00, 0x00, 0x00, 0x73, 0x7A, 0x7A,
        0xF4, 0x00, 0x00, 0x06, 0xE1, 0x49, 0x44, 0x41, 0x54, 0x78, 0xDA, 0xED, 0x96, 0x5B, 0x8C, 0x55,
        0x67, 0x15, 0xC7, 0x7F, 0xDF, 0xB7, 0x2F, 0xE7, 0x7E, 0x9D, 0xDB, 0x99, 0x19, 0x66, 0x06, 0x86,
        0x5B, 0x99, 0x29, 0xD0, 0x4A, 0xA1, 0x18, 0xA1, 0x14, 0x4D, 0x13, 0x86, 0xBE, 0xB4, 0x0F, 0x24,
        0x82, 0x4A, 0x62, 0x13, 0x63, 0x35, 0xB1, 0x8A, 0x4D, 0x35, 0x1A, 0x6C, 0x29, 0xB1, 0xA9, 0x34,
        0x24, 0xD8, 0x58, 0xC3, 0x83, 0x89, 0xC6, 0x56, 0x93, 0x52, 0x53, 0x88, 0xE1, 0x62, 0x63, 0x5B,
        0x45, 0x0B, 0x89, 0x14, 0x99, 0x4C, 0x85, 0x42, 0x18, 0x28, 0x0C, 0xCC, 0x30, 0x33, 0xCC, 0xB9,
        0xCD, 0x9C, 0x73, 0xF6, 0xB9, 0xEC, 0xAB, 0x0F, 0x07, 0xD1, 0x96, 0xDB, 0x21, 0x9A, 0xF4, 0xC5,
        0xF5, 0xB8, 0xBF, 0xBD, 0xD7, 0xFE, 0xED, 0xB5, 0xFE, 0xFB, 0xBF, 0x96, 0xD8, 0xB4, 0xEB, 0xA4,
        0x47, 0x03, 0x21, 0x04, 0x74, 0x24, 0x7C, 0x7C, 0x61, 0x49, 0x92, 0xA5, 0xB3, 0x23, 0x68, 0x8A,
        0x20, 0x12, 0x50, 0xA8, 0x5E, 0x1E, 0x21, 0xFD, 0xFE, 0xFB, 0x14, 0x2F, 0x5E, 0xC4, 0x2C, 0x14,
        0xB0, 0x8A, 0x45, 0xEC, 0x4A, 0x05, 0xD7, 0x34, 0xF1, 0x1C, 0x07, 0xA4, 0xC4, 0x17, 0x8F, 0xD3,
        0xFA, 0xE0, 0x83, 0x74, 0xAE, 0x1B, 0xE0, 0x8D, 0xBF, 0x4F, 0xF2, 0xDB, 0x83, 0xC7, 0x08, 0x26,
        0x3A, 0x09, 0x25, 0x3B, 0x50, 0x69, 0x30, 0xC2, 0x7E, 0x85, 0xCF, 0xF4, 0x46, 0xE8, 0xEB, 0x0A,
        0xE1, 0xD3, 0x24, 0x61, 0xD5, 0x61, 0xF2, 0xED, 0x77, 0xC8, 0x9D, 0x3A, 0x45, 0x35, 0x9D, 0xA6,
        0x32, 0x35, 0x45, 0x35, 0x93, 0xC1, 0x9C, 0x99, 0xF9, 0x37, 0x80, 0xEB, 0x22, 0xA4, 0x44, 0xAA,
        0x2A, 0x99, 0xC1, 0x41, 0x26, 0x8E, 0x1C, 0xE1, 0xA1, 0x1F, 0x3E, 0xCB, 0x8E, 0x1D, 0x7F, 0xA1,
        0x7D, 0xD1, 0x2A, 0x82, 0xF1, 0x54, 0x63, 0x00, 0x52, 0x08, 0x7A, 0x5A, 0x02, 0x2C, 0x9A, 0x15,
        0xC2, 0xA7, 0x4A, 0x22, 0x9A, 0xC7, 0xE8, 0xFE, 0x03, 0x4C, 0x9F, 0x3D, 0x8B, 0x31, 0x36, 0x86,
        0x31, 0x3A, 0x4A, 0x79, 0x72, 0x92, 0x5A, 0x3E, 0x8F, 0x6D, 0x18, 0x38, 0xA6, 0x89, 0x67, 0xDB,
        0x78, 0x9E, 0x87, 0x10, 0x02, 0xA1, 0x28, 0xA8, 0xC1, 0x20, 0x9F, 0xDB, 0xBD, 0x9B, 0xEF, 0x6C,
        0xFF, 0x09, 0xC5, 0xCC, 0x28, 0xED, 0xD7, 0xCE, 0x1A, 0x02, 0x08, 0xFA, 0x24, 0x73, 0x53, 0x01,
        0xA2, 0x41, 0x95, 0x90, 0x4F, 0x21, 0xFD, 0xB7, 0xA3, 0xCC, 0x0C, 0x0F, 0x53, 0xBA, 0x74, 0x89,
        0xC2, 0x85, 0x0B, 0x18, 0xA3, 0xA3, 0x68, 0xD1, 0x18, 0xF3, 0x37, 0x6F, 0x26, 0xDC, 0xD5, 0x85,
        0x55, 0x2A, 0x31, 0x7E, 0xF8, 0x30, 0xA3, 0x87, 0x0E, 0xE1, 0x9A, 0x26, 0x08, 0xC1, 0xE2, 0xA7,
        0x9F, 0x66, 0xDF, 0xE0, 0x49, 0xF6, 0x1F, 0x38, 0x48, 0x6A, 0xC1, 0x4A, 0xC2, 0xCD, 0xDD, 0x08,
        0xA9, 0x20, 0x1B, 0x01, 0x88, 0x05, 0x55, 0x5A, 0x63, 0x3A, 0x00, 0x9A, 0x55, 0x26, 0x33, 0x38,
        0x48, 0x79, 0x62, 0x82, 0xE2, 0xC8, 0x08, 0xC5, 0x91, 0x11, 0x92, 0x4B, 0x97, 0xB2, 0xE2, 0xCD,
        0xBD, 0xFC, 0x31, 0xDC, 0xC2, 0xCE, 0x7F, 0x5C, 0x66, 0x4F, 0x35, 0x84, 0xF6, 0xCC, 0x76, 0x36,
        0x0C, 0x9F, 0x63, 0xF1, 0x96, 0x2D, 0xA4, 0x56, 0xAF, 0x26, 0xF1, 0xC5, 0x8D, 0x3C, 0xFB, 0xFC,
        0x0B, 0x84, 0x92, 0x1D, 0x74, 0xF6, 0xAF, 0x21, 0x94, 0x48, 0x01, 0xDC, 0xB9, 0x02, 0x42, 0x40,
        0x24, 0xA0, 0xA2, 0xAB, 0x12, 0x5D, 0x95, 0x14, 0xCE, 0x9D, 0xA3, 0x96, 0xCD, 0x62, 0x8C, 0x8F,
        0x63, 0x5C, 0xB9, 0x42, 0x2D, 0x93, 0xE1, 0x81, 0xED, 0xDB, 0x79, 0xEC, 0xC9, 0xEF, 0x71, 0xFA,
        0xCC, 0x19, 0x22, 0x2D, 0x5D, 0x84, 0x92, 0x53, 0xBC, 0x75, 0xEC, 0x23, 0xBA, 0x67, 0xB5, 0xF3,
        0xA5, 0xF5, 0x1B, 0x98, 0xF7, 0xD5, 0xAF, 0xB1, 0xF9, 0xEB, 0x4F, 0x51, 0xB3, 0xA1, 0x77, 0xD1,
        0x2A, 0x9A, 0x7A, 0x96, 0x20, 0x15, 0xAD, 0x31, 0x00, 0x29, 0x04, 0x3E, 0x4D, 0xE2, 0xB8, 0x1E,
        0xAA, 0x14, 0x18, 0x63, 0x63, 0xD4, 0xF2, 0x79, 0xAA, 0xE9, 0x74, 0xBD, 0xE7, 0x95, 0x0A, 0x6A,
        0x47, 0x27, 0x86, 0x4C, 0xB0, 0x68, 0xE5, 0xA3, 0xA4, 0x66, 0xF7, 0xE1, 0xA9, 0x21, 0x8C, 0x72,
        0x99, 0x5C, 0x21, 0xC7, 0x0B, 0xBB, 0xF7, 0x92, 0x1F, 0x3B, 0x4D, 0xCD, 0x98, 0xA1, 0xB3, 0x7F,
        0x0D, 0x1D, 0x8B, 0x1E, 0x42, 0xF7, 0x87, 0xAF, 0xE7, 0x6F, 0x48, 0x03, 0x8E, 0xEB, 0x51, 0xAE,
        0x39, 0x58, 0x8E, 0x87, 0x55, 0x2C, 0x62, 0x16, 0x0A, 0x98, 0x85, 0x02, 0x76, 0xB9, 0x8C, 0x6B,
        0xDB, 0x9C, 0xFF, 0xF9, 0x2B, 0xFC, 0x72, 0xD7, 0x56, 0xF6, 0x1F, 0xBF, 0x8A, 0xA3, 0x84, 0x70,
        0x3D, 0x41, 0xBE, 0x58, 0x25, 0x93, 0x9B, 0x26, 0x18, 0x6B, 0x21, 0xD2, 0xDC, 0x8D, 0xA2, 0xE9,
        0x44, 0x5B, 0x66, 0x13, 0x88, 0xB5, 0xD5, 0xCB, 0xDA, 0x28, 0x80, 0xEB, 0x79, 0x14, 0xCA, 0x36,
        0xD9, 0xA2, 0x45, 0xB1, 0x62, 0x13, 0x4A, 0x24, 0x70, 0xAA, 0x55, 0x9C, 0x6A, 0xF5, 0xBA, 0xD2,
        0x8F, 0x6F, 0xDD, 0xCA, 0x82, 0x73, 0xE7, 0xF8, 0xD6, 0x73, 0xCF, 0x31, 0x2A, 0x12, 0x1C, 0x39,
        0x33, 0x8D, 0xA6, 0x4A, 0xFC, 0x3E, 0x1D, 0x7F, 0x28, 0x46, 0xB9, 0x3A, 0x0F, 0x84, 0x44, 0x48,
        0xE5, 0xC6, 0x0A, 0xDF, 0x09, 0xC0, 0xF3, 0x60, 0xBA, 0x6C, 0x33, 0x91, 0xAF, 0xF1, 0xC1, 0x48,
        0x89, 0x96, 0xE5, 0xCB, 0x91, 0xAA, 0x5A, 0x3F, 0xF8, 0x8F, 0x9B, 0x3E, 0x7A, 0xFD, 0x75, 0x0E,
        0xAE, 0x5D, 0x4B, 0xED, 0x37, 0xAF, 0xF0, 0xE5, 0xFB, 0xFC, 0xAC, 0xBB, 0x2F, 0x49, 0xD8, 0x2F,
        0x51, 0xA4, 0x40, 0x08, 0x89, 0x10, 0x37, 0x7F, 0x95, 0xB2, 0x78, 0xDD, 0x37, 0xB7, 0xDD, 0xB1,
        0x05, 0x8E, 0x87, 0xED, 0x7A, 0xE4, 0x4B, 0x36, 0xC2, 0x1F, 0x60, 0xC9, 0xF2, 0x85, 0x4C, 0x1E,
        0x39, 0x42, 0x2D, 0x93, 0xA9, 0x1B, 0xCE, 0x35, 0x18, 0xD7, 0xB6, 0x99, 0x3E, 0x7D, 0x9A, 0xB1,
        0xB7, 0xFE, 0x40, 0x2A, 0xA6, 0xB1, 0xFA, 0xD1, 0xCF, 0xF2, 0xDE, 0xC9, 0x71, 0x72, 0xB9, 0x2C,
        0x08, 0x81, 0xA2, 0x68, 0x1F, 0x2B, 0x7F, 0xC3, 0x00, 0xAE, 0x07, 0xA6, 0xE5, 0x52, 0x31, 0x1D,
        0x4E, 0x0C, 0xA7, 0xF1, 0xE2, 0x31, 0x06, 0xBE, 0xFD, 0x04, 0x12, 0x8F, 0xEC, 0xD0, 0x50, 0xBD,
        0x15, 0xAE, 0x8B, 0xE7, 0x38, 0xB8, 0xA6, 0x89, 0x55, 0x2C, 0x92, 0x1D, 0x1C, 0x84, 0x5C, 0x9A,
        0x55, 0x1B, 0xD7, 0xB3, 0xEF, 0xED, 0x63, 0x78, 0xAE, 0x8D, 0x1E, 0x88, 0xDE, 0xD0, 0x06, 0xD9,
        0xA8, 0x15, 0x5B, 0x4E, 0x5D, 0x88, 0xA6, 0x69, 0xB1, 0xE7, 0x9D, 0x0F, 0x79, 0xF2, 0x67, 0x7F,
        0x22, 0xB7, 0xFE, 0x2B, 0x3C, 0x7E, 0xE2, 0x04, 0x73, 0x37, 0x6D, 0x42, 0x6A, 0x1A, 0x9E, 0xEB,
        0x62, 0x57, 0x2A, 0xD4, 0xF2, 0x79, 0x8C, 0xF1, 0x71, 0x86, 0x5F, 0x7D, 0x95, 0xE6, 0xCC, 0x08,
        0x73, 0x9A, 0x25, 0xC5, 0xF4, 0x65, 0xAC, 0x6A, 0xE9, 0xEE, 0x35, 0xF0, 0x49, 0x53, 0x50, 0x34,
        0x3F, 0xBE, 0x50, 0x9C, 0x5C, 0xD9, 0xE3, 0xA5, 0xD7, 0xDE, 0xE3, 0xFB, 0xBF, 0x3B, 0x45, 0xF2,
        0x47, 0x3B, 0x19, 0x38, 0x74, 0x88, 0x40, 0x6B, 0x2B, 0x42, 0x4A, 0x3C, 0xC7, 0xC1, 0x2E, 0x97,
        0xA9, 0x65, 0xB3, 0x8C, 0x1F, 0x3E, 0x4C, 0x4F, 0x4B, 0x90, 0x52, 0x66, 0x94, 0x5A, 0x79, 0xE6,
        0xE3, 0xDA, 0xB9, 0x6B, 0x00, 0x40, 0xAA, 0x1A, 0xFE, 0x70, 0x92, 0x48, 0x53, 0x37, 0xE1, 0xA6,
        0x4E, 0xA6, 0x8A, 0xB0, 0xFB, 0xC0, 0x59, 0xCE, 0xB7, 0x2E, 0x61, 0xC5, 0x8B, 0x2F, 0xA2, 0x45,
        0x22, 0xD7, 0x45, 0xEA, 0x5A, 0x16, 0xB6, 0x61, 0xE0, 0x5A, 0x06, 0x95, 0x42, 0x1A, 0xDB, 0xAC,
        0xDC, 0x90, 0xEF, 0xCE, 0x4E, 0x08, 0x28, 0x8A, 0x40, 0xF9, 0x97, 0x78, 0x04, 0x48, 0x21, 0xD1,
        0x42, 0x3A, 0x41, 0x3D, 0x46, 0x77, 0x93, 0xC6, 0xFC, 0x8E, 0x08, 0x48, 0x85, 0x44, 0x7F, 0x3F,
        0x81, 0xB6, 0x36, 0x2A, 0x57, 0xAF, 0x62, 0x95, 0x4A, 0xB8, 0x96, 0x45, 0xA4, 0xB7, 0x97, 0xCB,
        0xC7, 0x87, 0x71, 0xAC, 0x1A, 0x52, 0xAA, 0xF5, 0x84, 0x8D, 0x02, 0xE8, 0xAA, 0xA4, 0x23, 0xE9,
        0xA3, 0x23, 0xA1, 0xA3, 0xA9, 0x75, 0x37, 0x14, 0xD7, 0xAE, 0x07, 0x7D, 0x92, 0x64, 0x58, 0x63,
        0x56, 0x93, 0x9F, 0x90, 0x5F, 0x21, 0x12, 0x50, 0xC8, 0x1F, 0xBA, 0x40, 0x30, 0x95, 0xAA, 0x4F,
        0xC4, 0x4A, 0x05, 0x3C, 0x68, 0x5B, 0xBB, 0x96, 0xA3, 0x2F, 0xFF, 0x1A, 0x25, 0xD2, 0x89, 0xE6,
        0x0F, 0xF3, 0x49, 0x02, 0xF5, 0x76, 0x16, 0x3C, 0xA7, 0xD5, 0xCF, 0xC3, 0xF7, 0x26, 0x68, 0x8B,
        0xE9, 0x94, 0xAA, 0x0E, 0x46, 0xCD, 0xA9, 0x3F, 0xA4, 0x08, 0x54, 0x59, 0xB7, 0xE8, 0x48, 0x40,
        0x21, 0x19, 0xD6, 0x70, 0xC6, 0x2F, 0x91, 0x39, 0x71, 0x02, 0x35, 0x10, 0x40, 0x6A, 0x1A, 0x48,
        0xC9, 0xDC, 0x8D, 0x1B, 0x78, 0x77, 0xF0, 0x24, 0xD9, 0x6C, 0x86, 0xEE, 0xAE, 0x65, 0xE8, 0xC1,
        0x68, 0xE3, 0x2D, 0xF0, 0xEB, 0x92, 0xF9, 0xED, 0x41, 0xBA, 0x5B, 0x02, 0x34, 0x47, 0x34, 0x34,
        0x45, 0xE0, 0x5E, 0x17, 0x90, 0x40, 0x0A, 0x50, 0xCC, 0x2A, 0xC6, 0xC4, 0x18, 0xE9, 0xA3, 0x1F,
        0x92, 0x1D, 0x1A, 0xA2, 0x96, 0xCB, 0x61, 0x19, 0x06, 0xAE, 0x69, 0x12, 0x68, 0x69, 0x61, 0xF1,
        0xB6, 0xE7, 0x79, 0x64, 0xE3, 0x13, 0xE8, 0xC1, 0x18, 0x89, 0x8E, 0x05, 0xA8, 0x7A, 0xB0, 0x71,
        0x00, 0x55, 0x11, 0x68, 0xAA, 0xA4, 0x5C, 0x73, 0xF0, 0x05, 0x6C, 0x2E, 0xEE, 0x79, 0xB3, 0xEE,
        0xFF, 0xD7, 0x16, 0x0E, 0xBB, 0x5C, 0xC6, 0xB3, 0x2C, 0x5C, 0xC7, 0xC1, 0xA9, 0x56, 0x31, 0x67,
        0x66, 0xA8, 0x4C, 0x4D, 0x51, 0x99, 0x9C, 0x44, 0xFA, 0xFD, 0x7C, 0x7E, 0xCF, 0x1E, 0xBE, 0xFB,
        0xE3, 0x1D, 0x5C, 0x1C, 0xB9, 0x44, 0xCF, 0xFD, 0x03, 0xC4, 0xDA, 0xE7, 0x23, 0xA4, 0x6C, 0x1C,
        0xC0, 0x71, 0xEB, 0x33, 0xE0, 0x4A, 0xAE, 0xC6, 0x82, 0xB6, 0x28, 0xE5, 0xC9, 0xC9, 0xFA, 0xE6,
        0x73, 0xF5, 0x2A, 0x56, 0xB1, 0x88, 0xE7, 0x38, 0x75, 0xF3, 0xB1, 0xED, 0x3A, 0x90, 0x61, 0x60,
        0x16, 0x0A, 0x24, 0xFA, 0xEF, 0x65, 0xC5, 0x4F, 0x77, 0xF1, 0xCC, 0xCE, 0x97, 0xD9, 0xBB, 0xEF,
        0xF7, 0xB4, 0xCC, 0xB9, 0x9F, 0x8E, 0xBE, 0xD5, 0xF8, 0x42, 0xF1, 0x9B, 0x7F, 0xE8, 0x6D, 0x27,
        0xA0, 0xE9, 0x50, 0xB3, 0x5C, 0x6A, 0xAE, 0xC0, 0xB5, 0x2C, 0x8C, 0xF1, 0x71, 0x4A, 0x23, 0x23,
        0xD4, 0xF2, 0x79, 0x5C, 0xDB, 0x06, 0xCF, 0xC3, 0x73, 0x5D, 0x5C, 0xDB, 0x26, 0x7E, 0xCF, 0x3D,
        0x2C, 0xDB, 0xB6, 0x0D, 0x63, 0x61, 0x1F, 0x8F, 0x7F, 0x63, 0x0B, 0x43, 0x1F, 0x9C, 0xA4, 0xA9,
        0x67, 0x09, 0xBD, 0x2B, 0x1E, 0x23, 0xDE, 0x3E, 0xFF, 0x96, 0xB3, 0xE0, 0x96, 0x00, 0xAE, 0xEB,
        0x61, 0x54, 0x1D, 0x8A, 0x65, 0x1B, 0xD7, 0x05, 0xC5, 0xE7, 0xC3, 0x2A, 0x16, 0xA9, 0xE6, 0x72,
        0x58, 0x85, 0x02, 0xFE, 0xD6, 0x56, 0xE2, 0x0B, 0x17, 0xD2, 0xBA, 0x72, 0x25, 0x5D, 0x03, 0x03,
        0x4C, 0x68, 0x01, 0x5E, 0xFA, 0xC5, 0xAF, 0x78, 0xE3, 0xA9, 0x1F, 0x20, 0x55, 0x3F, 0x9D, 0xFD,
        0x0F, 0xD3, 0xB5, 0xF4, 0x11, 0x92, 0x5D, 0x7D, 0x48, 0x55, 0xBF, 0xF5, 0x6F, 0x7E, 0xAB, 0xB5,
        0x5C, 0x0A, 0x68, 0x8E, 0xEA, 0x24, 0xC3, 0x0A, 0xDD, 0x31, 0x97, 0x35, 0xFD, 0x09, 0x82, 0x3E,
        0x05, 0x55, 0x91, 0x54, 0xAA, 0x26, 0xB9, 0xE9, 0x19, 0x2E, 0x5E, 0x1A, 0x65, 0x70, 0xE8, 0x14,
        0xEF, 0xFE, 0xF9, 0xAF, 0x9C, 0x39, 0x3B, 0x8C, 0xA2, 0x6A, 0x84, 0x9B, 0xBA, 0x69, 0x9B, 0xF7,
        0x00, 0xAD, 0x73, 0x97, 0x11, 0x8C, 0xA7, 0x6E, 0x3A, 0x82, 0x1B, 0x02, 0x00, 0x50, 0xA5, 0x40,
        0x11, 0x36, 0xD9, 0xF1, 0x0B, 0x4C, 0x9C, 0x1F, 0xA4, 0x90, 0x1E, 0xC1, 0xAE, 0x1A, 0xB8, 0xB6,
        0x85, 0xEB, 0x58, 0xB8, 0x9E, 0x8B, 0x40, 0xA0, 0xEA, 0x01, 0x82, 0xF1, 0x36, 0xA2, 0xA9, 0xB9,
        0x24, 0x3A, 0x16, 0x12, 0x4E, 0x76, 0xA2, 0xE8, 0xFE, 0x86, 0x9C, 0xF5, 0xB6, 0x46, 0x64, 0xBB,
        0x1E, 0x96, 0x2B, 0x50, 0xFC, 0x71, 0xA2, 0x6D, 0xBD, 0xA8, 0xBE, 0x20, 0x8E, 0x55, 0xAD, 0x57,
        0x48, 0xD1, 0x50, 0xF5, 0x00, 0x7A, 0x30, 0x8A, 0x2F, 0x9C, 0x24, 0x10, 0x69, 0x42, 0x0F, 0x44,
        0x6F, 0x5B, 0xEE, 0xBB, 0x06, 0x00, 0x10, 0x52, 0xE2, 0x8F, 0x36, 0xA1, 0x07, 0xA3, 0xB8, 0xB3,
        0xFA, 0xAE, 0xED, 0xFA, 0x20, 0x84, 0x82, 0x54, 0x14, 0x84, 0x54, 0xEE, 0x58, 0xE6, 0xFF, 0x0A,
        0xA0, 0x3E, 0x04, 0x25, 0x8A, 0xE6, 0x43, 0xD1, 0x7C, 0xFC, 0xAF, 0x43, 0xF2, 0x29, 0xC7, 0xFF,
        0x01, 0x3E, 0x75, 0x80, 0x7F, 0x02, 0xA8, 0x2C, 0x11, 0x6B, 0x4B, 0xAD, 0xB8, 0xAF, 0x00, 0x00,
        0x00, 0x00, 0x49, 0x45, 0x4E, 0x44, 0xAE, 0x42, 0x60, 0x82,
    };

    static const unsigned char kWinRar[] =
    {
        0x89, 0x50, 0x4E, 0x47, 0x0D, 0x0A, 0x1A, 0x0A, 0x00, 0x00, 0x00, 0x0D, 0x49, 0x48, 0x44, 0x52,
        0x00, 0x00, 0x00, 0x20, 0x00, 0x00, 0x00, 0x20, 0x08, 0x06, 0x00, 0x00, 0x00, 0x73, 0x7A, 0x7A,
        0xF4, 0x00, 0x00, 0x06, 0x8E, 0x49, 0x44, 0x41, 0x54, 0x78, 0xDA, 0xD5, 0x97, 0x5D, 0x6C, 0x1C,
        0x57, 0x15, 0xC7, 0x7F, 0x77, 0xE6, 0xCE, 0xCC, 0xEE, 0xEC, 0xAE, 0xED, 0x5D, 0xDB, 0xF1, 0x07,
        0xAD, 0x95, 0x34, 0x51, 0x50, 0x1A, 0x55, 0x7C, 0xA4, 0x55, 0x08, 0x55, 0x15, 0x08, 0xB4, 0xA5,
        0xA5, 0x12, 0x42, 0x45, 0x02, 0x55, 0x48, 0x08, 0xF1, 0x00, 0x52, 0x25, 0x5E, 0x10, 0x54, 0x82,
        0x77, 0xBE, 0x22, 0x44, 0x91, 0x40, 0xF0, 0x50, 0x21, 0x1E, 0x82, 0x84, 0x0A, 0xA2, 0x08, 0x21,
        0xA5, 0x2F, 0x41, 0x81, 0x7E, 0x40, 0xD5, 0x54, 0x55, 0xD4, 0x06, 0xB5, 0x89, 0x9D, 0xB8, 0x4E,
        0x9C, 0x78, 0x6D, 0xAF, 0x67, 0x67, 0x77, 0x76, 0xBE, 0xE7, 0x0E, 0x0F, 0xB3, 0xF6, 0xDA, 0xF1,
        0x47, 0x9E, 0x5A, 0xC4, 0x79, 0xB9, 0x73, 0xEF, 0xDC, 0x73, 0xCE, 0xFF, 0x9E, 0x7B, 0xCE, 0xFF,
        0xDE, 0x0B, 0xFF, 0x63, 0x11, 0xF9, 0xB3, 0x7F, 0xCA, 0x89, 0x72, 0x5A, 0xB1, 0xBF, 0xEB, 0x24,
        0xDD, 0xF1, 0xC9, 0xEA, 0x36, 0xE2, 0xB3, 0x7F, 0x40, 0xD6, 0xA6, 0x20, 0x8F, 0x37, 0xFE, 0xA5,
        0x5E, 0x6B, 0xCB, 0xDC, 0x60, 0xC5, 0xE1, 0x9D, 0xB3, 0x8F, 0x71, 0xAC, 0xBC, 0x8F, 0xAC, 0x6E,
        0xEF, 0x6A, 0x73, 0xB4, 0x56, 0x01, 0x40, 0x12, 0xE5, 0xB4, 0x9B, 0xAB, 0x44, 0x6E, 0x97, 0xE1,
        0xEF, 0xFE, 0x03, 0x00, 0xF7, 0xF4, 0xC9, 0xED, 0x1A, 0x6E, 0x97, 0xE9, 0x63, 0x87, 0xA1, 0xBD,
        0x00, 0xB4, 0xA0, 0x9B, 0x41, 0x4D, 0x87, 0x09, 0xFA, 0xDF, 0xFB, 0x8A, 0xF1, 0x63, 0xC7, 0x79,
        0xF9, 0xD7, 0x8B, 0x2C, 0xA7, 0x4B, 0x54, 0x67, 0x0E, 0xEC, 0x0A, 0xA0, 0x3D, 0x5C, 0x63, 0x64,
        0x62, 0x0C, 0x89, 0x1C, 0x42, 0x85, 0x4B, 0x00, 0x54, 0x8C, 0x36, 0xD4, 0x74, 0xDC, 0x5D, 0x94,
        0x16, 0x5F, 0x7C, 0x8D, 0xCE, 0x8B, 0x0B, 0xAC, 0x05, 0x29, 0xA6, 0x1C, 0x8C, 0x77, 0xDB, 0x19,
        0x53, 0xE3, 0xD7, 0xB8, 0xB5, 0x12, 0xB1, 0xFF, 0xA4, 0x03, 0x9C, 0x20, 0xD9, 0x37, 0xB1, 0x67,
        0xE8, 0x55, 0x98, 0x82, 0x1C, 0x42, 0x32, 0xFB, 0x16, 0xAB, 0xB3, 0x73, 0x24, 0x69, 0x42, 0x75,
        0xE5, 0x16, 0xAC, 0x80, 0x73, 0xF5, 0xF2, 0x8E, 0x4A, 0x8D, 0x59, 0x1F, 0xF7, 0x7A, 0xC4, 0x72,
        0x37, 0x65, 0xAA, 0x26, 0x69, 0x85, 0x19, 0xA6, 0x21, 0x88, 0x02, 0x85, 0x90, 0x06, 0xFE, 0x6A,
        0x8A, 0x9A, 0x0F, 0xE8, 0xDE, 0x5C, 0xA0, 0xED, 0xF9, 0x20, 0x4B, 0xDB, 0x6C, 0x18, 0xD2, 0x20,
        0x49, 0x13, 0x0C, 0x69, 0xD0, 0xC8, 0x23, 0x24, 0x57, 0x2E, 0x71, 0x6B, 0x6E, 0x16, 0x80, 0x89,
        0x66, 0x0B, 0x32, 0x58, 0x9D, 0x7F, 0x77, 0x43, 0x21, 0xDF, 0xA4, 0xAC, 0xCD, 0xAE, 0xD2, 0xBA,
        0x16, 0x12, 0x65, 0x39, 0x3D, 0x27, 0x85, 0x0C, 0x62, 0x40, 0x00, 0x73, 0x2B, 0x5D, 0xCA, 0x3A,
        0xA4, 0x8B, 0x1E, 0x6E, 0x73, 0x91, 0x96, 0xE3, 0x92, 0xEA, 0x72, 0xD7, 0x08, 0xB4, 0x26, 0x0D,
        0x0E, 0x5F, 0x09, 0x91, 0xAD, 0x5E, 0x8B, 0x6E, 0xE0, 0xD2, 0xCD, 0x33, 0x3E, 0xBC, 0x96, 0x16,
        0x21, 0x0D, 0x76, 0xDE, 0x84, 0xDA, 0x39, 0x97, 0x95, 0xE5, 0x88, 0x8A, 0x80, 0xEB, 0x7D, 0x64,
        0xC6, 0x6D, 0x73, 0x46, 0x42, 0xE8, 0x78, 0xD0, 0xAB, 0x28, 0x34, 0xA1, 0xEF, 0x0A, 0xC0, 0xBC,
        0x06, 0xAD, 0x03, 0x55, 0xE4, 0xDB, 0x4B, 0x0E, 0x4E, 0xD4, 0x2D, 0xB2, 0x7D, 0xA9, 0x30, 0xB7,
        0xDE, 0xBF, 0x5D, 0x9E, 0xF8, 0xF9, 0x01, 0x8E, 0x01, 0xF4, 0x32, 0xA8, 0xE8, 0x45, 0x0B, 0xA0,
        0x32, 0xA8, 0x99, 0xD0, 0x8D, 0xA1, 0x66, 0xF2, 0xDC, 0x97, 0x6E, 0x52, 0x57, 0x1E, 0x1D, 0x4D,
        0x60, 0xC7, 0x62, 0x57, 0x10, 0xEF, 0x45, 0x1D, 0xE4, 0xCA, 0x88, 0xC2, 0xF7, 0x73, 0x7A, 0xBD,
        0x80, 0x66, 0xB3, 0x28, 0xC5, 0x95, 0xC4, 0xDA, 0x51, 0x21, 0xBF, 0x64, 0xB1, 0xDA, 0xF4, 0xB6,
        0x8C, 0xAD, 0xFA, 0x8A, 0xB1, 0x4D, 0xD3, 0xC7, 0xA6, 0x87, 0xB8, 0x95, 0x25, 0x54, 0xBD, 0x0E,
        0x55, 0xDD, 0xA2, 0xB6, 0x65, 0x13, 0x37, 0xE5, 0x82, 0x2E, 0xB9, 0x9A, 0x27, 0x48, 0xAD, 0x54,
        0x68, 0x77, 0x11, 0xB4, 0xFD, 0x7C, 0xE3, 0x7B, 0x27, 0x79, 0xFE, 0xAF, 0x4D, 0xE6, 0x16, 0xFC,
        0x3D, 0xB3, 0xFB, 0xE0, 0x4C, 0x00, 0x80, 0x27, 0x04, 0x64, 0x11, 0x4A, 0xB7, 0x18, 0x26, 0xA7,
        0x8B, 0xC0, 0x12, 0x10, 0xF5, 0xF1, 0x34, 0x00, 0xAD, 0x64, 0x15, 0x9E, 0x7E, 0x33, 0xB1, 0x3F,
        0xBF, 0x9A, 0xB8, 0xA8, 0x60, 0x6F, 0xD6, 0xFA, 0xE6, 0xD3, 0xA3, 0xBC, 0xF3, 0xC6, 0x0A, 0x56,
        0x59, 0x23, 0x0A, 0x54, 0xB1, 0xE2, 0xAA, 0x64, 0xD5, 0x4B, 0x37, 0xE6, 0x4C, 0x1E, 0xAE, 0xF0,
        0xED, 0xDF, 0xAE, 0xB1, 0x4F, 0x33, 0x98, 0xD2, 0x8B, 0x2D, 0xAD, 0xE6, 0xDB, 0xA3, 0x70, 0x68,
        0x68, 0x98, 0x6F, 0x35, 0xE7, 0x85, 0xF8, 0xC4, 0x27, 0xBF, 0x97, 0x67, 0xA9, 0x43, 0x1C, 0x7B,
        0x77, 0xA4, 0xCD, 0x3F, 0x3F, 0x75, 0x91, 0xF9, 0xD7, 0x9B, 0x83, 0x30, 0x9A, 0x02, 0xA3, 0x93,
        0x93, 0x0C, 0x0D, 0x22, 0xF6, 0xA1, 0x8F, 0xEC, 0xE3, 0xC4, 0xCF, 0xCA, 0x94, 0xCA, 0x16, 0x76,
        0x79, 0x14, 0x44, 0x19, 0x00, 0xCB, 0xDC, 0x9A, 0x90, 0xA6, 0x59, 0x45, 0x97, 0x75, 0xE4, 0xBD,
        0x47, 0x1F, 0xC6, 0x34, 0x73, 0xE2, 0xC8, 0xE3, 0x07, 0x5F, 0x7E, 0x06, 0x80, 0x1F, 0xFF, 0xF1,
        0x34, 0x99, 0x52, 0x5B, 0x14, 0x7C, 0x3F, 0x03, 0xFB, 0x6D, 0xAC, 0xAA, 0x4E, 0x9C, 0xE7, 0x98,
        0x42, 0x14, 0x64, 0x64, 0x83, 0x0E, 0x94, 0x2B, 0x6D, 0x82, 0xDE, 0x48, 0x11, 0xDE, 0xC6, 0x34,
        0x23, 0xF5, 0x23, 0x4C, 0x4F, 0xDF, 0x83, 0x69, 0x8E, 0x62, 0xDB, 0x3A, 0xBA, 0xA6, 0x6D, 0xD8,
        0xCA, 0x94, 0xC2, 0xB4, 0xAA, 0xC4, 0xB1, 0x40, 0x1A, 0xE6, 0x24, 0x71, 0xBC, 0x04, 0xA2, 0xC6,
        0x58, 0xAD, 0xC8, 0xEA, 0x2C, 0xAF, 0xB0, 0x39, 0x0D, 0xC2, 0x20, 0x66, 0xBA, 0x7E, 0x91, 0x5F,
        0x5D, 0x7E, 0x94, 0xA7, 0x8F, 0x3C, 0x0F, 0xF6, 0x70, 0x1F, 0x95, 0x8B, 0x61, 0xAF, 0xD7, 0x7A,
        0x95, 0x61, 0xE0, 0xD9, 0xCB, 0x8F, 0xF3, 0xF8, 0xA9, 0x06, 0xAF, 0xBE, 0xD9, 0x26, 0x08, 0x47,
        0x29, 0x95, 0x6C, 0xB2, 0x54, 0x92, 0x01, 0xBA, 0xD1, 0x07, 0x21, 0x20, 0x8E, 0xC1, 0x30, 0x27,
        0x91, 0x41, 0x28, 0xE9, 0x75, 0x83, 0x3E, 0x3D, 0x16, 0xAD, 0xDF, 0x6B, 0x93, 0xA4, 0x83, 0xD4,
        0xEE, 0x76, 0xBB, 0x3C, 0xFA, 0xD8, 0x09, 0x82, 0x5E, 0x87, 0xD9, 0xF3, 0xBF, 0x03, 0x7C, 0x0C,
        0xB3, 0x40, 0x68, 0x0A, 0x81, 0x8A, 0x15, 0x25, 0x5B, 0x23, 0xF4, 0x15, 0x87, 0x4F, 0x3E, 0x44,
        0xB9, 0x32, 0xC4, 0xAB, 0x6F, 0x9E, 0x25, 0xCB, 0x62, 0x9C, 0x36, 0xD8, 0xF6, 0xCE, 0x55, 0x55,
        0xA9, 0x49, 0x64, 0x18, 0x28, 0x7C, 0x3F, 0x2A, 0xCA, 0x2C, 0x4E, 0x8A, 0x73, 0xA7, 0x03, 0x10,
        0x0D, 0x42, 0x96, 0x0A, 0xEE, 0xBB, 0xFF, 0x10, 0x81, 0xEF, 0xD3, 0xFB, 0x4B, 0x86, 0x3D, 0x61,
        0xB0, 0xD4, 0x51, 0x24, 0x7E, 0x8E, 0x61, 0x17, 0x40, 0x66, 0x6C, 0x48, 0xE2, 0x9C, 0xA3, 0xC7,
        0xEF, 0xA5, 0x52, 0x2A, 0xD1, 0x71, 0x15, 0x56, 0x29, 0xC2, 0xB2, 0xA0, 0xDB, 0x8D, 0xD1, 0x75,
        0x73, 0xFB, 0x29, 0x2B, 0x15, 0x32, 0x0E, 0x42, 0xE2, 0x28, 0xD9, 0xF2, 0xE3, 0xF6, 0x7E, 0x14,
        0x05, 0xDC, 0x35, 0x3E, 0x0C, 0x0C, 0xF3, 0xCF, 0xB2, 0x4E, 0x1E, 0x29, 0x5A, 0x5E, 0xC6, 0xA9,
        0x9F, 0x9C, 0xE5, 0xBD, 0xEB, 0x37, 0x99, 0xFB, 0xE5, 0x37, 0xA8, 0x59, 0x30, 0xDF, 0x51, 0x3C,
        0x32, 0x35, 0xC1, 0x98, 0x2D, 0x49, 0x53, 0x8F, 0x30, 0x08, 0xC9, 0xD2, 0x1C, 0xCB, 0x2A, 0x93,
        0xA5, 0xC9, 0x26, 0xC7, 0x39, 0x59, 0x2A, 0x88, 0x83, 0x10, 0xE9, 0x47, 0x37, 0x48, 0xB3, 0x62,
        0x62, 0x16, 0x24, 0x90, 0x15, 0x0E, 0x75, 0x29, 0xFA, 0xAB, 0xCF, 0x89, 0x22, 0x8F, 0xF1, 0x7A,
        0x0D, 0x80, 0xF9, 0x56, 0x4A, 0xCD, 0x12, 0xCC, 0xB9, 0x29, 0x4F, 0xCD, 0x1C, 0x66, 0x39, 0xAF,
        0x33, 0xE7, 0x0E, 0xCA, 0x70, 0xFF, 0x78, 0x6D, 0x70, 0x37, 0x08, 0x5A, 0x28, 0x35, 0x44, 0x92,
        0x44, 0x18, 0xC6, 0xA6, 0x6D, 0xE8, 0x07, 0x57, 0x37, 0x6E, 0x20, 0x5D, 0x67, 0xB1, 0xB8, 0x58,
        0xA4, 0x01, 0x5D, 0x37, 0xEB, 0xAF, 0xD8, 0x43, 0x05, 0x29, 0x9A, 0x26, 0xFB, 0xFD, 0xCE, 0x86,
        0xEE, 0x72, 0x98, 0x91, 0x6A, 0x1A, 0x6B, 0xF1, 0xA0, 0x4A, 0xD6, 0x62, 0x45, 0x23, 0x51, 0xAC,
        0xF9, 0x83, 0x31, 0xAF, 0xB7, 0x80, 0x94, 0x55, 0x34, 0x91, 0xA1, 0xCB, 0x1A, 0x69, 0x1A, 0x6C,
        0xD8, 0x03, 0xD0, 0x34, 0x03, 0xD7, 0x59, 0x44, 0xAE, 0xFF, 0x48, 0x13, 0x97, 0xE6, 0x1A, 0xDB,
        0x1C, 0x02, 0xA4, 0xC9, 0xE0, 0x70, 0x8A, 0xEA, 0xF7, 0xF0, 0xEE, 0xE2, 0x15, 0x6E, 0xF5, 0x0A,
        0x67, 0x65, 0xDB, 0xE6, 0x46, 0x1F, 0x78, 0x65, 0xE2, 0xD0, 0x56, 0xBD, 0xB4, 0xCF, 0x2D, 0xB1,
        0x87, 0x10, 0x12, 0xC3, 0x28, 0x8E, 0x67, 0x95, 0xEB, 0x18, 0x86, 0x8D, 0xA6, 0xC9, 0xA2, 0xD8,
        0x1E, 0x38, 0xFE, 0x8B, 0xBC, 0xE7, 0x5D, 0xDF, 0x95, 0x80, 0xD2, 0xD4, 0xE3, 0xE5, 0x7F, 0xFD,
        0x74, 0x63, 0x1B, 0x3C, 0xC7, 0xE1, 0xB5, 0x57, 0xCE, 0x73, 0xFC, 0xD3, 0x9F, 0x03, 0xE0, 0xA5,
        0x17, 0x7E, 0xCF, 0x43, 0x9F, 0x7F, 0xB2, 0x28, 0xC6, 0x7A, 0x1D, 0xCF, 0x71, 0x38, 0x78, 0xE4,
        0x61, 0x1A, 0xA3, 0x07, 0x51, 0x59, 0xA3, 0xB8, 0x7A, 0xC9, 0x2A, 0x42, 0x48, 0xF2, 0x3C, 0xED,
        0x03, 0x9F, 0xE2, 0x8D, 0xD7, 0xBF, 0x23, 0x44, 0xE3, 0xC4, 0x4C, 0x5E, 0x54, 0x80, 0xDA, 0x93,
        0x05, 0xBF, 0xFE, 0xE0, 0x57, 0xF8, 0xFE, 0x57, 0xBF, 0xC8, 0xB0, 0x55, 0x64, 0xF3, 0x4B, 0x17,
        0x2E, 0xF0, 0xB7, 0x8B, 0x73, 0x0C, 0x29, 0x97, 0x4F, 0x3D, 0x70, 0x3F, 0x0F, 0x7E, 0xF4, 0xE3,
        0x45, 0x05, 0x45, 0x31, 0x3F, 0x3C, 0xF3, 0x02, 0xCF, 0x9D, 0x3B, 0x83, 0x5E, 0xDA, 0xFD, 0x3E,
        0x20, 0xCC, 0x82, 0x13, 0xC4, 0xC7, 0x7E, 0xF4, 0x85, 0xDC, 0x3E, 0xD0, 0x40, 0xF9, 0x29, 0x67,
        0xEE, 0xFE, 0x37, 0x65, 0xCB, 0xE0, 0xC9, 0xD9, 0x63, 0xDB, 0x14, 0xC2, 0x66, 0x87, 0xCE, 0xE5,
        0x65, 0x92, 0x20, 0xDE, 0x76, 0xB5, 0xD2, 0xFA, 0x8E, 0x74, 0x59, 0xD0, 0xAD, 0x7E, 0x5F, 0x99,
        0xF1, 0xF1, 0x99, 0x3D, 0x17, 0xA4, 0xD9, 0x12, 0xFF, 0xDA, 0x1A, 0x52, 0x35, 0x34, 0x02, 0xAF,
        0x87, 0xA5, 0x59, 0x94, 0x2D, 0x83, 0x8A, 0x19, 0x12, 0xA9, 0x68, 0x3B, 0xE2, 0x71, 0x8B, 0xE1,
        0xF1, 0xBB, 0xEF, 0x78, 0x5E, 0x64, 0x59, 0x82, 0xAE, 0x1B, 0x3B, 0xDA, 0xD8, 0x22, 0x5E, 0x84,
        0x6A, 0x68, 0xC8, 0x5E, 0xDA, 0x21, 0xEF, 0x14, 0x49, 0x54, 0xBA, 0x6B, 0x99, 0x2C, 0x04, 0xD7,
        0x59, 0x7E, 0xFF, 0xDF, 0x03, 0x2A, 0x87, 0xAA, 0x44, 0xF6, 0xDA, 0x0E, 0x59, 0xD0, 0x3F, 0x03,
        0x82, 0x82, 0x2C, 0xBA, 0xAE, 0xF3, 0x81, 0x3C, 0x4A, 0xF4, 0x54, 0x47, 0x02, 0xE4, 0x61, 0xFF,
        0x6A, 0xD5, 0x6F, 0x36, 0xFA, 0xEF, 0xB7, 0x94, 0x75, 0x64, 0x7C, 0x73, 0x70, 0x0B, 0x51, 0x51,
        0x51, 0x09, 0x2A, 0xF8, 0x60, 0x00, 0xC4, 0x41, 0x80, 0x4C, 0x97, 0x06, 0x00, 0x2E, 0xCD, 0x17,
        0x8E, 0x37, 0x8F, 0x6D, 0x96, 0xCF, 0x24, 0x29, 0xA7, 0x1F, 0xA9, 0x73, 0xA0, 0xBC, 0xA9, 0xBC,
        0x7A, 0x03, 0x1A, 0x9E, 0x5B, 0x08, 0x78, 0xE6, 0x72, 0xC8, 0x39, 0x43, 0xEE, 0x9D, 0xA8, 0x4E,
        0x88, 0x5E, 0x2F, 0x48, 0x49, 0x54, 0x4F, 0x4D, 0xDE, 0x91, 0x07, 0xAC, 0xAC, 0x44, 0xA4, 0x87,
        0x9C, 0x3F, 0x5A, 0x18, 0x9E, 0x5D, 0x88, 0x10, 0x9E, 0xC2, 0x51, 0x5B, 0x23, 0x35, 0x3E, 0x59,
        0x70, 0xC4, 0xD7, 0x9A, 0xDA, 0xAE, 0xB5, 0xBF, 0xEE, 0x67, 0x9D, 0x07, 0xA4, 0xF7, 0xF7, 0x25,
        0x71, 0xA7, 0x50, 0xF5, 0xFA, 0xED, 0x85, 0x7C, 0x28, 0x1F, 0x19, 0x32, 0x10, 0x9E, 0xC2, 0xB5,
        0xC1, 0xEB, 0x6C, 0x7D, 0x15, 0x78, 0x37, 0x73, 0x56, 0xDC, 0x80, 0xDE, 0x7F, 0x7C, 0xC1, 0xFF,
        0x8B, 0xFC, 0x17, 0x6C, 0xA1, 0x13, 0xC9, 0x3E, 0x94, 0xF8, 0x49, 0x00, 0x00, 0x00, 0x00, 0x49,
        0x45, 0x4E, 0x44, 0xAE, 0x42, 0x60, 0x82,
    };

    static const unsigned char kSystemInformer[] =
    {
        0x89, 0x50, 0x4E, 0x47, 0x0D, 0x0A, 0x1A, 0x0A, 0x00, 0x00, 0x00, 0x0D, 0x49, 0x48, 0x44, 0x52,
        0x00, 0x00, 0x00, 0x20, 0x00, 0x00, 0x00, 0x20, 0x08, 0x06, 0x00, 0x00, 0x00, 0x73, 0x7A, 0x7A,
        0xF4, 0x00, 0x00, 0x07, 0xA2, 0x49, 0x44, 0x41, 0x54, 0x78, 0xDA, 0xAD, 0x97, 0x69, 0x6C, 0x54,
        0xD7, 0x15, 0xC7, 0x7F, 0xF7, 0xDD, 0x37, 0xF3, 0x66, 0xC6, 0x9E, 0xB1, 0x3D, 0xE3, 0x75, 0xBC,
        0x62, 0x8C, 0x8D, 0xCD, 0x5A, 0x02, 0x38, 0xC6, 0x94, 0xB0, 0x94, 0x3D, 0x2C, 0x05, 0x52, 0x02,
        0x94, 0x42, 0xAA, 0xA6, 0x4D, 0x15, 0x09, 0x35, 0x4A, 0x94, 0xAA, 0x95, 0xAA, 0xE6, 0x43, 0xAB,
        0x56, 0xA2, 0x51, 0x25, 0xA4, 0x24, 0x4D, 0xAB, 0x56, 0x89, 0x5A, 0xA5, 0xCA, 0xD6, 0xC6, 0xA8,
        0x49, 0xA0, 0x06, 0xB1, 0x86, 0x42, 0x58, 0x05, 0xA5, 0x94, 0xCD, 0x36, 0xDE, 0x6D, 0x6C, 0x3C,
        0x9B, 0x3D, 0x9E, 0x79, 0x33, 0xEF, 0xF6, 0x83, 0x47, 0x08, 0x57, 0x04, 0x26, 0xCB, 0x91, 0xAE,
        0xF4, 0x3E, 0xBC, 0x7B, 0xFE, 0xFF, 0x7B, 0xCF, 0x39, 0xFF, 0x73, 0x2E, 0x7C, 0x45, 0xA6, 0x69,
        0x1A, 0xC0, 0x4B, 0xD9, 0x5E, 0x9F, 0x72, 0x7B, 0xB2, 0x13, 0xC0, 0xD3, 0x69, 0xED, 0xFB, 0x92,
        0xB8, 0x1E, 0xE0, 0x47, 0xC0, 0x7A, 0xCB, 0xB2, 0x8A, 0x35, 0x4D, 0x9B, 0xB9, 0x78, 0xD5, 0x7A,
        0x1E, 0x69, 0x7C, 0x4C, 0x02, 0xB3, 0x81, 0x02, 0x60, 0x7B, 0x8A, 0x8C, 0xE3, 0x7E, 0x0E, 0xF4,
        0x2F, 0x01, 0x6E, 0x68, 0x52, 0xBE, 0x54, 0x5D, 0x3B, 0x6D, 0x57, 0x38, 0x14, 0x08, 0x84, 0x43,
        0xC1, 0x81, 0x9A, 0xBA, 0xE9, 0x95, 0x75, 0xD3, 0x67, 0x11, 0x0A, 0x06, 0x18, 0xE8, 0xED, 0xDE,
        0xD1, 0x76, 0xE3, 0xEA, 0x7C, 0x5F, 0x7E, 0x41, 0x29, 0x42, 0xB3, 0xDD, 0xBA, 0x71, 0xD5, 0x0B,
        0xEC, 0x06, 0xAC, 0xAF, 0x8A, 0x40, 0xA6, 0xD4, 0x64, 0xC3, 0x8C, 0xD9, 0x8F, 0xCA, 0xCA, 0xEA,
        0xC9, 0xBE, 0x78, 0x2C, 0xE6, 0x73, 0x67, 0x65, 0xD1, 0xD5, 0xDE, 0x86, 0x10, 0x1A, 0x6B, 0xBF,
        0xB5, 0xDD, 0x18, 0x19, 0x8E, 0xD4, 0xD9, 0x1D, 0x0E, 0x4E, 0x9F, 0x38, 0x4A, 0xFB, 0xCD, 0x6B,
        0xF3, 0x94, 0x52, 0x06, 0x10, 0xFD, 0x7F, 0x02, 0xA5, 0xC0, 0x3A, 0xA0, 0x04, 0x50, 0xE9, 0xA2,
        0x0B, 0x4D, 0xC3, 0x34, 0xE3, 0xD1, 0x4B, 0xE7, 0x3F, 0xE5, 0x91, 0x86, 0xF9, 0x28, 0x05, 0x17,
        0x2F, 0x9C, 0xE5, 0xE4, 0xD1, 0x83, 0x24, 0x13, 0x09, 0xA4, 0x10, 0x2C, 0x59, 0xB9, 0x16, 0x77,
        0xB6, 0x97, 0xFF, 0x5E, 0xBA, 0x90, 0x54, 0x4A, 0x09, 0xA1, 0x69, 0x3F, 0x53, 0x96, 0x25, 0x00,
        0x01, 0x74, 0x02, 0x4D, 0xBA, 0xD4, 0xF5, 0xDF, 0x97, 0x4F, 0xAA, 0x5D, 0xEE, 0x2B, 0x28, 0x12,
        0xE9, 0x82, 0x9B, 0xF1, 0x18, 0x43, 0xB7, 0xFB, 0x19, 0xE8, 0xED, 0x62, 0x52, 0xED, 0x54, 0xDA,
        0x5B, 0x6E, 0x70, 0xE6, 0xD3, 0x13, 0xE4, 0x95, 0x56, 0xE0, 0x72, 0x67, 0x21, 0xA5, 0x86, 0xCD,
        0x30, 0xF8, 0xB8, 0xE9, 0x1D, 0x36, 0x6D, 0x7F, 0x9A, 0xCA, 0x49, 0x93, 0x65, 0x38, 0x14, 0x5C,
        0x93, 0x57, 0xE4, 0x5F, 0x93, 0x93, 0x5B, 0x80, 0x26, 0x25, 0xBD, 0x5D, 0xED, 0xAA, 0xBB, 0xF5,
        0xC6, 0x6A, 0xE9, 0xCE, 0xCA, 0x79, 0x63, 0xEE, 0xE2, 0x15, 0xD2, 0x6E, 0x18, 0x44, 0x47, 0x22,
        0x63, 0xDC, 0x1E, 0xB0, 0x84, 0x10, 0x84, 0x02, 0x77, 0x18, 0x1D, 0x0E, 0x33, 0xA9, 0x76, 0x0A,
        0x0D, 0x0B, 0xBE, 0xC1, 0xE9, 0x4F, 0x8E, 0x10, 0x1A, 0x1E, 0xA6, 0xAF, 0xBD, 0x8D, 0x99, 0xD3,
        0xEA, 0x70, 0xDA, 0x75, 0x7A, 0x7A, 0xFB, 0x40, 0x93, 0xE8, 0x42, 0x30, 0x73, 0x6E, 0x03, 0xC1,
        0xA1, 0x41, 0x06, 0xFA, 0x7B, 0x31, 0x9C, 0x4E, 0x0A, 0xCB, 0x2A, 0xF0, 0x16, 0x14, 0x89, 0xBE,
        0x8E, 0xB6, 0x0A, 0x4D, 0x4A, 0xA9, 0xC7, 0xA2, 0x23, 0x5C, 0x3A, 0x7D, 0x0A, 0xEC, 0xF9, 0xD8,
        0xDD, 0x15, 0xD8, 0x1E, 0xB4, 0x3C, 0x13, 0x30, 0x2D, 0x07, 0x25, 0x65, 0x15, 0x2C, 0x5D, 0xBD,
        0x81, 0xAC, 0x1C, 0x2F, 0x91, 0x48, 0x08, 0xC3, 0x70, 0x60, 0x25, 0x4C, 0x36, 0x7F, 0x7B, 0x07,
        0x2B, 0xD7, 0x6E, 0x60, 0x24, 0x1C, 0x44, 0xB7, 0xDB, 0x09, 0x87, 0x02, 0xF8, 0xF2, 0x0B, 0x59,
        0xB0, 0xEC, 0x71, 0xB2, 0xBD, 0xB9, 0xF4, 0x07, 0xE1, 0xFC, 0xC9, 0x53, 0xC4, 0xA2, 0x23, 0x68,
        0x52, 0xEA, 0x22, 0x27, 0x2F, 0x5F, 0x7D, 0xAD, 0x71, 0x11, 0xAD, 0x37, 0x5A, 0x79, 0xF2, 0xC5,
        0x3F, 0x91, 0xE1, 0xF1, 0xA2, 0xEE, 0x49, 0x05, 0x21, 0x34, 0x84, 0xA6, 0x81, 0x52, 0x58, 0x56,
        0x12, 0x4D, 0x93, 0x5C, 0x3F, 0x7F, 0x98, 0x23, 0xEF, 0xFC, 0x16, 0x15, 0x8F, 0xB0, 0x7E, 0xF3,
        0x56, 0xAE, 0x5E, 0xBE, 0x48, 0x6B, 0x6B, 0x0B, 0x86, 0xD3, 0x89, 0x30, 0x47, 0x89, 0x9B, 0x26,
        0xC2, 0xE1, 0x22, 0x38, 0x70, 0x9B, 0x86, 0xF9, 0x0B, 0xB1, 0x19, 0x4E, 0x8E, 0x34, 0xEF, 0xC3,
        0xE9, 0xC9, 0xA7, 0xE2, 0xB1, 0xEF, 0x71, 0x79, 0xFF, 0x2B, 0x94, 0x95, 0xE5, 0xF2, 0x9F, 0x33,
        0x27, 0xC7, 0x57, 0x81, 0x52, 0x16, 0x4A, 0x59, 0x77, 0x93, 0x4C, 0x59, 0x8A, 0x5B, 0x57, 0x4E,
        0xD1, 0x7E, 0xF5, 0x2C, 0x05, 0xA5, 0x35, 0x54, 0xCD, 0x5C, 0x80, 0x12, 0x82, 0xCA, 0x69, 0x8D,
        0x14, 0x57, 0xCD, 0xE0, 0xC4, 0xDE, 0x3F, 0x70, 0xE1, 0xF4, 0xBF, 0x78, 0x74, 0xC1, 0x12, 0xAE,
        0x5E, 0xBE, 0x88, 0xCD, 0x30, 0x70, 0x78, 0xBC, 0x88, 0x84, 0x49, 0x60, 0xA0, 0x1F, 0x77, 0x46,
        0x06, 0xE5, 0x55, 0x93, 0xD9, 0xDF, 0xF4, 0x2E, 0xB3, 0x96, 0x3D, 0xC5, 0x8C, 0x85, 0x1B, 0x68,
        0xEB, 0x09, 0x72, 0xC9, 0xB2, 0xC6, 0x42, 0x7A, 0xDF, 0x32, 0x14, 0x1A, 0x91, 0xC0, 0x6D, 0xBA,
        0xAE, 0x5F, 0xA0, 0xA0, 0xBC, 0x96, 0xE3, 0x1F, 0xBC, 0xC6, 0xE8, 0x60, 0x2B, 0x57, 0xF4, 0x4C,
        0xBC, 0x85, 0xE5, 0xDC, 0xE9, 0x6B, 0x27, 0xB7, 0xB8, 0x92, 0xEC, 0xFC, 0x52, 0x84, 0x26, 0x09,
        0x06, 0x02, 0xE4, 0xE6, 0x17, 0xB2, 0x71, 0xDB, 0x77, 0x39, 0xD2, 0xFC, 0x11, 0xFD, 0x1D, 0x6D,
        0x00, 0x94, 0x94, 0x55, 0xB0, 0x70, 0xD9, 0xE3, 0x08, 0xDD, 0xC6, 0xC8, 0x70, 0x04, 0x4D, 0x6A,
        0x18, 0x8E, 0x0C, 0x10, 0xA1, 0xCF, 0x16, 0x22, 0x81, 0x20, 0x36, 0x1C, 0xA2, 0xF9, 0xCF, 0xBF,
        0xA4, 0xF7, 0xFA, 0x69, 0x74, 0x67, 0x36, 0x1E, 0x97, 0x9D, 0x55, 0x9B, 0xB6, 0x71, 0xE2, 0xF0,
        0x01, 0xFE, 0xBE, 0x67, 0x17, 0x66, 0x34, 0x88, 0xA7, 0xA0, 0x92, 0x85, 0x9B, 0x9F, 0xE7, 0xFA,
        0xD9, 0x03, 0x34, 0x36, 0xD6, 0x73, 0xE9, 0xDC, 0x29, 0x22, 0xA1, 0x10, 0x4B, 0x56, 0xAD, 0xC3,
        0x66, 0x37, 0x50, 0x96, 0xC5, 0xF0, 0x70, 0x98, 0x8B, 0x67, 0x4F, 0x92, 0x5B, 0x50, 0x44, 0xC5,
        0xC4, 0x2A, 0x2E, 0x9F, 0xF8, 0x07, 0xD3, 0xBF, 0xFE, 0xCD, 0x87, 0x28, 0xA1, 0x80, 0x78, 0x2C,
        0xCA, 0x60, 0xD7, 0x4D, 0xEA, 0x1B, 0x17, 0x50, 0x52, 0x5E, 0x89, 0xD3, 0x95, 0x41, 0x74, 0x64,
        0x84, 0xC5, 0x2B, 0xD6, 0x10, 0x8F, 0x8D, 0xD2, 0xDF, 0xDB, 0xCD, 0xD1, 0x43, 0x87, 0xD0, 0xA4,
        0xA4, 0x7E, 0xD5, 0x53, 0x1C, 0x6F, 0x7A, 0x05, 0xBB, 0x2B, 0x1B, 0x4F, 0x5E, 0x09, 0xE7, 0xCE,
        0xFC, 0x91, 0xB5, 0x9B, 0x36, 0x33, 0x38, 0x38, 0xC0, 0x91, 0x03, 0xCD, 0xE4, 0x96, 0x4D, 0xE1,
        0xC2, 0x85, 0x7F, 0x62, 0x25, 0x13, 0x2C, 0x7C, 0xF2, 0x45, 0x6C, 0x0E, 0x17, 0x10, 0xFC, 0x6C,
        0x02, 0x56, 0x2A, 0x36, 0x6E, 0x9F, 0x1F, 0x4D, 0x4A, 0xA4, 0xAE, 0xB3, 0xEF, 0x83, 0xB7, 0x71,
        0xBB, 0x33, 0x09, 0x85, 0x42, 0xCC, 0x9D, 0xBF, 0x04, 0xBB, 0xC3, 0x89, 0xD3, 0xED, 0xC5, 0x6E,
        0xB8, 0x98, 0xDA, 0xB8, 0x86, 0x9C, 0x82, 0x32, 0x5C, 0x1E, 0x1F, 0xDE, 0xC2, 0x32, 0x9A, 0x5E,
        0x7D, 0x91, 0xF3, 0xA7, 0x8E, 0x13, 0x0A, 0x05, 0x99, 0x30, 0x73, 0x31, 0x4B, 0xB7, 0xFD, 0x98,
        0xDE, 0xB6, 0x2B, 0x24, 0x93, 0x26, 0xFE, 0x89, 0xD3, 0x53, 0x3A, 0xA7, 0xEE, 0xDF, 0x8C, 0x34,
        0xA1, 0x31, 0xD8, 0xD3, 0xCA, 0x7B, 0x2F, 0xFF, 0x10, 0x2B, 0xD2, 0x43, 0x55, 0xCD, 0x14, 0x8E,
        0x1D, 0xDC, 0xC7, 0x13, 0x5B, 0xB7, 0xF0, 0xBB, 0x37, 0xFF, 0xC2, 0xB3, 0xCF, 0x3D, 0xCF, 0xA9,
        0x63, 0x07, 0x29, 0xF2, 0x97, 0x90, 0x93, 0x69, 0xE3, 0xDD, 0x97, 0x9F, 0xA1, 0xE3, 0xEA, 0x59,
        0x2A, 0xA6, 0x34, 0x90, 0xEB, 0xAF, 0x44, 0xD3, 0x74, 0x6A, 0xEB, 0x57, 0x30, 0x34, 0x6A, 0x47,
        0x39, 0x0A, 0xA9, 0x9E, 0xB5, 0x08, 0x84, 0xA0, 0x70, 0x42, 0x1D, 0xC5, 0x55, 0x33, 0x40, 0xA9,
        0xFB, 0xEA, 0xAC, 0x7E, 0x4F, 0xBD, 0x11, 0x0D, 0x07, 0x18, 0x0D, 0xDD, 0xA6, 0x7E, 0xE9, 0x72,
        0x9C, 0x19, 0x99, 0x98, 0xB1, 0x51, 0x66, 0xCC, 0x9A, 0x8D, 0x3B, 0x2B, 0x8B, 0xEA, 0xDA, 0xA9,
        0x48, 0x29, 0x11, 0x42, 0x63, 0xC6, 0xEC, 0x47, 0xE9, 0x69, 0x7A, 0x87, 0xD0, 0x50, 0xFF, 0xB8,
        0xCA, 0xA9, 0x99, 0xB3, 0x94, 0xEA, 0x59, 0x8B, 0xC7, 0xDC, 0x49, 0x89, 0xB2, 0xAC, 0x87, 0xAA,
        0xEA, 0x5D, 0x02, 0xCA, 0x52, 0xF8, 0x8A, 0x2A, 0xA8, 0xAE, 0x7F, 0x9C, 0xE3, 0x47, 0x0E, 0xE2,
        0xF5, 0xE5, 0x91, 0x57, 0x58, 0xCC, 0x1B, 0xAF, 0xBF, 0xC6, 0xEA, 0xF5, 0x1B, 0x39, 0x7C, 0xA0,
        0x19, 0xC3, 0xE1, 0x22, 0x1A, 0x1D, 0xE1, 0xE0, 0xFE, 0x8F, 0x28, 0x9D, 0xBA, 0x88, 0x92, 0xAA,
        0xE9, 0xE3, 0x41, 0x94, 0x1A, 0xD3, 0x8C, 0xD4, 0xF7, 0xE7, 0x9A, 0x07, 0x94, 0xB2, 0xC8, 0xC8,
        0xF2, 0xB1, 0x70, 0xF3, 0x73, 0xE4, 0xF8, 0x27, 0xD1, 0xD1, 0x7A, 0x83, 0x45, 0x2B, 0xD6, 0x32,
        0x12, 0x4B, 0xB2, 0xE7, 0x37, 0xBB, 0xE9, 0xE8, 0xEC, 0x62, 0xF9, 0xBA, 0x27, 0xB8, 0xDD, 0xD7,
        0x83, 0x34, 0x3C, 0x2C, 0xD9, 0xF2, 0x02, 0xDE, 0xC2, 0x09, 0x77, 0x4F, 0xFF, 0x45, 0x4D, 0xBF,
        0xB7, 0x02, 0x40, 0x10, 0xBE, 0xD3, 0xC7, 0x60, 0xE7, 0x35, 0x72, 0x5D, 0x95, 0x1C, 0xF8, 0xF0,
        0x6F, 0xD4, 0xD4, 0x4D, 0x67, 0xDE, 0xA2, 0x65, 0xF4, 0x76, 0x75, 0xF0, 0xC9, 0xA1, 0xFD, 0x08,
        0xA1, 0x31, 0x3C, 0xD4, 0xC3, 0x60, 0x77, 0x0B, 0xA5, 0x35, 0x8F, 0xA4, 0x7B, 0xD0, 0xF4, 0x26,
        0x22, 0xA5, 0x2C, 0x3C, 0xBE, 0x22, 0xE6, 0xAC, 0xD8, 0x49, 0x4B, 0x7B, 0x1F, 0x71, 0xBB, 0x9F,
        0x0F, 0xF7, 0x36, 0x71, 0xEE, 0xE4, 0x31, 0xF6, 0xBE, 0xF7, 0x36, 0x23, 0x5A, 0x1E, 0xAD, 0x1D,
        0xFD, 0x4C, 0x5D, 0xB0, 0x89, 0x82, 0x8A, 0xDA, 0xB1, 0xAA, 0xF9, 0x92, 0xA6, 0xDF, 0xD5, 0xC4,
        0x54, 0xBB, 0xD3, 0xA4, 0x64, 0xD6, 0x92, 0xCD, 0xD4, 0x35, 0xAC, 0xC2, 0x91, 0xE1, 0x61, 0xFF,
        0x9B, 0xBF, 0xE0, 0xE4, 0xF1, 0x66, 0xF2, 0x2B, 0xA6, 0xB1, 0xEC, 0x3B, 0x3F, 0x21, 0x69, 0xC6,
        0xB1, 0x19, 0x2E, 0xA4, 0x6E, 0x4B, 0xF5, 0x0C, 0xF1, 0x39, 0xE0, 0x04, 0xE3, 0xF1, 0x40, 0x57,
        0x96, 0x45, 0xC2, 0x34, 0xB1, 0x92, 0x09, 0x62, 0xD1, 0x30, 0x52, 0xB7, 0xA5, 0x92, 0x49, 0x12,
        0x8B, 0x46, 0xA8, 0x5F, 0xF5, 0x14, 0x53, 0xE6, 0xAD, 0xC1, 0xE5, 0xCE, 0x26, 0x69, 0x9A, 0x20,
        0x34, 0xCC, 0x78, 0x94, 0x78, 0x2C, 0xFA, 0xB9, 0x4E, 0x9A, 0x8A, 0x30, 0xE6, 0x68, 0x04, 0x65,
        0x25, 0x49, 0x9A, 0x26, 0x4A, 0x29, 0x84, 0xE1, 0x70, 0xA8, 0x02, 0x7F, 0x31, 0xF1, 0x98, 0x89,
        0xCF, 0x3F, 0x11, 0xA9, 0xEB, 0xE3, 0xE2, 0x2A, 0x84, 0x40, 0x08, 0x81, 0x52, 0x0A, 0xA5, 0xEE,
        0xED, 0x92, 0xE3, 0x01, 0xD2, 0xCD, 0x85, 0xD1, 0x58, 0x9C, 0x60, 0x5F, 0x0B, 0xBA, 0x2E, 0x19,
        0xE8, 0xEB, 0x41, 0x2F, 0xF2, 0xFB, 0x79, 0xE9, 0xD7, 0xBB, 0xF1, 0xE6, 0xE6, 0x62, 0x25, 0x93,
        0x69, 0x4E, 0x65, 0x82, 0x44, 0xC2, 0x24, 0x16, 0x8B, 0x8D, 0x4D, 0xA7, 0x86, 0x81, 0xAE, 0xDB,
        0xD2, 0xDA, 0x2B, 0x10, 0x08, 0x29, 0xE9, 0x6C, 0xEF, 0xE4, 0x57, 0x3F, 0xFF, 0x29, 0xBA, 0xC3,
        0xE1, 0xA4, 0xA6, 0x6E, 0x0A, 0xF9, 0x85, 0x85, 0x69, 0x09, 0xC7, 0xD8, 0x1B, 0x40, 0xB2, 0xFF,
        0xC3, 0xBD, 0xBC, 0xFF, 0xD7, 0xB7, 0x00, 0xD8, 0xB8, 0x65, 0x1B, 0xCB, 0x57, 0xAF, 0xC1, 0xB2,
        0x92, 0xE9, 0x85, 0x43, 0x08, 0x9C, 0x2E, 0x0F, 0x86, 0xE1, 0x40, 0x0F, 0x04, 0x86, 0x02, 0x2D,
        0xD7, 0xAF, 0x65, 0xBB, 0x32, 0x32, 0xD2, 0x26, 0x20, 0x84, 0xA0, 0x7A, 0x72, 0x2D, 0x3B, 0xBF,
        0xFF, 0x0C, 0x00, 0x45, 0xC5, 0xC5, 0x84, 0x43, 0xC1, 0x71, 0x21, 0x7A, 0x88, 0x03, 0x5A, 0x6F,
        0x5E, 0x27, 0x18, 0x0C, 0x04, 0x84, 0x10, 0xE2, 0x85, 0xF2, 0x09, 0x95, 0xCF, 0x16, 0xF9, 0x8B,
        0x73, 0xD2, 0xB9, 0x43, 0xCB, 0x4A, 0x3A, 0x74, 0x9B, 0xDD, 0x61, 0x18, 0x06, 0x22, 0x95, 0x08,
        0x4A, 0x29, 0x62, 0xB1, 0x18, 0x09, 0x33, 0x3E, 0xAA, 0x69, 0x72, 0xF4, 0x61, 0x3E, 0x14, 0x4A,
        0x74, 0x77, 0x76, 0x0E, 0xB5, 0xB7, 0xB5, 0xBE, 0x22, 0x52, 0x62, 0x54, 0x06, 0xE4, 0xDC, 0xF7,
        0xDF, 0xF1, 0x75, 0x66, 0x01, 0xBB, 0x36, 0x6E, 0xDD, 0xB1, 0x73, 0xD1, 0xD2, 0x95, 0x24, 0x93,
        0x63, 0x57, 0x2E, 0xA5, 0xE4, 0x50, 0xF3, 0xC7, 0xBC, 0xFF, 0xD6, 0x9B, 0x6F, 0x00, 0x7B, 0xD2,
        0x7C, 0x71, 0x0D, 0x01, 0xED, 0x3A, 0x90, 0x00, 0x5A, 0xD2, 0x7A, 0x89, 0xB8, 0xDD, 0x0C, 0x47,
        0x22, 0xA1, 0x9A, 0xC9, 0x75, 0xCC, 0x69, 0x98, 0x47, 0x32, 0x91, 0x22, 0xA0, 0x4B, 0xBA, 0x3B,
        0x6E, 0x21, 0x84, 0x08, 0x65, 0x64, 0x66, 0x9E, 0x8F, 0x84, 0xC3, 0x5F, 0x4C, 0x09, 0x1F, 0x66,
        0x91, 0x70, 0x58, 0xE8, 0x36, 0x9B, 0xCF, 0xED, 0xF1, 0xDC, 0x73, 0x41, 0x63, 0x51, 0xCB, 0xF4,
        0x78, 0xD0, 0x6D, 0x36, 0x5F, 0x24, 0x1C, 0x16, 0x5F, 0xAC, 0x17, 0x3C, 0x5C, 0x47, 0xBC, 0x40,
        0x96, 0x61, 0x18, 0x65, 0x42, 0x08, 0x6E, 0xF7, 0xF5, 0xA6, 0xCA, 0x16, 0x34, 0x29, 0x11, 0x42,
        0x60, 0x18, 0x46, 0x99, 0x19, 0x8F, 0x4F, 0x48, 0x8D, 0x3D, 0x77, 0xD2, 0xC9, 0xA9, 0x74, 0xD9,
        0xE6, 0x00, 0xAF, 0x03, 0x53, 0xA5, 0x94, 0xE5, 0xFE, 0x92, 0x32, 0x97, 0xDD, 0x30, 0xEE, 0x99,
        0x30, 0x04, 0xF1, 0xD8, 0xA8, 0xE8, 0xEE, 0xEC, 0x18, 0x49, 0x26, 0x93, 0xB7, 0x80, 0x7F, 0x03,
        0x3F, 0x48, 0xC5, 0xF9, 0x81, 0xF6, 0x3F, 0xEE, 0xF8, 0xFE, 0xD7, 0xDC, 0x62, 0x98, 0x4C, 0x00,
        0x00, 0x00, 0x00, 0x49, 0x45, 0x4E, 0x44, 0xAE, 0x42, 0x60, 0x82,
    };

    static const unsigned char kMinecraftVersion[] =
    {
        0x89, 0x50, 0x4E, 0x47, 0x0D, 0x0A, 0x1A, 0x0A, 0x00, 0x00, 0x00, 0x0D, 0x49, 0x48, 0x44, 0x52,
        0x00, 0x00, 0x00, 0x20, 0x00, 0x00, 0x00, 0x20, 0x08, 0x06, 0x00, 0x00, 0x00, 0x73, 0x7A, 0x7A,
        0xF4, 0x00, 0x00, 0x05, 0xFF, 0x49, 0x44, 0x41, 0x54, 0x78, 0xDA, 0xB5, 0x57, 0x4B, 0x8C, 0x1C,
        0x57, 0x15, 0x3D, 0xF7, 0xBD, 0xEA, 0xEE, 0x19, 0xCF, 0x90, 0xC8, 0x89, 0x1C, 0xBC, 0x18, 0x5B,
        0x24, 0xB1, 0x59, 0x90, 0x84, 0x0D, 0x48, 0x51, 0x00, 0x31, 0x33, 0x12, 0x0B, 0x82, 0x10, 0xCA,
        0xA6, 0xB3, 0x40, 0x96, 0xC1, 0x06, 0x29, 0x91, 0x40, 0x46, 0x90, 0x05, 0x12, 0x48, 0xF4, 0x34,
        0x12, 0xEC, 0x51, 0x76, 0x48, 0xC6, 0xF2, 0x82, 0xCD, 0x34, 0x16, 0x12, 0x04, 0x90, 0x00, 0x69,
        0x7A, 0x64, 0x79, 0xC5, 0x0E, 0x88, 0x15, 0xFC, 0x21, 0x89, 0x6D, 0x89, 0x21, 0x16, 0x9E, 0xD8,
        0xD3, 0xBF, 0xAA, 0xBA, 0xF7, 0x1E, 0x16, 0x55, 0xFD, 0x99, 0xCE, 0x64, 0xDC, 0x4E, 0xA0, 0xA4,
        0xD2, 0xEB, 0xAA, 0x7E, 0xF5, 0xEE, 0xE7, 0xDC, 0x73, 0x3F, 0x82, 0x07, 0xBC, 0x48, 0xCA, 0x8B,
        0x2D, 0x84, 0x4F, 0x1C, 0x82, 0x60, 0xA5, 0x7C, 0xD9, 0x06, 0x2E, 0xDF, 0x06, 0xD7, 0xEB, 0x70,
        0x11, 0x21, 0xFE, 0x1F, 0x17, 0x49, 0x69, 0x6C, 0x30, 0xB9, 0xDF, 0xBE, 0xC6, 0x06, 0x13, 0x92,
        0x32, 0xEB, 0xB9, 0xF7, 0xDD, 0xD8, 0x20, 0x43, 0x13, 0x20, 0x4A, 0xCB, 0x1A, 0x6F, 0x72, 0xEE,
        0xDE, 0x00, 0xC7, 0x8D, 0x7A, 0x58, 0x02, 0x16, 0x00, 0x80, 0x19, 0xBA, 0x56, 0x49, 0xB6, 0x3A,
        0x5B, 0xB8, 0x7A, 0x7E, 0x55, 0x06, 0xA5, 0xC6, 0xD2, 0x00, 0xA4, 0x29, 0xE2, 0x1F, 0x58, 0x81,
        0x06, 0x19, 0x86, 0x07, 0x7C, 0xFF, 0x3A, 0x9F, 0x51, 0xC5, 0x69, 0x09, 0xF8, 0xAC, 0x99, 0x1F,
        0x8B, 0x95, 0x70, 0x30, 0xCE, 0x03, 0x20, 0x90, 0x76, 0x81, 0x3C, 0xD5, 0x6D, 0x86, 0x70, 0xD5,
        0x73, 0xBF, 0xE4, 0xEA, 0xE7, 0x7E, 0xFE, 0xE9, 0xDA, 0xDF, 0xA6, 0xCF, 0x78, 0x20, 0x05, 0x86,
        0x1F, 0xBE, 0xF2, 0x06, 0x1F, 0x4F, 0xAA, 0xF8, 0xA1, 0x29, 0x4E, 0x26, 0xF3, 0xA8, 0x90, 0x40,
        0xD6, 0x07, 0x4C, 0xCD, 0x9D, 0x74, 0x12, 0x70, 0x22, 0x48, 0x4C, 0x42, 0xA8, 0x02, 0x24, 0x90,
        0x76, 0xB3, 0x1C, 0x31, 0x39, 0x9F, 0x77, 0xB3, 0x9F, 0x9C, 0x7F, 0x6E, 0xFE, 0xAD, 0xFD, 0x94,
        0xD8, 0x53, 0x81, 0xE5, 0x0D, 0x26, 0x9B, 0xAB, 0xA2, 0xDF, 0x7B, 0x83, 0x2F, 0xC4, 0x04, 0xAF,
        0x56, 0xE6, 0xB1, 0x34, 0xD8, 0x21, 0xCC, 0xDD, 0x48, 0xC0, 0x9D, 0x81, 0x00, 0x9C, 0x10, 0x02,
        0x70, 0x27, 0x49, 0xC2, 0x49, 0x27, 0x00, 0x22, 0xC4, 0x64, 0xA1, 0x82, 0xB4, 0x6B, 0x37, 0x2D,
        0x4D, 0xBF, 0xFD, 0xCB, 0xE7, 0x16, 0x7E, 0x53, 0x27, 0x63, 0x4B, 0xC4, 0xA6, 0x65, 0x85, 0xE9,
        0x17, 0xF5, 0x75, 0xC6, 0xCD, 0x55, 0xD1, 0x57, 0xAE, 0xF0, 0x54, 0x08, 0xFE, 0x2B, 0x08, 0x96,
        0xBA, 0x77, 0x4D, 0xD5, 0x1D, 0x46, 0x44, 0x23, 0xA2, 0x41, 0xC4, 0x08, 0x31, 0x02, 0xE6, 0x44,
        0xF9, 0x5B, 0x8C, 0x12, 0xCD, 0x25, 0xAA, 0x1A, 0x7A, 0x77, 0x07, 0x0A, 0x09, 0x47, 0x98, 0xC4,
        0x0B, 0xF5, 0x4B, 0x9D, 0xD3, 0x2D, 0x11, 0xAB, 0xAF, 0x33, 0xEE, 0xEB, 0x81, 0xA1, 0xAB, 0xCE,
        0x5C, 0xE6, 0x97, 0x2B, 0x55, 0x5C, 0x70, 0xF3, 0xAA, 0xA9, 0x1B, 0x29, 0xD1, 0x0B, 0x26, 0xA0,
        0x70, 0xF9, 0xF4, 0x5A, 0xFC, 0xE7, 0xE5, 0xBB, 0xD2, 0x0D, 0x70, 0xBA, 0x31, 0x24, 0x91, 0x80,
        0x72, 0x30, 0x78, 0xA1, 0xB5, 0xFC, 0xF0, 0xEF, 0x1A, 0x0D, 0x86, 0x66, 0x73, 0x0C, 0x87, 0x4C,
        0x47, 0xFB, 0x99, 0xD7, 0x71, 0x24, 0xD6, 0xFC, 0x92, 0x48, 0x58, 0x4A, 0xFB, 0xEA, 0x22, 0x12,
        0x8C, 0x63, 0xE1, 0xD3, 0x82, 0x46, 0x8A, 0x14, 0x50, 0x00, 0xE5, 0x5A, 0x40, 0x44, 0xB8, 0xD3,
        0x62, 0xB5, 0x16, 0x35, 0xB7, 0x9B, 0x59, 0xCF, 0x3F, 0xF7, 0xDA, 0x17, 0xE6, 0x6F, 0x62, 0x0D,
        0x82, 0x52, 0x89, 0x11, 0x04, 0x43, 0xAA, 0x39, 0x75, 0x2D, 0x54, 0xC3, 0x52, 0x3A, 0x30, 0x25,
        0x24, 0xA8, 0x13, 0xEE, 0x0E, 0x77, 0x42, 0x27, 0x6E, 0x1F, 0xDD, 0x3E, 0xB5, 0xEE, 0xBE, 0x49,
        0xC4, 0xB4, 0xDF, 0x33, 0x99, 0xAB, 0x1D, 0x61, 0x92, 0xFF, 0x08, 0x22, 0xC4, 0x1A, 0xB8, 0x3B,
        0x06, 0x1A, 0x0C, 0x10, 0xE1, 0x99, 0xCB, 0xE9, 0xD3, 0x14, 0x39, 0xD1, 0xDF, 0x71, 0x9A, 0x7B,
        0x54, 0x27, 0xCC, 0x09, 0x75, 0x40, 0xBD, 0xB0, 0xCC, 0x8B, 0x20, 0xC4, 0x04, 0xFE, 0xA5, 0xB0,
        0xC2, 0x62, 0x75, 0x42, 0x39, 0xA5, 0x2C, 0x25, 0xA4, 0x3B, 0x1D, 0x3A, 0x71, 0xF2, 0xF9, 0x3F,
        0xDD, 0x79, 0x06, 0x22, 0x44, 0x83, 0x61, 0xA4, 0x40, 0x63, 0xA5, 0x58, 0x73, 0xC5, 0x37, 0xE2,
        0x5C, 0xAC, 0x68, 0xAE, 0x74, 0x87, 0xF8, 0x8C, 0x96, 0xEE, 0xED, 0x99, 0xF1, 0x6D, 0x4E, 0x51,
        0x55, 0xCA, 0xDC, 0x42, 0xC5, 0x25, 0x39, 0x05, 0x00, 0xCB, 0xA5, 0x4C, 0x01, 0x29, 0x10, 0xE1,
        0x77, 0x6F, 0x70, 0xBE, 0x7B, 0x27, 0xBF, 0x98, 0x1C, 0xA8, 0x7C, 0x2A, 0xEB, 0x66, 0x46, 0x48,
        0x1C, 0x62, 0xC9, 0x72, 0xB5, 0x09, 0x6C, 0xEF, 0x17, 0x8C, 0xA3, 0x15, 0x04, 0x1D, 0x30, 0xBA,
        0xC5, 0xF9, 0xC5, 0x98, 0xF7, 0x3A, 0x7F, 0xB1, 0xCA, 0xBB, 0x9F, 0xDF, 0x5C, 0x7D, 0x7C, 0x00,
        0x52, 0x42, 0xBD, 0x55, 0x68, 0xD2, 0xDD, 0xCE, 0x8E, 0xB9, 0xE3, 0x89, 0xBC, 0x6F, 0x30, 0x63,
        0x98, 0xB4, 0x78, 0x3F, 0xEB, 0x66, 0xF1, 0x92, 0x3A, 0x61, 0xC6, 0x90, 0xF7, 0xFB, 0x30, 0xF3,
        0x27, 0x91, 0x3D, 0x74, 0x0C, 0x00, 0xEA, 0x2D, 0x84, 0xF0, 0xCE, 0xA1, 0xB6, 0x00, 0x40, 0x96,
        0x65, 0x87, 0x51, 0x89, 0x07, 0xF3, 0x5C, 0xDD, 0x59, 0x60, 0x5E, 0x60, 0x09, 0x18, 0xCB, 0x58,
        0x98, 0xC2, 0xD6, 0xBC, 0x8C, 0x83, 0x72, 0xCF, 0xE4, 0x37, 0x4A, 0x94, 0xFB, 0x4A, 0x36, 0x00,
        0x30, 0x55, 0x67, 0xAC, 0x3C, 0x62, 0x79, 0x7E, 0x18, 0x00, 0xDE, 0x39, 0xD4, 0x96, 0xB0, 0x32,
        0xAC, 0xA9, 0xB1, 0x72, 0x40, 0x6A, 0x01, 0xE6, 0x74, 0x75, 0x8A, 0xCF, 0x60, 0xB1, 0x8E, 0xBC,
        0xE3, 0x7B, 0x78, 0x68, 0xB7, 0x37, 0xE8, 0x10, 0x35, 0x77, 0x56, 0x17, 0x90, 0x21, 0x2E, 0x14,
        0x42, 0x57, 0x30, 0x2A, 0xAF, 0x66, 0x40, 0x28, 0x2D, 0x19, 0xF2, 0x7B, 0xC8, 0x7D, 0x9B, 0xC2,
        0xD4, 0x7D, 0x8C, 0xED, 0xF8, 0x79, 0x1C, 0x0B, 0xD3, 0x09, 0xCB, 0x26, 0x9F, 0x9D, 0x40, 0x36,
        0x4E, 0x7E, 0x49, 0x1B, 0x6D, 0x14, 0x0C, 0xC8, 0x7B, 0xDE, 0x4D, 0x60, 0xCE, 0x40, 0x82, 0x24,
        0xC4, 0xF6, 0x3A, 0x10, 0x78, 0x1F, 0x05, 0xC6, 0xC1, 0x67, 0x93, 0x09, 0x6A, 0xA4, 0x3C, 0x49,
        0x22, 0x58, 0xAF, 0x0B, 0x06, 0xE9, 0x16, 0x8D, 0x4C, 0x1B, 0xC9, 0x63, 0xB7, 0x57, 0x08, 0x00,
        0x81, 0xD8, 0xCA, 0xD2, 0x74, 0x1B, 0x21, 0x1E, 0x34, 0xCD, 0x49, 0x91, 0xF7, 0x0A, 0x28, 0x2D,
        0xE5, 0x5E, 0x96, 0xDD, 0x6F, 0x75, 0x02, 0x31, 0x09, 0x9A, 0x0D, 0xEE, 0x38, 0x93, 0x2D, 0x00,
        0x78, 0xEC, 0xA9, 0x15, 0x86, 0x56, 0x1D, 0x0E, 0x00, 0xF9, 0xAD, 0xED, 0x6B, 0x46, 0x5E, 0x97,
        0xA4, 0x0A, 0x23, 0xFD, 0xFD, 0xB3, 0xDB, 0x18, 0x77, 0x9F, 0x89, 0x19, 0x65, 0xBC, 0x80, 0xEE,
        0xB1, 0x06, 0x77, 0x5E, 0xBF, 0x7B, 0xEF, 0xAF, 0xD7, 0x00, 0xA0, 0x55, 0x87, 0x07, 0x88, 0x70,
        0x79, 0x83, 0x49, 0xEB, 0xC5, 0xA3, 0x7D, 0x77, 0xBF, 0x68, 0x04, 0xDC, 0x28, 0x6E, 0x2C, 0x23,
        0x79, 0x32, 0xB2, 0x4B, 0x56, 0x94, 0x91, 0xAF, 0x3E, 0xCD, 0x0A, 0x96, 0x8C, 0x99, 0x62, 0x05,
        0x01, 0x37, 0x97, 0x92, 0x4D, 0x17, 0xDF, 0x3E, 0xB5, 0x3A, 0x58, 0xDE, 0x60, 0x02, 0x91, 0x22,
        0x1D, 0x6E, 0xB6, 0x0B, 0x2F, 0x18, 0x6A, 0x67, 0xD3, 0x4E, 0x27, 0x77, 0x04, 0x31, 0x27, 0x67,
        0xC9, 0xF5, 0x7B, 0x67, 0xC4, 0x21, 0x2B, 0x46, 0xDF, 0xD2, 0x11, 0x24, 0xEB, 0x75, 0x32, 0x17,
        0xFC, 0x62, 0x52, 0xA6, 0x4C, 0x74, 0x9D, 0x02, 0x11, 0x3E, 0xFF, 0xE7, 0x77, 0xCF, 0xC6, 0xC5,
        0x87, 0x4F, 0x67, 0xF7, 0xEE, 0x2A, 0x45, 0x92, 0xA2, 0xEA, 0x71, 0x8A, 0x15, 0xE3, 0xEA, 0xB7,
        0x2B, 0x28, 0xF7, 0xC8, 0x84, 0x20, 0x60, 0xEE, 0x2A, 0x07, 0x1E, 0x4A, 0x74, 0x67, 0xFB, 0xEC,
        0x3F, 0xBE, 0xBA, 0xF4, 0xCD, 0xA1, 0xAC, 0xDD, 0x0D, 0xC9, 0x5A, 0x91, 0x96, 0x4D, 0x6D, 0x2D,
        0xED, 0x76, 0x6E, 0xB1, 0x5A, 0x4B, 0xD4, 0xCD, 0xF6, 0xB2, 0x70, 0xD6, 0x0C, 0xE8, 0x4E, 0xA8,
        0xB9, 0xB1, 0x52, 0x4B, 0xF2, 0x7E, 0xEF, 0x46, 0x9E, 0xA7, 0x3F, 0x06, 0x29, 0x58, 0x1B, 0x1B,
        0x3E, 0x56, 0xA0, 0x29, 0xDE, 0x58, 0x83, 0xFC, 0xF1, 0x8B, 0x8F, 0xDE, 0xD4, 0x34, 0x7B, 0x49,
        0x55, 0x07, 0x8E, 0x18, 0xD5, 0xDD, 0x0A, 0x1C, 0xC7, 0x15, 0x6F, 0xB2, 0x12, 0xDA, 0x44, 0x85,
        0x1C, 0x56, 0xCD, 0xA2, 0x22, 0x02, 0x6A, 0x6E, 0x2E, 0x21, 0x6A, 0xA6, 0x19, 0xB2, 0xC1, 0xCB,
        0xFF, 0xFC, 0xDA, 0x93, 0x37, 0x26, 0x7B, 0x81, 0xF7, 0xB4, 0x64, 0xCD, 0xA6, 0x78, 0x7D, 0x7D,
        0x3D, 0x6E, 0x7C, 0xE9, 0xD1, 0xDF, 0x6B, 0xD6, 0x7B, 0xD9, 0x9C, 0xCA, 0xA4, 0x16, 0x4D, 0x5D,
        0xDD, 0xF6, 0xCF, 0xF5, 0x3A, 0xAA, 0x7C, 0x5E, 0x28, 0xA7, 0xA6, 0xAC, 0xD4, 0xA2, 0x3A, 0x73,
        0xCB, 0xB2, 0x97, 0xAE, 0x9C, 0x38, 0xF2, 0x07, 0xAC, 0xAF, 0xC7, 0x49, 0xE1, 0xFB, 0x34, 0xA5,
        0x1B, 0xC9, 0xE6, 0xEA, 0xAA, 0x3E, 0xFB, 0xDB, 0xDB, 0x5F, 0x09, 0xA1, 0xFA, 0xAA, 0xD4, 0xE6,
        0x8E, 0xE6, 0xDD, 0x9D, 0xA2, 0xC5, 0x2A, 0xB0, 0x15, 0x3A, 0xC4, 0x01, 0x29, 0x9A, 0x54, 0x27,
        0x01, 0xBA, 0x93, 0x05, 0xEC, 0x12, 0x31, 0xB7, 0x08, 0x1B, 0x74, 0x6F, 0xD0, 0xF4, 0x5B, 0x6F,
        0x9E, 0x58, 0x7A, 0x0D, 0x8D, 0x8D, 0x04, 0xCD, 0x55, 0x9D, 0x7D, 0x2E, 0x68, 0x30, 0xA0, 0x29,
        0xFE, 0xEC, 0xAF, 0xFF, 0xF5, 0x31, 0x8B, 0xB5, 0x1F, 0x98, 0xEA, 0xD7, 0xC3, 0xFC, 0x62, 0x85,
        0x4E, 0x68, 0xD6, 0x87, 0xE7, 0x39, 0x4B, 0xB6, 0xC1, 0x9D, 0x11, 0x21, 0x11, 0x56, 0x6A, 0x20,
        0x81, 0xBC, 0xDF, 0xC9, 0x19, 0xC2, 0x39, 0xF1, 0xFE, 0x4F, 0xDF, 0x3A, 0xF1, 0xC4, 0xDB, 0xC3,
        0xB3, 0x3E, 0xD4, 0x60, 0xF2, 0xC9, 0x0B, 0xFF, 0x79, 0x1A, 0xD4, 0xD3, 0x2E, 0xE1, 0x33, 0x34,
        0x3D, 0xCE, 0x58, 0x7D, 0x04, 0xB5, 0x03, 0x20, 0x01, 0xED, 0x77, 0xE1, 0x79, 0x7A, 0x87, 0x21,
        0x5E, 0x75, 0xB3, 0x4B, 0xEA, 0x76, 0xEE, 0xD6, 0xC9, 0xA3, 0x7F, 0x2F, 0xD9, 0x15, 0xF0, 0x41,
        0x06, 0x93, 0x5D, 0x9E, 0x58, 0x1B, 0x8F, 0x66, 0xC7, 0x7E, 0x76, 0xA5, 0x96, 0x7C, 0xF4, 0x23,
        0xC7, 0xCD, 0xEC, 0xB0, 0x43, 0x16, 0x61, 0x80, 0x93, 0x1D, 0xA9, 0xC5, 0xAD, 0xF0, 0xEF, 0x9D,
        0xAB, 0xD7, 0xBE, 0xF3, 0xF1, 0x74, 0x44, 0xEB, 0xA9, 0x80, 0xFB, 0xB0, 0xD3, 0xA9, 0x2C, 0xCF,
        0x30, 0x9C, 0x2E, 0x6F, 0x30, 0xC1, 0xFF, 0x72, 0x38, 0xDD, 0x4B, 0x11, 0xB4, 0x5A, 0x61, 0xF9,
        0xF5, 0x43, 0x82, 0x95, 0xB2, 0x97, 0x68, 0xB7, 0xB1, 0xF9, 0xD4, 0x6D, 0xA2, 0x5E, 0x77, 0x3C,
        0xE0, 0x78, 0xFE, 0x5F, 0x77, 0x3E, 0xDA, 0xF9, 0xF8, 0x32, 0x05, 0xED, 0x00, 0x00, 0x00, 0x00,
        0x49, 0x45, 0x4E, 0x44, 0xAE, 0x42, 0x60, 0x82,
    };

    static const unsigned char kProcessHacker[] =
    {
        0x89, 0x50, 0x4E, 0x47, 0x0D, 0x0A, 0x1A, 0x0A, 0x00, 0x00, 0x00, 0x0D, 0x49, 0x48, 0x44, 0x52,
        0x00, 0x00, 0x00, 0x20, 0x00, 0x00, 0x00, 0x20, 0x08, 0x06, 0x00, 0x00, 0x00, 0x73, 0x7A, 0x7A,
        0xF4, 0x00, 0x00, 0x02, 0x34, 0x49, 0x44, 0x41, 0x54, 0x78, 0xDA, 0xED, 0x57, 0x5B, 0x72, 0xC4,
        0x20, 0x0C, 0x13, 0x3B, 0xBD, 0x17, 0xBE, 0x19, 0xCA, 0xCD, 0xC8, 0xC9, 0xDC, 0x8F, 0xC4, 0x60,
        0x1E, 0x49, 0xD8, 0x76, 0xFF, 0x5A, 0x67, 0x32, 0xB0, 0x79, 0x49, 0x96, 0x8D, 0xCD, 0x02, 0xFF,
        0xB6, 0x60, 0x39, 0x67, 0x55, 0x55, 0xCD, 0x39, 0xEB, 0xA7, 0xBF, 0x1D, 0x56, 0x09, 0xE4, 0x9C,
        0x21, 0x22, 0xD3, 0xFB, 0x31, 0x46, 0xEC, 0xFB, 0x5E, 0x46, 0x11, 0x09, 0x1F, 0x27, 0xE0, 0xC1,
        0x09, 0x02, 0x6C, 0x9F, 0xB9, 0x22, 0x37, 0x23, 0x09, 0x00, 0x21, 0x84, 0xB0, 0x44, 0xC0, 0xBC,
        0x07, 0x00, 0x92, 0xE5, 0x04, 0x81, 0x83, 0xC7, 0x79, 0x90, 0xC3, 0xBB, 0x22, 0x82, 0x99, 0x72,
        0x5E, 0xA9, 0x70, 0x07, 0xEC, 0xE6, 0x15, 0xB4, 0x68, 0x40, 0x54, 0xF8, 0xE3, 0xDA, 0xAA, 0xA5,
        0x94, 0x0A, 0x81, 0xD7, 0xC4, 0x5B, 0xCD, 0x39, 0x6B, 0x8C, 0xB1, 0xC8, 0xE5, 0xB4, 0x07, 0x4C,
        0x85, 0x63, 0x7A, 0x5E, 0xAF, 0x24, 0xFA, 0xF1, 0xC6, 0xC1, 0x9A, 0x03, 0x3E, 0xC9, 0x0C, 0x74,
        0xDF, 0x77, 0xF7, 0xB0, 0x14, 0x99, 0xD9, 0x7D, 0xB7, 0x44, 0x83, 0xD7, 0x60, 0x74, 0x47, 0x96,
        0xEC, 0x43, 0x74, 0x28, 0x70, 0x48, 0x7C, 0x8C, 0x1E, 0xB8, 0x2A, 0xC0, 0xD3, 0xF3, 0x0A, 0x44,
        0x10, 0x48, 0x8E, 0xC1, 0x0C, 0x38, 0x8D, 0xBA, 0x98, 0xE7, 0x66, 0xAF, 0xC6, 0x95, 0xD3, 0x8C,
        0x84, 0x8D, 0x3E, 0xF1, 0x1A, 0x02, 0x1B, 0x1A, 0x45, 0xFA, 0x00, 0x60, 0xBB, 0x5E, 0x11, 0x46,
        0xA4, 0x10, 0xD0, 0x84, 0x89, 0xE7, 0x2E, 0xF6, 0x83, 0x7B, 0x2D, 0xDC, 0x11, 0x9E, 0x7A, 0x85,
        0xE9, 0x54, 0xA8, 0xA3, 0x26, 0x22, 0x96, 0x80, 0x2D, 0x81, 0x7D, 0xCF, 0x83, 0x02, 0x03, 0x01,
        0x3A, 0xE0, 0x42, 0xA0, 0xD6, 0x05, 0x93, 0xDC, 0xBC, 0xE7, 0xC6, 0x66, 0xCD, 0xCC, 0xEC, 0xB5,
        0x50, 0x07, 0x9A, 0xF5, 0x5E, 0xBC, 0xF1, 0x0A, 0x90, 0x8D, 0x4C, 0x25, 0xE5, 0x12, 0x3B, 0xFE,
        0x6C, 0x12, 0xB0, 0x10, 0x78, 0xAA, 0x62, 0x7D, 0x8C, 0xCB, 0x2F, 0x76, 0x91, 0xB7, 0x9C, 0x48,
        0x70, 0x39, 0xC0, 0x29, 0x81, 0x46, 0x81, 0x9C, 0xF3, 0x10, 0x77, 0x9F, 0xAD, 0x0D, 0x50, 0xEA,
        0x72, 0x82, 0x35, 0x11, 0x8B, 0x42, 0x5B, 0xAB, 0x07, 0x5C, 0xD1, 0xEA, 0x71, 0x42, 0x5F, 0xF5,
        0x3C, 0x81, 0x94, 0x12, 0x82, 0x2F, 0x96, 0x1C, 0xAB, 0x20, 0xBC, 0xFC, 0x74, 0x50, 0x04, 0xA8,
        0x04, 0xB7, 0xF6, 0x79, 0x39, 0xEB, 0x40, 0xD3, 0xB0, 0x48, 0x96, 0x0A, 0x68, 0x73, 0x1B, 0x41,
        0x28, 0x70, 0x71, 0x12, 0x4A, 0x40, 0x41, 0x2A, 0x79, 0x8C, 0x50, 0xBB, 0xE6, 0x4F, 0x2A, 0x01,
        0x25, 0xA9, 0xAA, 0xAA, 0x24, 0xF5, 0x56, 0x01, 0xDF, 0x40, 0x6C, 0x7E, 0x84, 0x84, 0x20, 0xD7,
        0x72, 0xC5, 0x77, 0x8A, 0x5A, 0xBA, 0x59, 0xBE, 0x6B, 0x0A, 0x7C, 0xDD, 0x03, 0xB6, 0x9D, 0x2D,
        0x46, 0x45, 0x4A, 0x75, 0x99, 0x16, 0x52, 0x06, 0x32, 0x14, 0xA4, 0xB3, 0x50, 0xBA, 0x55, 0xA4,
        0x51, 0xB1, 0x6D, 0xDB, 0x3C, 0x07, 0x66, 0x44, 0x62, 0x8C, 0xCD, 0x0B, 0x77, 0xFD, 0xBF, 0x25,
        0x3D, 0xAA, 0xE5, 0xEF, 0x5F, 0x2A, 0xD0, 0xF7, 0x72, 0x7B, 0xC9, 0x7E, 0x93, 0x0C, 0x57, 0xFB,
        0x85, 0x5E, 0x2D, 0x91, 0x7D, 0x42, 0xAC, 0xB5, 0xAF, 0xF1, 0xC5, 0xD1, 0x63, 0x11, 0x99, 0x6E,
        0xB3, 0x7C, 0x17, 0xF5, 0x20, 0x3D, 0xF1, 0xBB, 0x3A, 0x13, 0xFC, 0x4A, 0x70, 0xF3, 0xF0, 0xB4,
        0x4B, 0x7A, 0xEA, 0xF3, 0x77, 0xE1, 0xF2, 0xCE, 0x2C, 0x6F, 0x1E, 0x57, 0xC0, 0xEF, 0xC8, 0x5C,
        0xA9, 0xF8, 0xC2, 0x2F, 0xCD, 0x2A, 0xDB, 0xD0, 0x41, 0x17, 0xE4, 0xFF, 0x08, 0x01, 0xBF, 0x1D,
        0x9F, 0x91, 0x78, 0xEA, 0x35, 0x6F, 0x13, 0xF0, 0x32, 0xF6, 0x80, 0x56, 0x1F, 0x2E, 0xD4, 0x08,
        0x8F, 0xAB, 0xE0, 0x5D, 0x12, 0x3E, 0x1F, 0x4C, 0x85, 0x55, 0xE0, 0x1F, 0x27, 0xE1, 0x5D, 0x62,
        0x7A, 0x12, 0xEF, 0xFC, 0x3B, 0xFA, 0xDB, 0xF6, 0x0D, 0x3B, 0xC0, 0xD6, 0x07, 0xB5, 0x21, 0x91,
        0x73, 0x00, 0x00, 0x00, 0x00, 0x49, 0x45, 0x4E, 0x44, 0xAE, 0x42, 0x60, 0x82,
    };

    static const unsigned char kJumpListExplorer[] =
    {
        0x89, 0x50, 0x4E, 0x47, 0x0D, 0x0A, 0x1A, 0x0A, 0x00, 0x00, 0x00, 0x0D, 0x49, 0x48, 0x44, 0x52,
        0x00, 0x00, 0x00, 0x20, 0x00, 0x00, 0x00, 0x20, 0x08, 0x06, 0x00, 0x00, 0x00, 0x73, 0x7A, 0x7A,
        0xF4, 0x00, 0x00, 0x09, 0x4E, 0x49, 0x44, 0x41, 0x54, 0x78, 0xDA, 0x9D, 0x97, 0x7B, 0x8C, 0x5C,
        0x55, 0x1D, 0xC7, 0xBF, 0xE7, 0xDC, 0x7B, 0x67, 0x67, 0x76, 0xBA, 0xD3, 0xED, 0xB4, 0xBB, 0xD3,
        0x5D, 0xB6, 0xB4, 0x6C, 0x43, 0x8B, 0x2D, 0x94, 0x16, 0x9B, 0x16, 0x5B, 0xA0, 0x10, 0x0D, 0x98,
        0x96, 0x44, 0x14, 0x77, 0x53, 0x5F, 0xD1, 0xD6, 0x60, 0x22, 0x31, 0xA0, 0xD1, 0xC4, 0x47, 0x48,
        0x76, 0x37, 0x95, 0x98, 0x15, 0x30, 0xBE, 0x12, 0x29, 0x0D, 0x86, 0x1A, 0x31, 0xA1, 0xAB, 0x50,
        0xC0, 0x28, 0x21, 0x06, 0xA9, 0x88, 0x51, 0xD1, 0x14, 0x4B, 0x77, 0x5B, 0x96, 0xEE, 0x96, 0x3E,
        0x76, 0x97, 0xD9, 0x79, 0xCF, 0xDC, 0xD7, 0x79, 0xFE, 0xFC, 0x63, 0x1F, 0x6D, 0x79, 0xD8, 0xDA,
        0x9B, 0x9C, 0xDC, 0x9B, 0x9B, 0x7B, 0xCF, 0xEF, 0x73, 0xBE, 0xDF, 0xDF, 0x79, 0xFC, 0x18, 0x2E,
        0xE3, 0xEA, 0xEB, 0xEB, 0xE3, 0x6B, 0xD7, 0xAE, 0x65, 0x6D, 0x6D, 0x6D, 0xAC, 0x50, 0x28, 0x50,
        0x6F, 0x6F, 0xAF, 0x79, 0xF7, 0x37, 0x44, 0xC4, 0x01, 0x10, 0x63, 0x8C, 0xFE, 0x57, 0x5F, 0xEC,
        0x62, 0xC1, 0x88, 0x88, 0x0D, 0x0D, 0x0D, 0xF1, 0x8B, 0x05, 0x3B, 0x78, 0xF0, 0xE0, 0x95, 0x95,
        0x62, 0x71, 0x8D, 0x5F, 0x2F, 0xDF, 0x50, 0x6F, 0xD4, 0x36, 0x44, 0xB1, 0xBE, 0xA6, 0x58, 0xA9,
        0x3D, 0xB0, 0x77, 0xEF, 0xDE, 0x67, 0x7A, 0x7A, 0x7A, 0x9C, 0xA1, 0xA1, 0x21, 0xF3, 0x7E, 0xFD,
        0xBB, 0x1F, 0x04, 0xD6, 0xD7, 0xD7, 0xE7, 0xF4, 0xF7, 0xF7, 0x9B, 0xD9, 0x11, 0x9C, 0xFB, 0x99,
        0x31, 0x8C, 0x9C, 0x3C, 0xD9, 0x71, 0x76, 0x74, 0x74, 0x4D, 0xBD, 0x5A, 0xB8, 0xA1, 0x51, 0xAB,
        0x6D, 0xFC, 0xE9, 0x8F, 0x06, 0xD7, 0x55, 0x6B, 0x7E, 0x77, 0x43, 0xD8, 0x44, 0x29, 0x30, 0x18,
        0x2F, 0x0A, 0x24, 0x12, 0x4D, 0xB8, 0xCA, 0x13, 0x8B, 0x01, 0x60, 0x7A, 0x7A, 0x0D, 0xBB, 0x6C,
        0x05, 0xEA, 0x75, 0x5A, 0x32, 0x91, 0x3F, 0xB1, 0xAA, 0x36, 0x3D, 0xBD, 0xA1, 0x5E, 0x2B, 0x6F,
        0xAC, 0x55, 0x2B, 0xEB, 0xEB, 0xF5, 0xFA, 0xCA, 0x46, 0x24, 0x5B, 0x2A, 0xA1, 0x41, 0xBE, 0xA1,
        0x31, 0x55, 0xB7, 0xC8, 0x07, 0x0C, 0xE5, 0x18, 0x26, 0x90, 0xA0, 0x5A, 0x6C, 0x4D, 0x77, 0x46,
        0x7B, 0x5B, 0x16, 0xBC, 0xB5, 0xFB, 0xD1, 0xC7, 0x9F, 0xDC, 0xBF, 0x6D, 0xDB, 0x36, 0xF7, 0xD0,
        0xA1, 0x43, 0xFA, 0x52, 0x14, 0x60, 0x00, 0xE8, 0xC0, 0x81, 0x03, 0xD9, 0xA6, 0xA6, 0xA6, 0x3D,
        0x9D, 0x9D, 0x9D, 0x37, 0xBC, 0xF2, 0xF2, 0xC1, 0x55, 0xBE, 0xEF, 0x67, 0x1B, 0x91, 0x46, 0xA1,
        0xA1, 0x90, 0xF7, 0x09, 0x85, 0x28, 0x89, 0xAA, 0x5A, 0x68, 0x03, 0xEB, 0xD9, 0xD8, 0x70, 0x28,
        0xAE, 0xB8, 0x6C, 0x12, 0x8C, 0xDB, 0xC0, 0x49, 0x52, 0x04, 0xA9, 0x04, 0x5C, 0x66, 0xB8, 0x14,
        0xFA, 0xA2, 0x03, 0x74, 0xDF, 0x95, 0x5C, 0x6C, 0x60, 0x60, 0x80, 0x38, 0xE7, 0xED, 0xF9, 0x7C,
        0xFE, 0xDE, 0x52, 0xB1, 0x88, 0x63, 0x15, 0x0F, 0xBE, 0xDB, 0x46, 0x31, 0x6F, 0x31, 0xCA, 0x4D,
        0x42, 0xB6, 0x10, 0xD7, 0x49, 0xC5, 0xB8, 0x88, 0x78, 0x22, 0x0E, 0x38, 0x45, 0x21, 0xA0, 0x14,
        0x8C, 0x55, 0x50, 0x64, 0x40, 0x64, 0x41, 0x04, 0x18, 0x4B, 0x90, 0x4A, 0xE1, 0xFF, 0x02, 0x38,
        0xEF, 0x92, 0xC5, 0x62, 0x29, 0x36, 0x46, 0x7B, 0x41, 0xE7, 0x0E, 0xE6, 0xB6, 0x74, 0xF0, 0x44,
        0x50, 0x75, 0x29, 0x8E, 0x60, 0x54, 0x08, 0xA3, 0x05, 0x48, 0x0B, 0x58, 0xA3, 0x61, 0x2D, 0xC1,
        0x5A, 0xC0, 0x12, 0x81, 0x88, 0x40, 0x04, 0x10, 0x11, 0x38, 0x08, 0xD6, 0x5E, 0x26, 0x40, 0x10,
        0x04, 0x5A, 0x4A, 0x01, 0xC7, 0xE1, 0x8E, 0x09, 0x6B, 0x64, 0x78, 0x33, 0x64, 0x1C, 0x42, 0x29,
        0x05, 0x6D, 0x2C, 0x8C, 0x9D, 0x69, 0xD6, 0x58, 0x58, 0x6B, 0x61, 0x68, 0xE6, 0x6E, 0xAD, 0x85,
        0x25, 0x3B, 0x0B, 0x63, 0x61, 0xA4, 0xBC, 0x3C, 0x80, 0x54, 0x2A, 0x65, 0xE2, 0x58, 0xD8, 0x84,
        0xC7, 0x21, 0x45, 0x0C, 0x9B, 0x50, 0xD0, 0x4A, 0x42, 0x2B, 0x0D, 0xA3, 0x35, 0xF4, 0x6C, 0x33,
        0xC6, 0xC0, 0x18, 0x03, 0x6B, 0x0C, 0xAC, 0x35, 0xF3, 0x10, 0x44, 0x33, 0xEF, 0x95, 0xB2, 0x17,
        0x07, 0x38, 0x7F, 0x9E, 0xB7, 0xB4, 0xB4, 0xB0, 0x5B, 0x6F, 0xBD, 0x95, 0x8F, 0x8D, 0x8D, 0x51,
        0x1C, 0x47, 0x86, 0x23, 0x01, 0x25, 0x22, 0xE8, 0x44, 0x0C, 0x2B, 0x24, 0xB4, 0x31, 0x50, 0x4A,
        0xCD, 0x28, 0xF1, 0x2E, 0x88, 0x19, 0x90, 0x59, 0x45, 0x8C, 0x81, 0x31, 0x16, 0xCA, 0x5C, 0x82,
        0x02, 0xEF, 0x99, 0xE7, 0x00, 0x06, 0x07, 0x07, 0x1B, 0x52, 0x2A, 0x78, 0x0E, 0xA0, 0xA4, 0x80,
        0x12, 0x02, 0x56, 0xCE, 0x01, 0xC8, 0x19, 0x80, 0x39, 0x08, 0x35, 0x0B, 0xA2, 0x35, 0xB4, 0x35,
        0x30, 0xE6, 0x1C, 0xD4, 0x25, 0x25, 0x21, 0x11, 0xE5, 0x86, 0x87, 0x87, 0x97, 0x9F, 0x38, 0x71,
        0xA2, 0xDB, 0x18, 0xB3, 0x36, 0x95, 0x4A, 0xC1, 0x71, 0x9C, 0x83, 0x47, 0x8F, 0x0E, 0xC7, 0x0E,
        0x4B, 0xB7, 0xA8, 0x84, 0x80, 0x10, 0x31, 0xAC, 0x12, 0xD0, 0x66, 0x36, 0xE0, 0xAC, 0x0A, 0x4A,
        0x29, 0x28, 0xAD, 0x60, 0xB4, 0x9A, 0x87, 0x30, 0xDA, 0xCC, 0x34, 0xA3, 0x61, 0x95, 0xB9, 0x38,
        0xC0, 0xBE, 0x7D, 0xFB, 0x7E, 0xB7, 0x6A, 0xD5, 0xAA, 0xAD, 0xAD, 0xAD, 0xAD, 0x28, 0x14, 0x0A,
        0x28, 0x16, 0x8B, 0x88, 0xA2, 0xE8, 0xDB, 0xDD, 0x2B, 0xBB, 0x11, 0xD4, 0x2A, 0x88, 0xA4, 0x66,
        0xB1, 0xA3, 0xC0, 0x55, 0x04, 0x6D, 0x2D, 0x8C, 0x3E, 0x67, 0xC3, 0x8C, 0x12, 0x33, 0x8A, 0x18,
        0x63, 0x2E, 0xB0, 0xC5, 0x1A, 0x03, 0x29, 0x2F, 0x41, 0x81, 0xC9, 0xC9, 0xC9, 0xD4, 0xF8, 0xF8,
        0x38, 0x75, 0x74, 0x74, 0xE8, 0xB6, 0xB6, 0x36, 0xE6, 0xFB, 0x3E, 0x8A, 0xC5, 0xA2, 0xC7, 0x00,
        0x24, 0x53, 0xCD, 0xE8, 0x92, 0x93, 0x38, 0x1D, 0x02, 0x75, 0xBB, 0x00, 0x64, 0xF5, 0xFC, 0x68,
        0xCF, 0x0F, 0x7E, 0x2E, 0x2F, 0x66, 0xD5, 0x50, 0x12, 0x52, 0x69, 0x28, 0x7B, 0x09, 0x0A, 0x24,
        0x93, 0x49, 0x13, 0x86, 0x21, 0x3B, 0x7E, 0xFC, 0xB8, 0x73, 0xEA, 0xD4, 0x29, 0xDE, 0xD1, 0xD1,
        0x81, 0x4C, 0x26, 0x43, 0x53, 0x53, 0x53, 0xAC, 0xD1, 0x68, 0x20, 0xC5, 0x2A, 0x58, 0xE3, 0x15,
        0x51, 0xB1, 0x19, 0x8C, 0x44, 0x1D, 0x88, 0xAD, 0x07, 0xAB, 0x25, 0xB4, 0xBE, 0x30, 0xA8, 0x94,
        0x02, 0xB1, 0x90, 0x90, 0xCA, 0x02, 0xCC, 0xA3, 0x84, 0xA3, 0xB5, 0x16, 0xE2, 0xA2, 0xD3, 0xC0,
        0x55, 0x4A, 0x31, 0xAD, 0x35, 0x18, 0x63, 0xF0, 0x7D, 0x1F, 0x23, 0x23, 0x23, 0x48, 0xA7, 0xD3,
        0x2C, 0x97, 0xCB, 0x81, 0x31, 0x86, 0xE9, 0x42, 0x11, 0xEF, 0xBC, 0x7D, 0x16, 0x8D, 0xD2, 0x14,
        0xCC, 0x8A, 0x1D, 0x10, 0x89, 0x1C, 0x20, 0x23, 0xA8, 0x59, 0x2B, 0x84, 0x32, 0x90, 0xDA, 0x00,
        0xC4, 0x28, 0xED, 0x92, 0xCD, 0xF1, 0x3A, 0x92, 0x71, 0xDE, 0x6B, 0x51, 0x0D, 0x54, 0x84, 0x4C,
        0x5D, 0x0A, 0x00, 0x94, 0x52, 0x88, 0xE3, 0x78, 0x76, 0x25, 0x23, 0xE4, 0xF3, 0xF9, 0x99, 0xE0,
        0xD3, 0xD3, 0x38, 0x7C, 0xF8, 0x30, 0x12, 0x89, 0x04, 0x16, 0xB6, 0xA4, 0xA1, 0x8C, 0x41, 0x14,
        0x86, 0x30, 0x5A, 0xC1, 0x10, 0x83, 0x03, 0x86, 0x8C, 0x27, 0x91, 0xE6, 0x65, 0x24, 0xE3, 0x3C,
        0xE3, 0x51, 0xC1, 0x91, 0x41, 0x15, 0xB5, 0x5A, 0xAD, 0x5C, 0x49, 0x7A, 0x7F, 0x4E, 0xA4, 0x52,
        0x7F, 0xDF, 0xB6, 0x6D, 0x9B, 0xDB, 0xDE, 0xDE, 0xFE, 0x81, 0x67, 0x02, 0x57, 0x4A, 0x09, 0x29,
        0x25, 0x84, 0x10, 0x20, 0xA2, 0x73, 0x2B, 0x9A, 0xB1, 0xE0, 0x9C, 0x63, 0xF5, 0x35, 0xAB, 0xA1,
        0xB5, 0x81, 0xC7, 0x08, 0x05, 0x65, 0xC1, 0x5C, 0x60, 0xB1, 0x17, 0x23, 0x6D, 0x4A, 0xF0, 0x82,
        0x29, 0xC8, 0xDA, 0x24, 0xE2, 0x46, 0x55, 0x95, 0xA3, 0x70, 0x2C, 0x8C, 0xE5, 0x9F, 0x4A, 0xA5,
        0xC6, 0xD3, 0x42, 0x04, 0x2F, 0x03, 0xA0, 0xF3, 0xF7, 0xB8, 0xBE, 0x3E, 0xE2, 0x03, 0xE8, 0x07,
        0x06, 0x06, 0x2E, 0xB0, 0xC5, 0x8D, 0xA2, 0x08, 0x71, 0x1C, 0x5F, 0x00, 0x60, 0x8C, 0x81, 0x10,
        0x02, 0x6E, 0xB3, 0x8B, 0x45, 0x2D, 0xAD, 0x78, 0xFB, 0xD8, 0x29, 0x34, 0x25, 0x13, 0x58, 0xD6,
        0xF4, 0x0E, 0x98, 0x18, 0x83, 0xAE, 0x4D, 0x22, 0xF4, 0x1B, 0x54, 0x8E, 0x22, 0xA4, 0xD2, 0x99,
        0xE9, 0xDC, 0xB2, 0x15, 0x87, 0xDA, 0x16, 0xB7, 0xFD, 0x23, 0x97, 0x5B, 0x9A, 0x77, 0x5D, 0xB6,
        0x42, 0x4A, 0xFD, 0x35, 0x6D, 0x35, 0x71, 0xD5, 0x88, 0x58, 0x50, 0x98, 0x1C, 0x7B, 0xFA, 0xF7,
        0xAF, 0x0D, 0x0C, 0xB0, 0x22, 0x00, 0xF4, 0x1C, 0x20, 0x67, 0xA8, 0x97, 0xD9, 0x39, 0x40, 0x57,
        0x08, 0x01, 0x21, 0x04, 0xA4, 0x94, 0x20, 0x22, 0x18, 0x63, 0x40, 0x44, 0x90, 0x4A, 0xA2, 0x51,
        0x6F, 0xC0, 0x58, 0x03, 0x02, 0x81, 0x31, 0x0E, 0x3D, 0xFD, 0xA6, 0x09, 0xA3, 0x88, 0x6B, 0x0B,
        0x26, 0xA4, 0xA1, 0x6A, 0x3D, 0x20, 0x0B, 0xA7, 0xCD, 0x75, 0xDD, 0xDE, 0x28, 0x08, 0x7A, 0x27,
        0x26, 0xCE, 0x00, 0xE0, 0x70, 0x98, 0x41, 0xCA, 0xF3, 0x90, 0xB9, 0xE2, 0x5A, 0xA0, 0xED, 0x5A,
        0x98, 0xCF, 0x6C, 0x2E, 0xDF, 0x5A, 0xCA, 0xBF, 0x78, 0xF6, 0xC5, 0xDF, 0xEE, 0x19, 0xEA, 0x65,
        0x23, 0x60, 0x1C, 0x20, 0xEB, 0x02, 0x30, 0x6E, 0x14, 0x45, 0x98, 0x83, 0x98, 0x03, 0x00, 0x30,
        0xFF, 0x4E, 0x49, 0x35, 0x67, 0x0B, 0xF9, 0xB1, 0x2A, 0x29, 0x6D, 0x17, 0x3B, 0x9C, 0xC3, 0x6F,
        0xD4, 0x9D, 0x4A, 0xA5, 0x82, 0x77, 0xA6, 0xA6, 0x60, 0xAD, 0xFD, 0x0F, 0x80, 0x7F, 0x32, 0xE6,
        0x4D, 0x76, 0x2F, 0x5B, 0x74, 0x65, 0xBA, 0x7D, 0xFD, 0x4D, 0x9D, 0x77, 0x7D, 0x67, 0x39, 0x36,
        0xDD, 0xC6, 0x89, 0xC0, 0x17, 0x03, 0x59, 0x37, 0x89, 0x9D, 0xD9, 0xED, 0xDF, 0xF8, 0xC4, 0xA2,
        0xE7, 0x7F, 0xF5, 0xD8, 0xD4, 0xB3, 0x03, 0x0F, 0x9D, 0x05, 0x26, 0xDE, 0xD7, 0x02, 0xAD, 0x35,
        0x38, 0xE7, 0x88, 0xE3, 0x18, 0x52, 0x4A, 0xC4, 0x71, 0x3C, 0xBB, 0xC1, 0x10, 0x6B, 0xD4, 0x6B,
        0xED, 0xD5, 0x6A, 0x15, 0x41, 0x10, 0x20, 0x08, 0x82, 0xD3, 0x00, 0xF6, 0x7A, 0x9E, 0xF7, 0xFC,
        0xEE, 0xDD, 0xBB, 0x6D, 0x67, 0x67, 0xD7, 0x2D, 0xE3, 0x27, 0x8E, 0x7E, 0xEA, 0xD4, 0x34, 0xBB,
        0xB1, 0xED, 0x0B, 0x8F, 0x2D, 0x70, 0x32, 0x19, 0x9C, 0x19, 0xDA, 0x87, 0xB8, 0x78, 0x06, 0x4D,
        0xC9, 0x26, 0xD2, 0x2C, 0x69, 0xB3, 0xB7, 0x7C, 0x3A, 0xB5, 0xF2, 0x9E, 0xFE, 0xFB, 0x45, 0x50,
        0xFC, 0x5C, 0xE2, 0x8D, 0xFD, 0x0F, 0x35, 0xB7, 0xAD, 0xDD, 0xEF, 0x86, 0x61, 0x88, 0x28, 0x8A,
        0x20, 0xA5, 0x9C, 0xF7, 0x9F, 0x73, 0x8E, 0x39, 0xB0, 0x30, 0x0C, 0xE1, 0x79, 0x1E, 0xB4, 0xD6,
        0x54, 0x2A, 0x95, 0x58, 0xA9, 0x54, 0x2A, 0x00, 0x78, 0xB8, 0xA7, 0xA7, 0xE7, 0xD9, 0xEB, 0xAF,
        0xBF, 0xBE, 0x7B, 0x64, 0x64, 0xE4, 0xBB, 0xE3, 0xE3, 0x27, 0xEF, 0x0C, 0x82, 0xA0, 0xA5, 0x94,
        0x2F, 0x83, 0x3E, 0xF2, 0x30, 0x42, 0x49, 0x34, 0xF9, 0x93, 0xFB, 0xD8, 0xD2, 0xDB, 0xB6, 0xE3,
        0xCA, 0xBB, 0xBF, 0x0C, 0x2F, 0xC9, 0x59, 0x7D, 0xF4, 0x88, 0x33, 0xFA, 0x9B, 0x1F, 0xD2, 0x92,
        0xDB, 0x76, 0x99, 0x8E, 0xDE, 0xC1, 0x25, 0x27, 0x27, 0x5F, 0x1B, 0xAC, 0x55, 0x4F, 0x6F, 0x9E,
        0xB7, 0xE0, 0xFC, 0x1C, 0x60, 0x8C, 0x21, 0x8E, 0x63, 0x30, 0xC6, 0xE6, 0x14, 0x21, 0xDF, 0xF7,
        0x41, 0x44, 0xC7, 0xB7, 0x6F, 0xDF, 0xFE, 0xCB, 0xAE, 0xAE, 0xAE, 0x45, 0x9E, 0xE7, 0xFD, 0xB1,
        0x52, 0xA9, 0x5C, 0x35, 0x36, 0x36, 0x06, 0x02, 0x43, 0xE9, 0x8D, 0x7F, 0x19, 0x9B, 0xDD, 0xC2,
        0xDA, 0x96, 0x6F, 0xE0, 0x53, 0x07, 0x1F, 0x64, 0xED, 0x1F, 0xFD, 0x12, 0xB2, 0x9B, 0x37, 0xA2,
        0xF0, 0xD2, 0x1F, 0x50, 0x9F, 0x9E, 0xC0, 0xD2, 0x3B, 0x76, 0xD1, 0xCA, 0xDD, 0x3F, 0x60, 0x6F,
        0x3E, 0xF6, 0x3D, 0xB7, 0xEB, 0xF3, 0x3F, 0x83, 0xB7, 0x69, 0xCF, 0x73, 0xA3, 0x4F, 0xDC, 0xF1,
        0x55, 0x37, 0x0C, 0xC3, 0x19, 0xAF, 0x95, 0x9A, 0x57, 0x00, 0x00, 0x5C, 0xD7, 0x45, 0x2E, 0x97,
        0x43, 0x1C, 0xC7, 0x88, 0xE3, 0x98, 0x71, 0xCE, 0xB1, 0x6E, 0xDD, 0xBA, 0x45, 0x44, 0xF4, 0xE0,
        0xF0, 0xF0, 0xB0, 0x37, 0x7B, 0x1C, 0x37, 0x52, 0x4A, 0x10, 0x38, 0x67, 0xA4, 0x9D, 0x44, 0xE7,
        0xCD, 0x08, 0xCE, 0x06, 0x60, 0x56, 0x80, 0x75, 0x6D, 0xC4, 0xF0, 0xDE, 0x5F, 0xC0, 0xE3, 0x75,
        0xE3, 0x64, 0xDA, 0xD9, 0xC9, 0xC7, 0xFB, 0xF9, 0xD2, 0xCF, 0x7E, 0x1F, 0xDE, 0x9A, 0x9D, 0x07,
        0x0B, 0x6F, 0x95, 0x57, 0xA6, 0xAF, 0xBE, 0xBD, 0x19, 0xC0, 0xB4, 0x1B, 0x86, 0x21, 0x94, 0x52,
        0x56, 0x6B, 0x3D, 0x0F, 0x40, 0x44, 0xF0, 0x3C, 0x0F, 0xD6, 0x5A, 0x64, 0x32, 0x19, 0xF8, 0xBE,
        0x0F, 0xCE, 0x39, 0x94, 0x52, 0xB9, 0x7A, 0xBD, 0x0E, 0xC7, 0x71, 0xB4, 0xD6, 0xDA, 0xD1, 0x5A,
        0x3B, 0x9C, 0x73, 0x70, 0xC7, 0x81, 0xE3, 0x38, 0x50, 0x2C, 0x0B, 0x51, 0xF2, 0xA1, 0x74, 0x33,
        0x95, 0x26, 0x40, 0x4E, 0xF5, 0x04, 0x6F, 0xDA, 0xB4, 0xC7, 0x71, 0x96, 0x34, 0x63, 0xE2, 0xD8,
        0x23, 0x83, 0x7C, 0x54, 0x7F, 0x8B, 0x2D, 0xBE, 0x69, 0x5A, 0xC5, 0x90, 0xA6, 0x64, 0x36, 0x00,
        0x60, 0x6E, 0x18, 0x86, 0x0C, 0x00, 0x97, 0x52, 0x2A, 0x6B, 0x2D, 0xB3, 0xD6, 0x32, 0x63, 0x0C,
        0x5C, 0xD7, 0x85, 0x10, 0x62, 0x3E, 0x09, 0x95, 0x52, 0xE8, 0xE8, 0xE8, 0x80, 0xE7, 0x79, 0xF6,
        0xF5, 0xD7, 0x5F, 0x77, 0x3C, 0xCF, 0x63, 0x4D, 0x4D, 0x4D, 0x33, 0x85, 0x09, 0x1C, 0x48, 0x25,
        0x49, 0x14, 0xC7, 0xAD, 0x6D, 0xBD, 0x13, 0xD9, 0x84, 0x74, 0xC2, 0x0A, 0x58, 0xB0, 0xF0, 0xAE,
        0x6A, 0xF5, 0xD0, 0x53, 0x8F, 0x3A, 0x57, 0xEC, 0x1A, 0x89, 0x97, 0x7D, 0x33, 0xAB, 0x2D, 0x1C,
        0x53, 0x56, 0xA3, 0xC2, 0x3A, 0x5F, 0x4C, 0x78, 0xCE, 0xDB, 0x00, 0x88, 0xFB, 0xBE, 0xFF, 0x95,
        0x20, 0x08, 0x0E, 0x29, 0xA5, 0x3C, 0x29, 0x25, 0x13, 0x42, 0x98, 0xB9, 0x19, 0xA0, 0x94, 0x9A,
        0xBF, 0x33, 0xC6, 0xE8, 0x85, 0x17, 0x5E, 0xA8, 0x94, 0xCB, 0x65, 0xBE, 0x75, 0xEB, 0x56, 0x96,
        0x4E, 0xA7, 0xED, 0xEC, 0x2A, 0x4A, 0x22, 0x0E, 0x4D, 0xEB, 0xE2, 0xA5, 0xAC, 0xBB, 0xE5, 0xA4,
        0xE3, 0x72, 0xCF, 0x99, 0xD6, 0xD7, 0x1D, 0xE7, 0x93, 0x23, 0xCF, 0xB9, 0xED, 0x37, 0xB7, 0x06,
        0xED, 0xBB, 0xEE, 0xAE, 0x0A, 0xFB, 0xF5, 0x25, 0xAD, 0xF8, 0xB1, 0x57, 0xC1, 0xDF, 0xCE, 0x9E,
        0xF5, 0xCE, 0x78, 0x49, 0x7E, 0x1D, 0x49, 0x3C, 0x09, 0x00, 0x8E, 0xEF, 0xFB, 0x53, 0x8D, 0x46,
        0xE3, 0xD7, 0xAE, 0xEB, 0xFA, 0xC6, 0x98, 0x4D, 0x00, 0x52, 0xD6, 0x5A, 0x93, 0x48, 0x24, 0x58,
        0x73, 0x73, 0x33, 0x84, 0x10, 0xD6, 0xF7, 0x7D, 0x93, 0xCD, 0x66, 0x9D, 0x4A, 0xA5, 0x72, 0xEF,
        0xC8, 0xC8, 0xC8, 0xB0, 0x31, 0x66, 0xD3, 0xFA, 0xF5, 0xEB, 0x3D, 0x63, 0x8C, 0x4D, 0xA5, 0x52,
        0x7C, 0xF5, 0xEA, 0x55, 0x3C, 0xD1, 0xB4, 0x00, 0x85, 0x33, 0x87, 0x9F, 0x6A, 0x38, 0x77, 0xBE,
        0xA5, 0x5A, 0x37, 0xDF, 0x78, 0xE2, 0x4C, 0xF6, 0x91, 0xE5, 0x19, 0xF3, 0x4A, 0x3A, 0xC9, 0xAE,
        0x6E, 0x69, 0xE2, 0xA9, 0x14, 0xC3, 0x13, 0x47, 0x47, 0xF1, 0xE4, 0xA2, 0x25, 0x78, 0xB4, 0x99,
        0x61, 0xFC, 0x58, 0x1D, 0xF7, 0xA1, 0xA7, 0x9F, 0x18, 0x00, 0x0E, 0xC0, 0x02, 0x40, 0x3A, 0x9D,
        0x5E, 0xEB, 0xBA, 0xEE, 0x20, 0x63, 0x6C, 0x47, 0x3A, 0x9D, 0x46, 0x7B, 0x7B, 0x3B, 0x84, 0x10,
        0xA8, 0x56, 0xAB, 0x48, 0xA5, 0x52, 0xA8, 0xD5, 0x6A, 0xDB, 0x4A, 0xA5, 0xD2, 0x5F, 0x88, 0xE8,
        0xF6, 0xAE, 0xAE, 0xAE, 0x07, 0xB6, 0x6C, 0xD9, 0x72, 0x33, 0x63, 0xCC, 0x9E, 0x3E, 0x7D, 0xFA,
        0x99, 0x23, 0x47, 0x46, 0x7E, 0x1E, 0x04, 0xB5, 0x97, 0xF1, 0x61, 0xF2, 0xD6, 0x7E, 0xC8, 0x3C,
        0x13, 0xC2, 0xD9, 0x91, 0x9F, 0xC4, 0x4B, 0x4A, 0xE2, 0x55, 0xC6, 0xA0, 0x18, 0xC3, 0x9A, 0xF6,
        0x1C, 0x76, 0x66, 0x52, 0xF6, 0x64, 0xC3, 0xE7, 0x1F, 0x3B, 0xFD, 0x34, 0x1B, 0x47, 0x1F, 0x71,
        0x76, 0x5E, 0x45, 0xC4, 0xE7, 0xCE, 0x86, 0xCD, 0xCD, 0xCD, 0xBB, 0x33, 0x99, 0x4C, 0x7F, 0x36,
        0x9B, 0x6D, 0x8D, 0xA2, 0xE8, 0xD5, 0x5A, 0xAD, 0x76, 0xA4, 0x5C, 0x2E, 0xBF, 0x08, 0xE0, 0x55,
        0x00, 0x92, 0x31, 0x66, 0x89, 0xA8, 0x25, 0x95, 0x4A, 0x7D, 0x9C, 0x88, 0xA6, 0xE2, 0x38, 0xFE,
        0xEB, 0x4C, 0x61, 0x43, 0x7C, 0x60, 0x80, 0x59, 0x00, 0x58, 0xB3, 0x53, 0xDF, 0xA3, 0x8D, 0x73,
        0xBF, 0x54, 0x58, 0x0D, 0x82, 0xE3, 0x79, 0x98, 0x68, 0x4A, 0x60, 0xFF, 0xC4, 0x9B, 0x78, 0xA8,
        0xF2, 0x6F, 0x56, 0x03, 0x88, 0x01, 0xEF, 0xAD, 0x9C, 0xF9, 0xDC, 0xC3, 0xC2, 0x85, 0x0B, 0x57,
        0xE4, 0x72, 0xB9, 0x6B, 0x3F, 0x60, 0x17, 0xE5, 0x8C, 0xB1, 0x0B, 0xCA, 0x75, 0x00, 0xCE, 0x6C,
        0xAD, 0x7C, 0x41, 0x39, 0xD6, 0xD5, 0x43, 0xD9, 0xEE, 0x4F, 0x52, 0xFB, 0x85, 0xF5, 0x3D, 0xCD,
        0xC7, 0xF9, 0x2F, 0x2C, 0x2C, 0x9E, 0x6F, 0x6F, 0x33, 0xC6, 0xA7, 0x00, 0x00, 0x00, 0x00, 0x49,
        0x45, 0x4E, 0x44, 0xAE, 0x42, 0x60, 0x82,
    };

    static const unsigned char kWinPrefetchView[] =
    {
        0x89, 0x50, 0x4E, 0x47, 0x0D, 0x0A, 0x1A, 0x0A, 0x00, 0x00, 0x00, 0x0D, 0x49, 0x48, 0x44, 0x52,
        0x00, 0x00, 0x00, 0x20, 0x00, 0x00, 0x00, 0x20, 0x08, 0x06, 0x00, 0x00, 0x00, 0x73, 0x7A, 0x7A,
        0xF4, 0x00, 0x00, 0x03, 0x07, 0x49, 0x44, 0x41, 0x54, 0x78, 0xDA, 0xED, 0x97, 0xCF, 0x6B, 0x64,
        0x45, 0x10, 0xC7, 0x3F, 0x55, 0xDD, 0x6F, 0x4C, 0xB2, 0xD9, 0x89, 0xE2, 0x60, 0x24, 0xFE, 0x5A,
        0xF4, 0x10, 0x56, 0x04, 0x3D, 0x78, 0x10, 0x11, 0xCC, 0x0A, 0x42, 0xAE, 0xDE, 0x45, 0x10, 0x04,
        0x0F, 0x1E, 0xC4, 0x7F, 0x40, 0xE7, 0x22, 0xF8, 0x37, 0xE8, 0xDD, 0xAB, 0x57, 0x2F, 0xB2, 0x41,
        0x0F, 0xEE, 0x1E, 0x84, 0x45, 0x05, 0x05, 0x7F, 0x2D, 0x0B, 0xEB, 0xE2, 0xBA, 0xD1, 0x65, 0xDD,
        0x24, 0x33, 0xEF, 0x75, 0x57, 0x79, 0x78, 0xEF, 0x65, 0xB2, 0x99, 0x99, 0xE0, 0xEA, 0x64, 0x72,
        0xB1, 0x0F, 0xC3, 0x50, 0x74, 0x77, 0x7D, 0xEB, 0x5B, 0xDF, 0xAE, 0xAA, 0x07, 0x27, 0xBC, 0x84,
        0xF7, 0x5C, 0xB9, 0xF6, 0x55, 0x98, 0xBB, 0xE7, 0x0F, 0x9F, 0x4D, 0x80, 0x1F, 0x73, 0x74, 0xD3,
        0x6D, 0x02, 0xB8, 0x23, 0x91, 0x77, 0xBE, 0x39, 0xD7, 0x5D, 0xB9, 0xEF, 0xAD, 0xD3, 0xBA, 0x63,
        0x3B, 0x25, 0x5A, 0xB9, 0xE3, 0x06, 0x06, 0x28, 0x60, 0x0D, 0xC6, 0x22, 0x8C, 0xAE, 0x0B, 0x32,
        0x7E, 0x79, 0x76, 0xC8, 0x06, 0x8E, 0xD7, 0xFF, 0x33, 0xA4, 0x2A, 0x53, 0x74, 0x02, 0x55, 0x36,
        0x70, 0x87, 0x7B, 0x96, 0xF0, 0xB0, 0x4C, 0xB4, 0x9D, 0x32, 0xFD, 0xF5, 0xD8, 0xEB, 0x22, 0x32,
        0x8C, 0xC1, 0xF6, 0x3E, 0x3B, 0xD3, 0x5B, 0x93, 0x7B, 0x4F, 0xF7, 0xB8, 0x59, 0x0A, 0x85, 0xD6,
        0xCE, 0xCB, 0x04, 0x8B, 0x85, 0xB0, 0x97, 0x0C, 0x80, 0x4E, 0x10, 0x52, 0xAE, 0xA1, 0xBB, 0xFB,
        0x58, 0x54, 0xC3, 0x04, 0xC9, 0x41, 0x05, 0x52, 0x76, 0x8A, 0xA0, 0x3C, 0xD1, 0xEB, 0x70, 0xF9,
        0x8F, 0x92, 0xDE, 0x52, 0xA4, 0x58, 0x50, 0x96, 0x7F, 0xFF, 0x89, 0xE7, 0x06, 0x9F, 0xF3, 0xE9,
        0xC2, 0xF3, 0xFC, 0x78, 0xE5, 0xE2, 0xDA, 0xDB, 0x6F, 0x6C, 0xBE, 0x1A, 0xF3, 0xED, 0x5B, 0xF2,
        0xF5, 0x85, 0x4B, 0x69, 0x3F, 0x1B, 0x42, 0x93, 0x9A, 0x26, 0x4C, 0x6D, 0xEC, 0x5E, 0x73, 0xD6,
        0x20, 0x98, 0x4C, 0xAE, 0x8C, 0xB8, 0xA5, 0x28, 0x58, 0x7D, 0x72, 0x95, 0xEF, 0xBF, 0xFB, 0x8D,
        0x47, 0xEE, 0x5F, 0x44, 0x17, 0x4E, 0xB1, 0xF4, 0xC3, 0x79, 0x5E, 0xE9, 0x7C, 0xC1, 0xF5, 0xE5,
        0x22, 0x3D, 0xDC, 0xD5, 0x17, 0xB7, 0x77, 0x87, 0xE7, 0xE2, 0xEA, 0x4A, 0xC1, 0x53, 0xBD, 0x32,
        0x96, 0x55, 0x42, 0x64, 0xE4, 0x4B, 0x1C, 0x5C, 0xA6, 0xE4, 0xD0, 0xC7, 0x13, 0xBC, 0x8F, 0xBF,
        0x39, 0xE7, 0x5E, 0x61, 0xB7, 0x7F, 0xE1, 0x85, 0x47, 0xC1, 0x7C, 0x17, 0xF7, 0x1B, 0x70, 0x76,
        0x9D, 0x8F, 0x64, 0x9D, 0x6E, 0x5C, 0x81, 0x1B, 0x57, 0x6C, 0x50, 0xC9, 0x5E, 0x7C, 0xE9, 0xE9,
        0xC7, 0xF9, 0xF8, 0xB5, 0x07, 0x28, 0xB3, 0x13, 0x55, 0x8E, 0x56, 0xD2, 0x41, 0x96, 0xFC, 0x1F,
        0x28, 0xB0, 0x61, 0x6C, 0x3F, 0x30, 0x07, 0x15, 0xE3, 0xCF, 0xD4, 0x61, 0xF3, 0xDD, 0x6D, 0x25,
        0xB8, 0x46, 0x35, 0xC3, 0xE9, 0xA0, 0x62, 0xA8, 0xE4, 0x23, 0xF4, 0x7B, 0xC8, 0x3C, 0xB6, 0x65,
        0x02, 0x2D, 0x87, 0xF7, 0x88, 0x02, 0x82, 0x8A, 0xD4, 0x2A, 0x25, 0x10, 0xD5, 0x33, 0xE0, 0xB8,
        0x5B, 0x93, 0x5A, 0xA5, 0x96, 0xA1, 0xDD, 0xE5, 0xA3, 0x8B, 0x13, 0xCE, 0xC9, 0x1D, 0xE0, 0x9C,
        0x54, 0xDF, 0xEF, 0x1D, 0xC4, 0xEB, 0x7D, 0x51, 0x3D, 0x23, 0x08, 0x22, 0x82, 0x48, 0x7B, 0x81,
        0x4F, 0x67, 0x61, 0xEA, 0x9A, 0x74, 0xAE, 0x55, 0x71, 0x1D, 0x6D, 0x6D, 0x29, 0x10, 0x01, 0xB5,
        0x4C, 0x99, 0x33, 0x2A, 0xD6, 0x20, 0xF6, 0x7C, 0x28, 0xD1, 0x77, 0xBB, 0x7C, 0x8A, 0xAD, 0xBD,
        0x37, 0xDF, 0x01, 0xCB, 0x52, 0xA2, 0xAC, 0x4A, 0x54, 0xF6, 0x9F, 0x54, 0x38, 0x40, 0xE5, 0x1C,
        0x7A, 0x40, 0x93, 0x02, 0x3D, 0xE9, 0x66, 0xA4, 0x6A, 0x87, 0xA9, 0x4F, 0xC7, 0xEC, 0x32, 0x81,
        0xD7, 0x1A, 0xA8, 0x01, 0xB8, 0xCD, 0x39, 0x66, 0xAB, 0x0B, 0xA6, 0x1B, 0x19, 0xD0, 0xC9, 0x65,
        0x75, 0x0E, 0xAB, 0x71, 0x7B, 0xF2, 0x1A, 0xF8, 0x1F, 0x80, 0xCC, 0x5D, 0x84, 0x6D, 0xE4, 0xDE,
        0x02, 0xF8, 0xAF, 0x15, 0xF0, 0x5F, 0x16, 0x22, 0x4B, 0x40, 0x38, 0xF8, 0x0C, 0xFD, 0xE8, 0x4E,
        0x38, 0xCB, 0x19, 0xD1, 0xA1, 0xAD, 0xC0, 0xAA, 0x66, 0x13, 0xDA, 0xA9, 0x1E, 0x3B, 0x10, 0x35,
        0x83, 0x00, 0x71, 0x94, 0x82, 0x83, 0x2C, 0x1C, 0x67, 0x3A, 0xA4, 0xF9, 0x6D, 0xDB, 0xB1, 0x65,
        0x52, 0x36, 0x52, 0xF6, 0x23, 0x86, 0x0B, 0x9F, 0x29, 0x80, 0x9C, 0x13, 0x6A, 0x46, 0x26, 0x10,
        0x83, 0x6A, 0x8E, 0x41, 0x43, 0x0C, 0x45, 0xD3, 0x11, 0x5B, 0xE7, 0x99, 0xD1, 0x70, 0x3E, 0xCB,
        0xEF, 0x16, 0xA3, 0x1B, 0x94, 0x96, 0xF9, 0xF8, 0xED, 0xE5, 0xDD, 0xF0, 0xE6, 0x07, 0x5F, 0x56,
        0x41, 0x11, 0x64, 0x14, 0x6A, 0xFD, 0x3C, 0xF3, 0x0C, 0x01, 0x38, 0x8E, 0xA3, 0x38, 0xB7, 0xEC,
        0x54, 0xDA, 0x1D, 0xE0, 0x1D, 0x35, 0x8B, 0xDB, 0x57, 0x7F, 0xBE, 0x74, 0xF3, 0xEA, 0xF0, 0x99,
        0xC1, 0x60, 0x58, 0xCF, 0x6A, 0xE3, 0x93, 0xE5, 0x0C, 0x58, 0x17, 0x2C, 0x97, 0xB5, 0xBC, 0x43,
        0x41, 0xCE, 0x52, 0xAC, 0xAF, 0x19, 0x8B, 0xFE, 0xE0, 0xA2, 0xF8, 0x85, 0xCD, 0xEE, 0xFB, 0x9F,
        0xAC, 0xBE, 0x7C, 0xFD, 0xDA, 0xAF, 0x46, 0x8C, 0x73, 0xA9, 0x8C, 0x56, 0x55, 0x5E, 0x74, 0x1F,
        0x92, 0xA2, 0x77, 0xE6, 0xE2, 0x49, 0x57, 0x62, 0xC4, 0xDD, 0xA5, 0xDF, 0xEF, 0x87, 0xAD, 0xAD,
        0xAD, 0xB9, 0x3A, 0xDE, 0xD8, 0xD8, 0xA0, 0xDF, 0xEF, 0xE7, 0xBF, 0x01, 0x83, 0x30, 0x53, 0xC8,
        0xCE, 0x28, 0x06, 0xA5, 0x00, 0x00, 0x00, 0x00, 0x49, 0x45, 0x4E, 0x44, 0xAE, 0x42, 0x60, 0x82,
    };

    static const unsigned char kWinDefLogView[] =
    {
        0x89, 0x50, 0x4E, 0x47, 0x0D, 0x0A, 0x1A, 0x0A, 0x00, 0x00, 0x00, 0x0D, 0x49, 0x48, 0x44, 0x52,
        0x00, 0x00, 0x00, 0x20, 0x00, 0x00, 0x00, 0x20, 0x08, 0x06, 0x00, 0x00, 0x00, 0x73, 0x7A, 0x7A,
        0xF4, 0x00, 0x00, 0x04, 0x51, 0x49, 0x44, 0x41, 0x54, 0x78, 0xDA, 0xC5, 0x97, 0x5B, 0x68, 0x1C,
        0x55, 0x1C, 0xC6, 0x7F, 0x33, 0x67, 0x26, 0x3B, 0x93, 0x4B, 0xB3, 0xD9, 0x5C, 0x2A, 0x2D, 0xB5,
        0xB5, 0x4D, 0xAB, 0xD5, 0xC4, 0xA2, 0x49, 0x44, 0x09, 0x0A, 0x55, 0x44, 0xD0, 0x79, 0x11, 0x7C,
        0x33, 0xE8, 0x8B, 0x8F, 0xCA, 0x08, 0xF1, 0x42, 0xA9, 0x58, 0x14, 0x14, 0x1F, 0x0A, 0x32, 0xFA,
        0x60, 0x45, 0x1F, 0xE3, 0x83, 0x8F, 0xB5, 0xA3, 0x45, 0x5A, 0x51, 0x0A, 0x5B, 0xA9, 0x26, 0xBE,
        0x54, 0xB0, 0xB4, 0x89, 0x6E, 0xAD, 0x20, 0x5E, 0x52, 0x31, 0xD7, 0xDD, 0x9D, 0x9D, 0x39, 0x3E,
        0xCC, 0x99, 0xCD, 0xEE, 0x26, 0x9B, 0xEC, 0x76, 0x45, 0x0F, 0xCC, 0x9E, 0x33, 0xB3, 0x33, 0xF3,
        0x7D, 0xE7, 0xFF, 0x7D, 0xFF, 0xF3, 0x3F, 0x03, 0x0D, 0xB4, 0x91, 0xDC, 0xAC, 0x9E, 0x8C, 0xC7,
        0xAE, 0xCD, 0x8D, 0xDA, 0x1F, 0x9D, 0x1F, 0x4B, 0xCE, 0xAD, 0xA9, 0xAC, 0x4E, 0x0B, 0x4D, 0xDF,
        0x02, 0x58, 0x53, 0xC3, 0xD1, 0x91, 0xDC, 0xEC, 0xE5, 0x91, 0xDC, 0xAC, 0x04, 0xBE, 0x05, 0xBE,
        0xB1, 0xA6, 0xB2, 0xD2, 0x9A, 0xCA, 0x5E, 0x06, 0xEE, 0x51, 0x44, 0xB4, 0x7F, 0x8D, 0x40, 0x32,
        0xE3, 0x99, 0x3D, 0x83, 0x72, 0x24, 0x37, 0xFB, 0x3E, 0x70, 0x01, 0xD8, 0xBD, 0xC1, 0xAD, 0x7B,
        0x80, 0xAF, 0xAD, 0xA9, 0xEC, 0x87, 0xF9, 0x89, 0x71, 0x69, 0x4D, 0x65, 0xF5, 0x66, 0x23, 0xA2,
        0xD5, 0x21, 0xD0, 0x01, 0x3C, 0x08, 0x7C, 0x02, 0x04, 0x80, 0x59, 0x66, 0x2C, 0x34, 0xBE, 0x3F,
        0xF7, 0x1B, 0x52, 0xCA, 0xCA, 0x47, 0x0A, 0x40, 0x0A, 0x78, 0x1C, 0x38, 0x93, 0x9F, 0x18, 0x5F,
        0x6E, 0x98, 0x80, 0x02, 0x1B, 0x03, 0x7A, 0x55, 0xFF, 0x24, 0xB0, 0xB3, 0x1E, 0xB9, 0x3A, 0x04,
        0x2A, 0x5B, 0x04, 0xFC, 0x0C, 0x7C, 0x0C, 0x4C, 0x03, 0xBF, 0xAA, 0xBE, 0x98, 0x9F, 0x18, 0x5F,
        0xF7, 0x90, 0x01, 0x9C, 0x01, 0xEE, 0xAB, 0xB9, 0x2E, 0x5B, 0xF0, 0x95, 0xA6, 0xA4, 0x79, 0xB9,
        0xE2, 0xDA, 0xD9, 0xFC, 0xC4, 0xF8, 0xC3, 0xF5, 0x3C, 0x50, 0x54, 0xC7, 0x96, 0xD2, 0xB4, 0x20,
        0x6B, 0x69, 0x33, 0x13, 0xB6, 0x02, 0xD6, 0x92, 0xD7, 0xB6, 0x4C, 0xC3, 0xFF, 0xA2, 0xFD, 0xEF,
        0x04, 0x8C, 0x56, 0x1E, 0x7E, 0xC2, 0xBC, 0xC8, 0xB6, 0x6D, 0x5D, 0x2C, 0x2C, 0x2C, 0x02, 0x94,
        0xC7, 0xB5, 0xD7, 0x96, 0x7F, 0xBF, 0xB6, 0xEF, 0xB6, 0x37, 0x0E, 0x3F, 0x70, 0xE4, 0xE8, 0x97,
        0xE7, 0x36, 0x22, 0x70, 0xC3, 0x8E, 0x7F, 0x65, 0xB8, 0x00, 0x04, 0x14, 0x3B, 0x07, 0xE8, 0x17,
        0x79, 0x82, 0x60, 0x95, 0x1D, 0x3B, 0x76, 0x71, 0xE5, 0xCA, 0x1C, 0x37, 0x6D, 0xDF, 0xCE, 0xCA,
        0xEA, 0x2A, 0x41, 0xB0, 0xC2, 0xC0, 0xFD, 0xB7, 0x0F, 0x9E, 0xFE, 0x2C, 0x77, 0xF2, 0xF5, 0x63,
        0xC5, 0x87, 0x5E, 0x7D, 0x2D, 0xFB, 0x5D, 0xAD, 0x04, 0x4B, 0xCD, 0x93, 0x58, 0xBB, 0x3D, 0x93,
        0x49, 0xB3, 0xAF, 0xAF, 0x9D, 0x9E, 0x9E, 0x34, 0xB6, 0x65, 0x01, 0xD0, 0x93, 0xEE, 0xC6, 0xB2,
        0x2C, 0xD2, 0xDD, 0xDD, 0x58, 0xA9, 0x14, 0x00, 0xB6, 0x6D, 0xA7, 0x87, 0x86, 0x86, 0xBF, 0x7A,
        0x69, 0xF2, 0xD0, 0xBD, 0x55, 0x04, 0x74, 0xA1, 0x9D, 0xD7, 0x0D, 0x3D, 0xA5, 0x1B, 0x3A, 0x0D,
        0x1D, 0x42, 0x07, 0xDD, 0x00, 0x21, 0x00, 0xE8, 0xEF, 0xEB, 0xC3, 0x6E, 0x13, 0x98, 0xA6, 0x49,
        0x26, 0x93, 0x01, 0x09, 0xBD, 0xBD, 0xBD, 0x08, 0x21, 0x30, 0x0C, 0x83, 0xEE, 0x74, 0x1A, 0x80,
        0x8E, 0x8E, 0x0E, 0x3A, 0xBA, 0x3A, 0xBB, 0xEE, 0x18, 0x1A, 0x3A, 0xFB, 0xE2, 0xE4, 0xA1, 0xD1,
        0x72, 0x7A, 0xE8, 0x9E, 0xBF, 0x5B, 0xD7, 0xB5, 0x5C, 0xC3, 0x73, 0xD7, 0x74, 0x3A, 0x7F, 0x9A,
        0x06, 0x29, 0xB9, 0xF0, 0x4C, 0x37, 0x07, 0x0E, 0xEC, 0x07, 0x19, 0xC7, 0x44, 0x4A, 0x19, 0x1F,
        0x51, 0x32, 0x86, 0x48, 0xF5, 0xA7, 0x4E, 0x9D, 0xA4, 0xBF, 0xAF, 0x97, 0x42, 0x21, 0xE0, 0xCF,
        0xF9, 0x3F, 0x16, 0x2F, 0x5D, 0xFA, 0xE1, 0xF0, 0x9B, 0x6F, 0xCD, 0xCC, 0x18, 0x91, 0xEB, 0x5C,
        0xD5, 0xDE, 0xF1, 0xAF, 0x03, 0xE9, 0x86, 0xB3, 0x42, 0x46, 0x00, 0xAC, 0x14, 0x02, 0xE6, 0x17,
        0x57, 0x62, 0x41, 0x14, 0x90, 0xAC, 0xE9, 0xA3, 0x28, 0x26, 0xB5, 0xF3, 0x96, 0xFD, 0x80, 0x24,
        0xB5, 0x4D, 0xA7, 0xAB, 0x6F, 0xA0, 0x4B, 0x33, 0x52, 0x1F, 0xC0, 0xCC, 0xDD, 0x86, 0xF0, 0xFC,
        0x36, 0x24, 0x47, 0x81, 0x77, 0x1B, 0x21, 0x20, 0x13, 0xFD, 0xA5, 0xC4, 0x6E, 0x33, 0xC9, 0x74,
        0xB6, 0x97, 0x01, 0x6B, 0x49, 0x44, 0x2A, 0x1A, 0x91, 0x8C, 0xE8, 0x3E, 0x78, 0xAB, 0xB2, 0x8E,
        0x24, 0x08, 0x02, 0x96, 0xFF, 0x9A, 0xBF, 0xD9, 0x7D, 0xEE, 0x60, 0x9F, 0x01, 0x04, 0xA1, 0xEB,
        0x9C, 0x10, 0x9E, 0xFF, 0x5E, 0xB3, 0x59, 0x10, 0x47, 0x60, 0x79, 0xDD, 0xCC, 0x63, 0x49, 0x24,
        0x91, 0x92, 0x22, 0x96, 0x21, 0xA2, 0xB2, 0x7E, 0x49, 0x5D, 0xA0, 0x41, 0x8F, 0x1E, 0xBA, 0x8E,
        0x14, 0x9E, 0x2F, 0x54, 0x25, 0x8C, 0x9A, 0xCD, 0x86, 0xA8, 0x16, 0x9C, 0x35, 0x70, 0x12, 0x4F,
        0xA8, 0xFF, 0x95, 0x51, 0x40, 0x82, 0x26, 0x04, 0x4B, 0x4B, 0x4B, 0xC2, 0x00, 0x08, 0x5D, 0x27,
        0x04, 0xA6, 0x85, 0xE7, 0x4F, 0x01, 0x4F, 0x35, 0x0A, 0x6F, 0x9B, 0x26, 0x99, 0x0E, 0x3B, 0x9E,
        0xB1, 0x94, 0x15, 0x46, 0x04, 0x19, 0x25, 0x33, 0xAF, 0x38, 0x2A, 0x0A, 0x83, 0x65, 0x18, 0xD5,
        0x2B, 0xA1, 0xF0, 0x7C, 0x2D, 0x74, 0x9D, 0xA7, 0x85, 0xE7, 0xDF, 0x05, 0x0C, 0x37, 0x24, 0x41,
        0xB1, 0x58, 0x21, 0x41, 0x3C, 0xF3, 0x04, 0x7C, 0x0D, 0xB4, 0x3A, 0x3A, 0x09, 0x85, 0x7C, 0xA9,
        0x54, 0x5D, 0x0B, 0x42, 0xD7, 0x91, 0xAA, 0xBF, 0x13, 0xF8, 0x05, 0x08, 0xB7, 0x14, 0x40, 0x01,
        0x97, 0x65, 0x88, 0x88, 0x4F, 0x90, 0x15, 0x11, 0x49, 0x7E, 0xD6, 0x24, 0x51, 0x21, 0xDB, 0xB8,
        0x16, 0x08, 0xCF, 0x17, 0xA1, 0xEB, 0xEC, 0x12, 0x9E, 0xFF, 0xA3, 0xDA, 0x19, 0xB5, 0xD5, 0x23,
        0x60, 0x99, 0x26, 0xE9, 0x76, 0x3B, 0x7E, 0x71, 0x99, 0x90, 0xAC, 0xF1, 0x84, 0x2C, 0xA7, 0x69,
        0x62, 0x30, 0x4D, 0x03, 0xBB, 0xCD, 0xDC, 0x98, 0x40, 0xE8, 0x3A, 0xA1, 0xF0, 0x7C, 0x33, 0x74,
        0x9D, 0xBD, 0xC2, 0xF3, 0x3F, 0x05, 0x1E, 0x55, 0xF6, 0xD1, 0xD6, 0x67, 0x41, 0xB1, 0x2A, 0x0B,
        0xA8, 0x08, 0x77, 0x79, 0x6D, 0x28, 0x47, 0xAB, 0xC2, 0x03, 0x9A, 0xC6, 0x6A, 0x21, 0xA8, 0x5F,
        0x8E, 0x43, 0xD7, 0x09, 0x84, 0xE7, 0xEB, 0xA1, 0xEB, 0x3C, 0x06, 0x1C, 0x57, 0xE0, 0xE1, 0x46,
        0x15, 0x21, 0x92, 0x92, 0x48, 0x46, 0x71, 0xBA, 0x45, 0x2A, 0xF7, 0x37, 0x01, 0x4F, 0xCE, 0x23,
        0xE4, 0xE6, 0xE5, 0x38, 0x74, 0x9D, 0x24, 0x62, 0x47, 0x80, 0x13, 0xC0, 0xEC, 0x3A, 0x09, 0x0C,
        0x41, 0xDA, 0xB6, 0xAB, 0xC2, 0x5C, 0x55, 0xAA, 0x12, 0x69, 0xEA, 0x64, 0x50, 0x43, 0xFB, 0x81,
        0xD0, 0x75, 0x4A, 0xC0, 0x1C, 0xA0, 0x09, 0xCF, 0x3F, 0x0E, 0x4C, 0xC6, 0x6F, 0xD4, 0xBC, 0x95,
        0x42, 0xE0, 0xCE, 0x2F, 0x2D, 0x57, 0x81, 0x55, 0xAD, 0x99, 0xB2, 0x7E, 0x99, 0x5D, 0x09, 0x82,
        0xE6, 0x76, 0x44, 0x4A, 0x92, 0x17, 0x10, 0xC6, 0xA0, 0x34, 0x8C, 0xBD, 0x7F, 0xBF, 0x7D, 0xEC,
        0x79, 0x99, 0xB8, 0x79, 0x83, 0x10, 0x6F, 0x06, 0x5E, 0x19, 0xA6, 0x86, 0x77, 0x44, 0x65, 0x49,
        0xA4, 0xBC, 0x1A, 0x2F, 0x73, 0x60, 0xB5, 0x99, 0xF4, 0x74, 0xB6, 0xAF, 0xFB, 0x46, 0x68, 0x64,
        0x73, 0x51, 0x37, 0x0B, 0xB6, 0x6A, 0xD1, 0xB3, 0x8F, 0x94, 0x16, 0xD4, 0x78, 0x55, 0x65, 0xC1,
        0x8D, 0x7C, 0x50, 0xAC, 0x16, 0x8B, 0xAD, 0xEF, 0x09, 0x65, 0x2B, 0x5F, 0x32, 0x9A, 0xD6, 0x3A,
        0x81, 0x2F, 0x4E, 0xFB, 0x9F, 0x97, 0xC2, 0x52, 0x1E, 0xB4, 0xA6, 0xF1, 0x53, 0xA9, 0xD4, 0xF5,
        0x91, 0xD1, 0xD1, 0xA5, 0x7F, 0x00, 0x4B, 0xFD, 0x74, 0xDD, 0xE3, 0xD1, 0x92, 0xAA, 0x00, 0x00,
        0x00, 0x00, 0x49, 0x45, 0x4E, 0x44, 0xAE, 0x42, 0x60, 0x82,
    };

    static const unsigned char kAlternateStreamView[] =
    {
        0x89, 0x50, 0x4E, 0x47, 0x0D, 0x0A, 0x1A, 0x0A, 0x00, 0x00, 0x00, 0x0D, 0x49, 0x48, 0x44, 0x52,
        0x00, 0x00, 0x00, 0x20, 0x00, 0x00, 0x00, 0x20, 0x08, 0x06, 0x00, 0x00, 0x00, 0x73, 0x7A, 0x7A,
        0xF4, 0x00, 0x00, 0x01, 0x42, 0x49, 0x44, 0x41, 0x54, 0x78, 0xDA, 0xBD, 0x57, 0x5B, 0x6E, 0xC4,
        0x20, 0x0C, 0x1C, 0x57, 0xDC, 0x0B, 0x6E, 0x86, 0x73, 0x33, 0x38, 0xD9, 0xF4, 0xA3, 0x25, 0x4D,
        0x02, 0x4B, 0x02, 0xC1, 0xB5, 0xC4, 0x07, 0x42, 0xCA, 0x3C, 0xEC, 0x61, 0x59, 0xC1, 0x4D, 0xA9,
        0x2A, 0xF1, 0xB2, 0x54, 0x55, 0x3E, 0x9D, 0xB9, 0x27, 0x1F, 0x88, 0x31, 0x4E, 0x83, 0x6F, 0xDB,
        0x06, 0x00, 0x04, 0xD0, 0x24, 0x21, 0x96, 0xCA, 0x63, 0x8C, 0x85, 0x00, 0x54, 0xB5, 0x8B, 0xD7,
        0x24, 0xF0, 0xA6, 0x7E, 0x05, 0x50, 0x55, 0x99, 0x52, 0xDA, 0xF7, 0xB7, 0x0E, 0x58, 0x28, 0x27,
        0x89, 0x9C, 0x33, 0x52, 0x4A, 0xF7, 0x4E, 0x58, 0x29, 0x27, 0xD9, 0x74, 0xC2, 0xC1, 0xA0, 0x54,
        0x75, 0x57, 0x5E, 0xF6, 0x22, 0x95, 0x68, 0x02, 0x90, 0x2F, 0x0B, 0x02, 0x21, 0x84, 0x1D, 0xD4,
        0x7B, 0xBF, 0xEF, 0xF1, 0x63, 0x05, 0x52, 0x4A, 0x30, 0x75, 0xC0, 0x7B, 0xFF, 0x51, 0xB9, 0x88,
        0x9C, 0x08, 0x98, 0x38, 0x50, 0x48, 0xF4, 0x94, 0x9B, 0x3A, 0xD0, 0xE8, 0x77, 0xA5, 0x7C, 0xDA,
        0x01, 0x91, 0xAD, 0x5A, 0xD7, 0x08, 0x92, 0x3C, 0xAD, 0x16, 0xF0, 0xB0, 0x03, 0x05, 0x88, 0xD0,
        0xC6, 0xD9, 0xEF, 0x58, 0x73, 0xFC, 0xCA, 0x76, 0x4F, 0xC1, 0x5B, 0xC0, 0x7F, 0x79, 0x2A, 0x67,
        0xE3, 0x04, 0x1E, 0xB5, 0xA0, 0x07, 0xDE, 0x72, 0x69, 0x39, 0x81, 0x33, 0x1B, 0x9E, 0xD7, 0x04,
        0xD1, 0xD7, 0x43, 0x58, 0x11, 0x7A, 0x51, 0xC3, 0x31, 0x24, 0x14, 0xC7, 0x94, 0x91, 0xF1, 0x15,
        0x09, 0xF7, 0xD8, 0xF6, 0x03, 0xEA, 0xD1, 0xEA, 0x8A, 0x8C, 0x99, 0x03, 0x17, 0x12, 0xED, 0xBE,
        0x47, 0xE3, 0x19, 0x68, 0x0C, 0xDE, 0xDB, 0x14, 0xB8, 0x91, 0xA1, 0xDB, 0x2D, 0x3E, 0x92, 0xA8,
        0x5A, 0x13, 0xD7, 0x12, 0xB8, 0xF6, 0xFB, 0xDA, 0x67, 0x81, 0x4E, 0xC5, 0x6F, 0x2A, 0x05, 0xD7,
        0x04, 0xCC, 0x66, 0x7F, 0x8C, 0x40, 0x27, 0x01, 0x2B, 0x6A, 0xED, 0x7B, 0x60, 0xE2, 0x3E, 0x70,
        0x43, 0x1F, 0x16, 0x59, 0x06, 0x3C, 0x77, 0x13, 0x92, 0x4B, 0x8C, 0x0A, 0x21, 0xD8, 0xBE, 0x88,
        0x9E, 0xFC, 0xA4, 0x98, 0xBF, 0x09, 0xEF, 0x94, 0x77, 0x1D, 0xC8, 0x39, 0x9B, 0x2B, 0xEF, 0xFD,
        0x39, 0xE5, 0x7F, 0x58, 0x5F, 0xEA, 0x1B, 0xF2, 0x79, 0x3F, 0x89, 0x4F, 0x04, 0x17, 0x2A, 0x00,
        0x00, 0x00, 0x00, 0x49, 0x45, 0x4E, 0x44, 0xAE, 0x42, 0x60, 0x82,
    };

    static const unsigned char kRecuva[] =
    {
        0x89, 0x50, 0x4E, 0x47, 0x0D, 0x0A, 0x1A, 0x0A, 0x00, 0x00, 0x00, 0x0D, 0x49, 0x48, 0x44, 0x52,
        0x00, 0x00, 0x00, 0x20, 0x00, 0x00, 0x00, 0x20, 0x08, 0x06, 0x00, 0x00, 0x00, 0x73, 0x7A, 0x7A,
        0xF4, 0x00, 0x00, 0x08, 0xD3, 0x49, 0x44, 0x41, 0x54, 0x78, 0xDA, 0xA5, 0x97, 0x6B, 0x6C, 0x1C,
        0xD5, 0x15, 0xC7, 0x7F, 0x33, 0xFB, 0xF4, 0x3E, 0x66, 0xD7, 0xF6, 0xDA, 0xBB, 0x8E, 0xBD, 0xF1,
        0x23, 0x4E, 0x62, 0x27, 0x4E, 0x88, 0x93, 0x14, 0x28, 0x41, 0x14, 0x82, 0x93, 0x50, 0xA0, 0x25,
        0x20, 0x51, 0x91, 0x46, 0x80, 0xA2, 0x50, 0x40, 0x95, 0x90, 0x2A, 0xB5, 0x12, 0x45, 0x2D, 0xC2,
        0xA8, 0xF4, 0x81, 0xAA, 0x56, 0x95, 0x68, 0x84, 0xD4, 0x36, 0x42, 0x94, 0xA6, 0x2F, 0xD2, 0x86,
        0x8A, 0x28, 0x4D, 0x81, 0x14, 0x13, 0x20, 0x38, 0x21, 0x10, 0x12, 0xC7, 0x6F, 0x13, 0xBF, 0xD7,
        0xEB, 0xDD, 0xF5, 0xDA, 0x3B, 0xBB, 0x33, 0xB3, 0xBB, 0xB3, 0x3B, 0xD3, 0x0F, 0x1B, 0x6C, 0x28,
        0x29, 0xC2, 0xF4, 0x48, 0xF3, 0x61, 0xEE, 0x9C, 0x3B, 0xE7, 0x7F, 0xCE, 0xF9, 0xDF, 0x73, 0xCE,
        0x15, 0x58, 0xA6, 0xFC, 0xBB, 0xEB, 0x4D, 0x33, 0x31, 0xA7, 0x20, 0x67, 0x52, 0x98, 0xBA, 0x0E,
        0x80, 0x60, 0xB3, 0x01, 0x60, 0xEA, 0x3A, 0x5A, 0x2E, 0x47, 0xDB, 0xFA, 0x35, 0x8B, 0xFA, 0x99,
        0x8C, 0x86, 0x5E, 0xC8, 0x93, 0x55, 0x54, 0x0C, 0xA5, 0x80, 0xE8, 0xB6, 0xB2, 0x77, 0xEF, 0x37,
        0x84, 0x8F, 0xBE, 0x5B, 0x97, 0x6B, 0xBC, 0x65, 0x5D, 0x3B, 0xA1, 0x80, 0x8B, 0x2F, 0x22, 0xFD,
        0x03, 0xC3, 0x00, 0xB4, 0xB5, 0xB5, 0x99, 0x00, 0x7B, 0xF6, 0xEC, 0xF9, 0xFC, 0x00, 0x7A, 0xFB,
        0x06, 0x4D, 0x80, 0x43, 0xCF, 0x3F, 0xCB, 0x37, 0xF7, 0xDE, 0x8B, 0xD7, 0xE3, 0x45, 0xB0, 0x38,
        0x4A, 0x9E, 0x17, 0x73, 0x5C, 0x1C, 0x18, 0x47, 0xD1, 0x54, 0x2C, 0xA6, 0x46, 0xAE, 0x60, 0x45,
        0x72, 0x89, 0x6C, 0x68, 0x6B, 0xC3, 0xE3, 0x29, 0x03, 0x60, 0x26, 0x1A, 0xE3, 0xE0, 0x73, 0xCF,
        0xB3, 0x7F, 0xDF, 0xFD, 0x00, 0xB8, 0xDD, 0x6E, 0xFA, 0xFA, 0xFA, 0x10, 0x96, 0x03, 0x40, 0xB4,
        0x79, 0x19, 0x1E, 0xBC, 0xC8, 0x96, 0xCD, 0x1B, 0xF1, 0x7A, 0xBC, 0x4C, 0xCF, 0xA6, 0x00, 0xB0,
        0x3B, 0x25, 0x6A, 0xAA, 0x5D, 0x38, 0x4B, 0x99, 0x60, 0x5E, 0xCE, 0x33, 0x36, 0x11, 0x65, 0x64,
        0xE8, 0x02, 0xE1, 0x95, 0xCD, 0x5C, 0xBB, 0xB5, 0x65, 0x31, 0x1D, 0xE9, 0x4C, 0x9A, 0xBB, 0xEE,
        0xBC, 0x03, 0x9F, 0xCF, 0x47, 0x55, 0x55, 0x15, 0xE2, 0x72, 0x42, 0x58, 0x1B, 0xF4, 0x71, 0xD3,
        0x4D, 0xDB, 0x29, 0xAF, 0xAC, 0x66, 0x78, 0x2C, 0x8E, 0xA2, 0x2A, 0xF8, 0x7C, 0x12, 0xD5, 0x15,
        0xCE, 0x4F, 0xE8, 0x95, 0x4B, 0x76, 0xDA, 0xDB, 0x56, 0x72, 0xF7, 0x5D, 0xB7, 0x93, 0x92, 0x53,
        0x1C, 0x3E, 0xF2, 0x0A, 0xC0, 0x62, 0x34, 0x3E, 0x2E, 0xE2, 0x72, 0xF3, 0x68, 0xB1, 0x8A, 0x44,
        0xA2, 0x49, 0x16, 0x52, 0x0B, 0x94, 0x57, 0xD4, 0xA0, 0xE5, 0x20, 0x96, 0xCC, 0xB2, 0x90, 0x52,
        0x89, 0x26, 0x54, 0xE6, 0xE5, 0x3C, 0x8A, 0x66, 0x2C, 0xEA, 0xEF, 0xDA, 0x7E, 0x0D, 0x4E, 0x87,
        0x48, 0xD7, 0xC9, 0xB7, 0x17, 0xD7, 0x7C, 0x3E, 0x1F, 0x92, 0x24, 0x2D, 0x9F, 0x84, 0x1F, 0xC9,
        0xF0, 0xF0, 0x30, 0xD5, 0xD5, 0x35, 0xE4, 0xB3, 0x32, 0x00, 0x8A, 0xAA, 0x30, 0x14, 0x4F, 0x94,
        0xD2, 0xE1, 0x28, 0xA3, 0x75, 0x6D, 0x33, 0x79, 0xDD, 0x4A, 0xB9, 0x64, 0x07, 0xA0, 0x63, 0x47,
        0x07, 0xCF, 0x3D, 0xFF, 0x67, 0xB6, 0x6E, 0xD6, 0x16, 0xFF, 0x11, 0x08, 0x04, 0x96, 0x0F, 0x20,
        0x93, 0x35, 0x99, 0x9F, 0x2A, 0x19, 0x07, 0x50, 0xB5, 0x3C, 0xB1, 0xD8, 0x0C, 0xB1, 0xD9, 0x38,
        0x67, 0x7B, 0x7A, 0xD1, 0x3D, 0x75, 0x74, 0x6C, 0x0C, 0x71, 0xAA, 0x3B, 0xCE, 0xFA, 0xD6, 0xF5,
        0xE4, 0xF2, 0x12, 0xA1, 0x40, 0x89, 0x1B, 0xD7, 0x5E, 0x7B, 0x1D, 0x6F, 0x9F, 0xB9, 0x80, 0x4F,
        0x5A, 0xF2, 0xFE, 0x0B, 0x45, 0x20, 0x12, 0x4F, 0xD3, 0xD8, 0x50, 0x89, 0x9E, 0xCF, 0x13, 0x89,
        0xC6, 0x68, 0xA8, 0xAF, 0xA7, 0xA1, 0xBE, 0x9E, 0x1D, 0x3B, 0xB6, 0xA3, 0xE5, 0x60, 0x68, 0xB0,
        0x07, 0xAB, 0xCD, 0xC6, 0x54, 0x24, 0x82, 0xCD, 0x6E, 0x07, 0x4A, 0x47, 0xB6, 0xBD, 0x6D, 0x25,
        0xCF, 0xFE, 0xEE, 0x14, 0x37, 0x5E, 0xBF, 0x05, 0x87, 0xC3, 0x41, 0x65, 0x65, 0x80, 0xB9, 0xB9,
        0xC4, 0xF2, 0x38, 0xE0, 0x71, 0x2E, 0x1D, 0x1A, 0x9B, 0xDD, 0x4E, 0x99, 0xC3, 0xCE, 0xCE, 0xBD,
        0x0F, 0xF3, 0xEA, 0xB9, 0x4B, 0xA4, 0x52, 0x32, 0xF9, 0xAC, 0xCC, 0xB1, 0xD7, 0xBA, 0xF8, 0xC3,
        0x89, 0xF3, 0x8C, 0x4F, 0x44, 0x10, 0x44, 0x27, 0x59, 0x7D, 0x69, 0xFF, 0xFC, 0x5C, 0x29, 0x4D,
        0x5E, 0xAF, 0x17, 0x97, 0xAB, 0x6C, 0xF9, 0x11, 0xB8, 0x38, 0x30, 0x0E, 0x80, 0x9E, 0xCF, 0x23,
        0xB9, 0x4B, 0xD8, 0x9F, 0x78, 0xE4, 0x01, 0xDA, 0x5B, 0xEA, 0xB0, 0x3B, 0x25, 0x4C, 0x23, 0xCB,
        0xD7, 0xBF, 0xBA, 0x83, 0x82, 0xAE, 0xA3, 0x6A, 0x39, 0x4C, 0x23, 0x8B, 0xD3, 0x76, 0xE5, 0xA2,
        0x25, 0x5A, 0x6C, 0xB8, 0x5C, 0xEE, 0xCF, 0x06, 0x70, 0xA4, 0x73, 0xBF, 0x69, 0x18, 0xF3, 0x00,
        0x8C, 0x1F, 0xFF, 0x25, 0xD1, 0xD1, 0x8B, 0x00, 0xC8, 0xE5, 0x41, 0x86, 0xBA, 0xBA, 0xB8, 0xFB,
        0x85, 0x21, 0x86, 0x87, 0x47, 0x98, 0x9E, 0x18, 0xE2, 0xF8, 0xBF, 0x8E, 0x61, 0xF8, 0x1B, 0xD9,
        0xDA, 0xE8, 0x27, 0x99, 0x52, 0x68, 0x0C, 0xAF, 0x40, 0x10, 0x9D, 0x64, 0x32, 0x25, 0xE2, 0xC5,
        0xE6, 0x35, 0x42, 0xA1, 0x20, 0xA9, 0x4C, 0xB1, 0xE4, 0xB9, 0x45, 0xB8, 0x72, 0x04, 0x5E, 0x3D,
        0xF0, 0xA8, 0x99, 0x89, 0x27, 0x70, 0x39, 0xB3, 0x34, 0xAD, 0x38, 0x48, 0x70, 0x4D, 0x2B, 0x9E,
        0xBA, 0x0D, 0x98, 0x0B, 0x2F, 0xA2, 0x25, 0x93, 0x44, 0x26, 0x3C, 0x34, 0x6D, 0xF0, 0x91, 0xED,
        0x48, 0xF2, 0xC2, 0x0F, 0xB7, 0x20, 0xDD, 0xF2, 0x73, 0x62, 0x73, 0x1A, 0x75, 0x2B, 0xEA, 0xB0,
        0x3A, 0x6D, 0xC4, 0x66, 0xE3, 0xB4, 0x6D, 0xD8, 0x48, 0x4D, 0x28, 0x80, 0xAA, 0x65, 0x49, 0x67,
        0x0A, 0xC8, 0x8A, 0xC1, 0xD8, 0xF8, 0x38, 0x65, 0x76, 0x01, 0x9F, 0xC7, 0x02, 0x40, 0xA1, 0x68,
        0x7E, 0x1A, 0xC0, 0xDF, 0x1F, 0xDF, 0x63, 0xAE, 0xAA, 0x7E, 0x9A, 0xF0, 0xBA, 0xA5, 0xB5, 0x64,
        0x72, 0x90, 0xB1, 0x73, 0x29, 0x74, 0xFB, 0x4E, 0xDA, 0x6E, 0x94, 0x58, 0x55, 0x71, 0x98, 0xF1,
        0xBE, 0x2C, 0xB5, 0x5B, 0x1E, 0xE4, 0xA1, 0xEF, 0xFD, 0x86, 0x5F, 0x7F, 0xFF, 0x41, 0x82, 0xFB,
        0x7F, 0x4F, 0x5A, 0xD1, 0xD8, 0xB6, 0xF5, 0x3A, 0x82, 0x01, 0x3F, 0x69, 0x25, 0x4B, 0x2A, 0x25,
        0xA3, 0xA8, 0x0A, 0xB1, 0x9C, 0x8E, 0xDD, 0x61, 0xE3, 0xF5, 0xAE, 0x93, 0xEC, 0xBB, 0xFF, 0x5E,
        0x92, 0xF1, 0xC9, 0x4F, 0xD6, 0x95, 0x8F, 0xBF, 0xEC, 0x6B, 0xE9, 0xEF, 0x34, 0x15, 0x93, 0x58,
        0x04, 0x66, 0x46, 0x40, 0x8D, 0x43, 0x4D, 0x85, 0x49, 0xB0, 0x25, 0x8D, 0x14, 0x28, 0xD2, 0xF3,
        0x86, 0x81, 0x77, 0xD5, 0x3D, 0x84, 0x1A, 0x8B, 0xC8, 0x53, 0x3D, 0xB8, 0x9A, 0x6F, 0xE3, 0xEA,
        0xAB, 0xBB, 0x79, 0xEF, 0xE0, 0xCB, 0xFC, 0xF1, 0x4F, 0xEF, 0x23, 0x56, 0x54, 0x12, 0x8F, 0x47,
        0x91, 0x33, 0x59, 0x14, 0x39, 0x86, 0x9A, 0x2B, 0xA2, 0x17, 0x74, 0x26, 0xA6, 0x66, 0x71, 0x58,
        0x4C, 0xDA, 0xDB, 0xDB, 0x59, 0x48, 0xC6, 0xB9, 0x70, 0xFE, 0x03, 0xFC, 0xFE, 0x72, 0x54, 0x45,
        0x59, 0x02, 0x70, 0xA4, 0x73, 0xBF, 0xD9, 0x72, 0xD5, 0x7B, 0xB4, 0xED, 0x74, 0x51, 0xD3, 0x6A,
        0x63, 0x45, 0x8B, 0x4E, 0x59, 0x15, 0x44, 0x53, 0x95, 0x24, 0x07, 0x34, 0x94, 0x48, 0x82, 0x96,
        0x2F, 0x65, 0x29, 0x16, 0x23, 0x58, 0xBD, 0x4D, 0xB8, 0xC2, 0x61, 0x04, 0xD3, 0x04, 0x31, 0xC4,
        0xEA, 0xE6, 0x3E, 0x36, 0xD5, 0x27, 0x78, 0xED, 0x85, 0xD3, 0xF8, 0x37, 0x76, 0xD0, 0x75, 0xE2,
        0x04, 0x8A, 0xA6, 0xE3, 0x72, 0x97, 0xD1, 0xD7, 0xDB, 0xCB, 0xE8, 0xE8, 0x28, 0xBB, 0x6E, 0xD9,
        0x49, 0x21, 0x27, 0x93, 0xCD, 0x66, 0x79, 0xFB, 0xAD, 0x37, 0xA9, 0x0E, 0x86, 0x48, 0xC4, 0x63,
        0x4B, 0x00, 0x1E, 0xDE, 0x7E, 0xAE, 0x73, 0xD3, 0xED, 0x37, 0x21, 0x38, 0x57, 0x81, 0xBD, 0x1E,
        0x0A, 0x11, 0x6C, 0x35, 0x77, 0xE2, 0x5F, 0xFF, 0x63, 0x2A, 0x9A, 0xF2, 0xF8, 0xCB, 0x7B, 0xB9,
        0xF0, 0x4A, 0x9A, 0x40, 0xD9, 0x02, 0xCE, 0x80, 0x13, 0x43, 0x2B, 0x22, 0x18, 0x60, 0x14, 0x8A,
        0x14, 0xE4, 0x21, 0x02, 0x21, 0x68, 0x5B, 0xA3, 0xF0, 0xF4, 0x13, 0xC7, 0xE9, 0x9D, 0x8E, 0x93,
        0xD7, 0x75, 0xD6, 0xB5, 0xB4, 0x21, 0x2F, 0xCC, 0x51, 0x17, 0x5E, 0xC1, 0xA5, 0x91, 0x61, 0xAC,
        0x0E, 0x0F, 0x98, 0x3A, 0x23, 0xC3, 0x83, 0x58, 0x2D, 0x16, 0x04, 0x41, 0x28, 0x01, 0x38, 0xFA,
        0xD4, 0xB7, 0xCD, 0x6D, 0xBB, 0x86, 0xB1, 0xB9, 0x6A, 0x10, 0xC4, 0xCB, 0xB4, 0x50, 0xFB, 0x11,
        0x18, 0x05, 0xCF, 0x3D, 0x08, 0xD2, 0xAD, 0x88, 0x6E, 0x27, 0xC1, 0x40, 0x37, 0xA3, 0xFD, 0x05,
        0x92, 0x1F, 0x8C, 0x53, 0x59, 0x91, 0x41, 0x70, 0x16, 0x10, 0xCC, 0x0C, 0x7A, 0x3A, 0x82, 0xA3,
        0x08, 0x8E, 0x50, 0x2B, 0x65, 0xF1, 0x59, 0x2E, 0x09, 0x57, 0x51, 0x34, 0x44, 0x9E, 0x7A, 0xF2,
        0x31, 0xA2, 0x73, 0x32, 0xAD, 0xAD, 0x1B, 0xD9, 0xB5, 0xF3, 0x46, 0xB4, 0xAC, 0x41, 0x4E, 0x93,
        0xE9, 0x7E, 0xE7, 0x14, 0x7E, 0x7F, 0x39, 0xB2, 0x9C, 0x2A, 0x15, 0xA2, 0xF9, 0xB1, 0x97, 0xD0,
        0x35, 0x1B, 0xDA, 0xD4, 0xEB, 0x98, 0xC5, 0x1C, 0xE8, 0xA5, 0x82, 0x61, 0x6A, 0x2A, 0x46, 0xE2,
        0x99, 0xCB, 0x55, 0x68, 0x1F, 0xA2, 0x7F, 0x2B, 0x2D, 0xD7, 0x9B, 0xD4, 0x6E, 0x81, 0xF7, 0x8E,
        0x47, 0xC8, 0xF4, 0x9D, 0x45, 0x98, 0xBF, 0x88, 0xB1, 0x00, 0x82, 0x17, 0x1C, 0x52, 0x1D, 0x37,
        0xEC, 0x6E, 0xA6, 0x32, 0x99, 0x64, 0xDB, 0x0D, 0x37, 0x03, 0xD0, 0xD8, 0xB0, 0x1A, 0x00, 0xA7,
        0x0D, 0x6A, 0x42, 0x81, 0x45, 0xBE, 0x69, 0x9A, 0xB6, 0xD4, 0x0D, 0x37, 0x7F, 0x6D, 0x35, 0x49,
        0xA3, 0x03, 0x25, 0x23, 0xA2, 0x4D, 0xBD, 0x8E, 0x1A, 0x39, 0x8B, 0x9A, 0x02, 0x35, 0x05, 0x62,
        0xFA, 0x28, 0x66, 0x2E, 0x8A, 0x99, 0x8B, 0x42, 0xC5, 0x83, 0x18, 0x3A, 0xB8, 0xAB, 0x60, 0xF3,
        0x1D, 0x30, 0xBB, 0x00, 0x23, 0xDD, 0x59, 0x12, 0x39, 0x10, 0xCB, 0x5C, 0xD8, 0xA4, 0x72, 0x2A,
        0xC3, 0x8D, 0xEC, 0x6C, 0x1E, 0x22, 0x18, 0xA8, 0xE4, 0xE8, 0xB1, 0xD7, 0xB8, 0xD8, 0x73, 0x81,
        0x86, 0x95, 0xA1, 0x92, 0xD1, 0x5C, 0xC9, 0x78, 0x2E, 0x97, 0x43, 0x55, 0x95, 0xD2, 0x29, 0x38,
        0xD2, 0xB9, 0xDF, 0x5C, 0xBB, 0xF2, 0x1F, 0x04, 0x37, 0xDD, 0xCB, 0xF8, 0x48, 0x0C, 0xBB, 0x19,
        0x43, 0xCF, 0x0B, 0xD8, 0x30, 0xA1, 0x08, 0xBA, 0x0A, 0x82, 0xDD, 0x85, 0x69, 0xD1, 0x11, 0xC4,
        0x10, 0x82, 0x76, 0x02, 0x33, 0x5F, 0x42, 0x5F, 0x5E, 0x05, 0x95, 0x4D, 0xE0, 0xAF, 0x04, 0x0C,
        0x1D, 0xB3, 0x58, 0xC4, 0x34, 0xEC, 0x58, 0x0A, 0x51, 0x5E, 0x3E, 0xA6, 0xA2, 0x39, 0xBC, 0xDC,
        0x7A, 0xDB, 0xAD, 0xAC, 0xA8, 0xF6, 0x00, 0x70, 0xE6, 0xEC, 0xFB, 0xA4, 0xE5, 0x79, 0xCE, 0xBC,
        0x7B, 0x0E, 0x9F, 0xE4, 0x5E, 0xAA, 0x03, 0x72, 0xC2, 0xA0, 0x4A, 0xFE, 0x19, 0xF5, 0x1B, 0xF7,
        0x31, 0xD8, 0x35, 0x43, 0xB9, 0x73, 0x16, 0xE5, 0xF2, 0xEC, 0xE0, 0x76, 0x8B, 0xE4, 0x23, 0x6F,
        0x61, 0xF3, 0x4E, 0x63, 0xBA, 0x66, 0x11, 0x32, 0x41, 0xC4, 0x7C, 0x72, 0x31, 0x94, 0x4E, 0x17,
        0x98, 0xE9, 0x52, 0x0A, 0xCC, 0xE4, 0x00, 0xF9, 0x32, 0x01, 0x4F, 0x95, 0x41, 0x45, 0xD1, 0x60,
        0xFB, 0xCD, 0x1D, 0x34, 0x85, 0x2B, 0x00, 0x18, 0xFC, 0x30, 0x8A, 0xAA, 0xE5, 0x98, 0x99, 0x99,
        0xA3, 0x90, 0x4B, 0x33, 0x31, 0x0D, 0xE5, 0x92, 0x13, 0xEB, 0xD8, 0xBB, 0x67, 0xD8, 0x10, 0x16,
        0x28, 0x4E, 0x26, 0xF1, 0x36, 0xF5, 0xD2, 0xB8, 0xED, 0x1A, 0x86, 0x4F, 0xBE, 0x83, 0x94, 0x8D,
        0xE3, 0x70, 0x82, 0xAC, 0x19, 0xD8, 0xB2, 0x63, 0xD8, 0xD5, 0x14, 0x36, 0xD7, 0x2C, 0xBA, 0x2A,
        0x73, 0x79, 0x0C, 0x28, 0x89, 0x3D, 0x88, 0xD5, 0x13, 0xC6, 0xA2, 0xD7, 0xE1, 0xA9, 0x5D, 0x85,
        0xB9, 0x30, 0x89, 0x30, 0xDF, 0x4F, 0xB5, 0xD7, 0x4D, 0x43, 0xC3, 0x4A, 0x46, 0xA7, 0xD5, 0xC5,
        0x0E, 0x29, 0x49, 0x1E, 0x2E, 0xA9, 0x19, 0x22, 0x91, 0x08, 0x6E, 0xB7, 0x9B, 0x72, 0xA9, 0x19,
        0x6B, 0x36, 0x3D, 0xCD, 0x58, 0x3F, 0x94, 0x97, 0x81, 0xC3, 0x72, 0x1C, 0x7F, 0x48, 0xA0, 0xED,
        0xF6, 0x2F, 0x33, 0x3B, 0x00, 0xB1, 0xF7, 0xE3, 0x38, 0xCA, 0x80, 0x05, 0x15, 0xA7, 0x53, 0x45,
        0xB4, 0x27, 0xC8, 0xE6, 0x0C, 0xC6, 0xA7, 0x25, 0x6E, 0xBE, 0xEF, 0x51, 0x5C, 0x8E, 0x19, 0xD0,
        0xC7, 0x10, 0x49, 0x61, 0xAA, 0x27, 0x11, 0xB4, 0x97, 0x30, 0x44, 0x38, 0x37, 0x0F, 0x66, 0xA6,
        0x87, 0xBF, 0x1C, 0x3E, 0x4C, 0xB8, 0xAE, 0x96, 0x9A, 0x80, 0x84, 0xAA, 0xC3, 0x7C, 0x22, 0x41,
        0x26, 0xA3, 0x90, 0x4C, 0x26, 0x49, 0x26, 0x93, 0x84, 0xC3, 0x61, 0xAC, 0x8F, 0x9D, 0x4C, 0x0A,
        0x3F, 0xA5, 0xC2, 0x14, 0x3C, 0x0E, 0x36, 0x31, 0x83, 0xCB, 0x67, 0xE2, 0x11, 0x07, 0xF0, 0x6E,
        0xBE, 0x8F, 0x54, 0xFF, 0xAF, 0x98, 0x4F, 0x80, 0xD5, 0x0A, 0xE9, 0x12, 0x7D, 0x28, 0x14, 0x40,
        0xD4, 0x75, 0xC4, 0xC8, 0x0F, 0x10, 0x7D, 0x4B, 0x81, 0xF8, 0xF8, 0x74, 0x5B, 0x94, 0x05, 0x1E,
        0x79, 0xB2, 0x87, 0x97, 0xFF, 0xF6, 0x0C, 0x19, 0xEB, 0x77, 0x99, 0xD6, 0x4B, 0x0D, 0x28, 0x16,
        0x9B, 0xA5, 0x90, 0x97, 0x51, 0x55, 0x15, 0x5D, 0xD7, 0x59, 0xBB, 0xB6, 0xA5, 0x54, 0x07, 0x4E,
        0x8C, 0x6B, 0x4F, 0xB6, 0x1A, 0xF6, 0xCE, 0xAA, 0xA6, 0x0A, 0x24, 0x7F, 0x9A, 0xDC, 0xA4, 0x46,
        0x21, 0xDD, 0x4D, 0x21, 0x2D, 0x10, 0x99, 0x80, 0x9C, 0x56, 0x7A, 0xAC, 0x05, 0x01, 0x79, 0x01,
        0x3C, 0x5E, 0x08, 0x37, 0x81, 0xC5, 0x02, 0x82, 0xE5, 0x93, 0xCD, 0xCC, 0x34, 0xA0, 0xBE, 0x1E,
        0xAC, 0x61, 0x07, 0xAB, 0xEB, 0x27, 0x39, 0xFD, 0xCC, 0xAB, 0x2C, 0xD8, 0xD7, 0xA0, 0x09, 0x02,
        0xE9, 0xD4, 0x2C, 0xA9, 0x8C, 0xC6, 0x99, 0xD3, 0xA7, 0xD8, 0xBD, 0x7B, 0x37, 0x07, 0x0E, 0x1C,
        0x10, 0x16, 0x07, 0x92, 0xC7, 0x4E, 0x26, 0x85, 0xF3, 0xDD, 0x6E, 0x46, 0x87, 0x1A, 0x98, 0x88,
        0x42, 0x74, 0x58, 0x60, 0x41, 0x31, 0xD1, 0x35, 0xD0, 0x35, 0x28, 0xE4, 0x21, 0xA5, 0x98, 0x9F,
        0x6A, 0xD9, 0x86, 0xBE, 0xF4, 0x00, 0x88, 0x36, 0xB0, 0xD6, 0xBA, 0x20, 0x5B, 0x42, 0xF6, 0xC0,
        0x4F, 0x64, 0x7C, 0x23, 0x3F, 0x62, 0xBC, 0xEF, 0x3C, 0x56, 0x5B, 0x89, 0xF9, 0x8A, 0xA2, 0x08,
        0x87, 0x0E, 0x1D, 0x12, 0xFE, 0x3B, 0x72, 0x8B, 0xF2, 0xD7, 0x87, 0x5A, 0xCD, 0x35, 0x9B, 0x72,
        0xB8, 0xBC, 0x31, 0x1C, 0x62, 0x06, 0xCB, 0xE5, 0x79, 0xDF, 0x5D, 0x5D, 0x85, 0xC5, 0xBB, 0x1A,
        0xA7, 0xB7, 0x06, 0xD1, 0x92, 0x43, 0x40, 0x41, 0xD0, 0x4E, 0x5F, 0x71, 0x96, 0x10, 0x6C, 0x50,
        0x94, 0x55, 0xB2, 0x2A, 0x38, 0x8A, 0x70, 0xF4, 0x8D, 0xFD, 0xDC, 0xD9, 0x79, 0xF0, 0x53, 0xF6,
        0x3E, 0xF3, 0x62, 0x72, 0xEA, 0x89, 0x66, 0x73, 0x75, 0x87, 0x1F, 0x7F, 0xE1, 0x6C, 0x49, 0xD9,
        0x5B, 0xF2, 0x10, 0xAB, 0x6B, 0xD1, 0x88, 0xA9, 0xFF, 0xEF, 0xFD, 0xAA, 0xEC, 0x20, 0x32, 0x1E,
        0x64, 0xA4, 0x3B, 0xCF, 0xF4, 0x74, 0x88, 0x6F, 0xBD, 0x78, 0x6A, 0x79, 0x00, 0x00, 0xFE, 0xF9,
        0x40, 0x95, 0x79, 0xD5, 0xEE, 0x56, 0xAA, 0xC3, 0x1F, 0x82, 0x3E, 0x5D, 0x02, 0x70, 0x05, 0x31,
        0x2D, 0x15, 0x4C, 0x4F, 0x48, 0x4C, 0x0E, 0xDA, 0x99, 0xB9, 0xE4, 0x24, 0x31, 0x59, 0x20, 0x9B,
        0x56, 0xF9, 0xCE, 0x89, 0xB1, 0xCF, 0xB4, 0xF1, 0xB9, 0xAE, 0x66, 0xBF, 0xBD, 0xFB, 0x3A, 0xD3,
        0xE7, 0x18, 0x65, 0xD5, 0x57, 0x02, 0xAC, 0xBB, 0xC1, 0x8E, 0xC3, 0x6D, 0x61, 0x6A, 0xD0, 0x60,
        0x76, 0xBC, 0x92, 0x64, 0x2C, 0x40, 0x7C, 0x64, 0x86, 0xD1, 0x33, 0xDD, 0x3C, 0x7E, 0x41, 0x15,
        0x96, 0x3B, 0x65, 0x2F, 0x7B, 0xC3, 0x2F, 0xBE, 0x52, 0x6F, 0x4A, 0xD5, 0xB5, 0x38, 0x24, 0x89,
        0xFB, 0x0E, 0x1E, 0x17, 0xF8, 0x3F, 0xE5, 0x3F, 0x3B, 0xDC, 0xED, 0x55, 0x5F, 0xFA, 0xD6, 0xFD,
        0x00, 0x00, 0x00, 0x00, 0x49, 0x45, 0x4E, 0x44, 0xAE, 0x42, 0x60, 0x82,
    };

    static const unsigned char kRegistryExplorer[] =
    {
        0x89, 0x50, 0x4E, 0x47, 0x0D, 0x0A, 0x1A, 0x0A, 0x00, 0x00, 0x00, 0x0D, 0x49, 0x48, 0x44, 0x52,
        0x00, 0x00, 0x00, 0x20, 0x00, 0x00, 0x00, 0x20, 0x08, 0x06, 0x00, 0x00, 0x00, 0x73, 0x7A, 0x7A,
        0xF4, 0x00, 0x00, 0x07, 0x4B, 0x49, 0x44, 0x41, 0x54, 0x78, 0xDA, 0x9D, 0x97, 0xDF, 0x8B, 0x64,
        0x57, 0x11, 0xC7, 0x3F, 0x75, 0xEE, 0xB9, 0xDD, 0xB7, 0x7B, 0x7E, 0xED, 0x6C, 0x36, 0xD9, 0xFC,
        0x50, 0xB3, 0x31, 0xAB, 0x84, 0x90, 0x84, 0x3C, 0xA8, 0x44, 0x59, 0x42, 0x4C, 0x20, 0xEF, 0x62,
        0x10, 0x03, 0x22, 0x62, 0x44, 0x42, 0xF0, 0x21, 0xF8, 0x28, 0xFE, 0x03, 0x86, 0x3C, 0x09, 0x82,
        0x4F, 0x82, 0x18, 0x41, 0x41, 0x25, 0x88, 0x28, 0x4A, 0x90, 0xC4, 0xC0, 0xA2, 0xF9, 0x01, 0x81,
        0xA8, 0x31, 0x89, 0xD9, 0xDD, 0x90, 0xC9, 0xFE, 0x9A, 0xD9, 0xEC, 0x6C, 0x4F, 0x77, 0xDF, 0x7B,
        0xCF, 0x8F, 0x2A, 0x1F, 0x6E, 0xF7, 0x4C, 0xCF, 0xEE, 0x26, 0x26, 0x39, 0xC3, 0xE1, 0xDE, 0x6E,
        0x9A, 0xAA, 0xCF, 0xA9, 0xFA, 0x56, 0xD5, 0x1C, 0x31, 0x33, 0xE1, 0x43, 0xAE, 0xD7, 0xD2, 0xBF,
        0x0E, 0x36, 0x72, 0xFE, 0xDE, 0xC4, 0xF4, 0x3E, 0x25, 0x1D, 0x33, 0x64, 0x03, 0xF3, 0xC7, 0xFB,
        0xAC, 0x1F, 0xEF, 0xB1, 0xFA, 0xD2, 0xA6, 0x7F, 0x2E, 0xA8, 0xA5, 0xA3, 0x89, 0x70, 0x77, 0xB7,
        0xDB, 0xCF, 0x46, 0x9A, 0xA7, 0xBE, 0x2A, 0x3F, 0x7A, 0xFA, 0xFD, 0x6C, 0xCA, 0x07, 0x01, 0xBC,
        0x1A, 0x5F, 0x5D, 0x6D, 0xE4, 0xDC, 0xB1, 0x99, 0xC3, 0xFB, 0x43, 0x6E, 0xEE, 0x0E, 0xB9, 0x76,
        0x8A, 0x21, 0x22, 0x78, 0x5F, 0xD0, 0x93, 0x02, 0x44, 0x71, 0x22, 0x21, 0xCA, 0xA8, 0x49, 0xD2,
        0xAE, 0x46, 0x5A, 0x12, 0x0D, 0x91, 0x86, 0x48, 0x4B, 0xB4, 0xFA, 0x85, 0x40, 0xFD, 0xC3, 0x47,
        0xE4, 0x17, 0xCF, 0x7C, 0x20, 0xC0, 0xCB, 0xED, 0xCB, 0xC3, 0xE0, 0x2E, 0x7C, 0x29, 0x33, 0xB9,
        0xBF, 0x89, 0xCD, 0x7D, 0xC9, 0xDA, 0xCF, 0x49, 0xA1, 0xBE, 0x28, 0x1C, 0x6A, 0x86, 0x61, 0xA8,
        0x29, 0x9A, 0x84, 0xAC, 0xC6, 0x3B, 0xE5, 0x73, 0x0C, 0x8A, 0x15, 0x6E, 0xF1, 0x77, 0x61, 0x12,
        0x88, 0x34, 0x24, 0xDA, 0x99, 0xE3, 0xCE, 0x79, 0x5A, 0x7C, 0x5A, 0xF3, 0xD7, 0x40, 0xFD, 0x83,
        0xEF, 0xCB, 0x33, 0x2F, 0xEC, 0x03, 0x78, 0x3E, 0xFC, 0xE1, 0x7B, 0x89, 0xF1, 0x43, 0x4A, 0xBE,
        0x47, 0x09, 0x3D, 0xC5, 0x30, 0x53, 0x14, 0x23, 0xA4, 0x48, 0x1B, 0x22, 0x85, 0xF5, 0xC9, 0x64,
        0xCA, 0xB2, 0x04, 0x9F, 0x49, 0x96, 0x78, 0xAB, 0xFC, 0x1D, 0xDB, 0xE9, 0x2C, 0x65, 0x3A, 0xC4,
        0x6D, 0xBD, 0x2F, 0xB2, 0xD6, 0x5B, 0x22, 0x4A, 0xB3, 0xFF, 0xF4, 0x0B, 0x50, 0x89, 0x16, 0x33,
        0xC5, 0xB0, 0xDF, 0xAF, 0xE5, 0xDB, 0x7E, 0x7C, 0x73, 0xFB, 0x95, 0x67, 0xC5, 0xCC, 0xE4, 0x1F,
        0xF6, 0xAB, 0x94, 0xD4, 0x5C, 0x54, 0xA8, 0x73, 0xCB, 0x34, 0x8F, 0x71, 0xB9, 0x87, 0x01, 0x8A,
        0x21, 0x85, 0x11, 0xA5, 0x41, 0xCD, 0x68, 0x42, 0x8B, 0xA2, 0xA8, 0x19, 0xA7, 0x86, 0xBF, 0xA6,
        0x8D, 0x91, 0x18, 0x21, 0x46, 0xE1, 0xB0, 0xFF, 0x0C, 0xB7, 0xAE, 0x1D, 0x01, 0x5F, 0x5F, 0x71,
        0xFA, 0x44, 0x04, 0x33, 0x2C, 0xF5, 0xB9, 0xF4, 0xDE, 0x94, 0x8B, 0x5B, 0x23, 0x0A, 0x2B, 0x6F,
        0xF4, 0x00, 0x53, 0xD9, 0x72, 0xA1, 0x98, 0xD2, 0x16, 0x63, 0xCC, 0x0B, 0x79, 0xB4, 0x42, 0xAF,
        0x2A, 0x68, 0xB2, 0x50, 0xEB, 0xB8, 0x0B, 0xBF, 0x76, 0x11, 0xD1, 0xC2, 0x30, 0x20, 0xD8, 0x98,
        0x3A, 0x44, 0x72, 0x86, 0x94, 0x21, 0x65, 0xE3, 0x54, 0xF3, 0x06, 0x6F, 0x6F, 0xBF, 0xC3, 0xAD,
        0xEB, 0x47, 0xB9, 0x76, 0xDD, 0x11, 0x65, 0x4A, 0xB2, 0xCC, 0x64, 0xC7, 0xD8, 0xDA, 0x9C, 0xB0,
        0xB5, 0x79, 0x89, 0x0B, 0xDB, 0xE7, 0x51, 0x0D, 0xF8, 0x42, 0xA8, 0x7A, 0xD6, 0x78, 0x80, 0x86,
        0x9D, 0xDD, 0x30, 0xB5, 0x32, 0x66, 0xCB, 0x9D, 0xC4, 0xF7, 0x47, 0x88, 0x39, 0xAA, 0x7C, 0x03,
        0x3E, 0x1E, 0x46, 0xE3, 0x0A, 0xE7, 0x27, 0xE7, 0x78, 0xFD, 0xED, 0x13, 0xBC, 0xBE, 0xF1, 0x5F,
        0x92, 0xDF, 0xE4, 0xF3, 0xC7, 0x96, 0xC9, 0x0A, 0x29, 0xED, 0xED, 0x18, 0x6B, 0x5E, 0xDE, 0x78,
        0x95, 0x6B, 0x36, 0x0F, 0xE3, 0x9A, 0x9A, 0x77, 0xCF, 0x9E, 0x61, 0x5C, 0x6F, 0x23, 0x18, 0x22,
        0x74, 0x1B, 0x10, 0xD7, 0x69, 0x60, 0x06, 0x30, 0x22, 0x13, 0x89, 0x34, 0x04, 0x1A, 0x12, 0x01,
        0x08, 0xB4, 0xB2, 0xC3, 0x85, 0xE2, 0x14, 0xAD, 0x34, 0xE4, 0x38, 0xE4, 0x27, 0x4F, 0xBD, 0x89,
        0xA2, 0x38, 0x81, 0x3B, 0xEE, 0x58, 0x23, 0x44, 0xC8, 0xB9, 0xDB, 0x8B, 0x10, 0x39, 0xC3, 0xF6,
        0x78, 0xC2, 0xBB, 0x27, 0xDE, 0xC0, 0xD0, 0x3D, 0xA7, 0x0B, 0x00, 0xFD, 0xFE, 0x02, 0x40, 0xCD,
        0x08, 0x25, 0x91, 0x68, 0x09, 0xD4, 0x33, 0x80, 0x86, 0x64, 0x81, 0x64, 0x11, 0x35, 0x63, 0x92,
        0x47, 0x28, 0x0A, 0x80, 0x1A, 0x0C, 0x96, 0x4A, 0x42, 0x0B, 0xAA, 0xEC, 0xA5, 0x21, 0x41, 0x8A,
        0xDD, 0x93, 0x90, 0x69, 0xE3, 0xD5, 0x9D, 0x23, 0xE0, 0xE4, 0x2A, 0x00, 0x99, 0x38, 0x13, 0x4E,
        0xC2, 0xAC, 0x03, 0xC9, 0x96, 0x31, 0xED, 0x1C, 0x2D, 0xAE, 0xAA, 0xF2, 0xB4, 0xA1, 0xFB, 0x5E,
        0x15, 0x72, 0xEA, 0x20, 0xF2, 0x3C, 0x12, 0x75, 0x24, 0xA4, 0x2B, 0x9D, 0xCF, 0xDF, 0x7D, 0x01,
        0x66, 0x33, 0x80, 0x51, 0xBD, 0xD3, 0xF8, 0x2A, 0x56, 0x59, 0x12, 0x99, 0x96, 0x60, 0x86, 0xD2,
        0x10, 0x2D, 0xA0, 0x6A, 0x64, 0x05, 0xBB, 0x0C, 0xA0, 0xD7, 0xF3, 0x84, 0x05, 0x00, 0xCD, 0x7B,
        0x00, 0x31, 0x41, 0x9E, 0x46, 0x42, 0xBC, 0xBA, 0xF3, 0xD2, 0x0B, 0xA6, 0x16, 0x92, 0x58, 0xF2,
        0x00, 0xD2, 0xAF, 0xAB, 0xF1, 0x04, 0xB2, 0x65, 0x42, 0x31, 0x26, 0x99, 0xC7, 0xAC, 0x25, 0xE7,
        0xCE, 0xB9, 0x5E, 0x16, 0x01, 0x5F, 0x38, 0xB6, 0x47, 0x81, 0xA5, 0xA5, 0xDE, 0x6E, 0x74, 0xB2,
        0xEE, 0x69, 0x21, 0x27, 0xA1, 0x9E, 0xB6, 0xC4, 0xB4, 0x3F, 0xEC, 0xF3, 0xF7, 0x5E, 0x59, 0xA0,
        0xDA, 0xEB, 0x89, 0x4C, 0xBD, 0x07, 0x98, 0xC8, 0x16, 0xBA, 0x64, 0x98, 0x65, 0x8A, 0x54, 0xB1,
        0x73, 0xB1, 0x87, 0x4B, 0x03, 0xAC, 0x1C, 0x53, 0x78, 0xD7, 0x09, 0x6D, 0x01, 0x20, 0x65, 0xE5,
        0xC5, 0xE7, 0xCF, 0x71, 0xE4, 0xE8, 0x1A, 0xD7, 0x7F, 0x62, 0x15, 0x5B, 0x00, 0xC8, 0x19, 0x4A,
        0xA9, 0x78, 0x6F, 0xB4, 0x75, 0x65, 0x0A, 0x66, 0x00, 0x85, 0xCB, 0x64, 0x9B, 0x22, 0xF3, 0x14,
        0xB4, 0x5A, 0x63, 0x80, 0x99, 0xA1, 0x12, 0x90, 0x6A, 0x80, 0x5F, 0x6A, 0x48, 0xF5, 0x1A, 0xE3,
        0x71, 0x20, 0xE5, 0x4C, 0xCA, 0x11, 0xCB, 0x86, 0xD5, 0x46, 0x7F, 0xBD, 0x4F, 0xF5, 0xC9, 0x8A,
        0xF1, 0x7A, 0x8F, 0xD3, 0x4D, 0xE4, 0x00, 0x1E, 0x54, 0x76, 0x01, 0x9C, 0x38, 0x76, 0xEA, 0x9A,
        0x79, 0x8F, 0x9F, 0x3B, 0x76, 0x0E, 0xD6, 0x96, 0x85, 0xE5, 0x41, 0x07, 0x2C, 0x73, 0x11, 0xC6,
        0x6C, 0x40, 0x27, 0x0A, 0x9B, 0x9D, 0xC4, 0x25, 0xC3, 0x8A, 0x1D, 0x7A, 0x43, 0xF0, 0xD9, 0x33,
        0xBA, 0xB8, 0xCC, 0x9D, 0xB7, 0xDF, 0xC2, 0x68, 0x3D, 0x13, 0x34, 0x52, 0x4A, 0x49, 0x6F, 0xF6,
        0x57, 0x48, 0x1F, 0x42, 0x4D, 0x13, 0x26, 0xE4, 0x0C, 0x96, 0xD3, 0xBE, 0xFC, 0xF7, 0xBD, 0x70,
        0x70, 0x19, 0xD6, 0x86, 0xC6, 0x60, 0xD8, 0xF5, 0x83, 0x79, 0x4A, 0x3D, 0xCC, 0xCA, 0x66, 0x0E,
        0x60, 0x5D, 0x57, 0x93, 0xBC, 0x27, 0xAE, 0xAC, 0x09, 0x29, 0x02, 0xB7, 0xDF, 0xB9, 0x8C, 0x78,
        0xA5, 0xD6, 0x43, 0xB4, 0xAC, 0x20, 0x0C, 0x19, 0xC8, 0x80, 0x21, 0x43, 0xCA, 0xEC, 0x79, 0xED,
        0xCD, 0x17, 0x39, 0xB3, 0xBD, 0x4D, 0x8A, 0x11, 0x33, 0x58, 0xF2, 0xC2, 0x81, 0x81, 0xB1, 0xBA,
        0x62, 0x14, 0x7D, 0xD0, 0x68, 0x64, 0x95, 0xAE, 0x04, 0x67, 0xFB, 0xAA, 0x00, 0x39, 0x83, 0xA4,
        0x05, 0x85, 0xCF, 0x40, 0x00, 0x8C, 0x06, 0xC9, 0x0D, 0x3E, 0x6F, 0x52, 0xB8, 0x35, 0x7A, 0xE5,
        0x0D, 0x9C, 0x3F, 0x73, 0x86, 0x13, 0xA7, 0x5E, 0x21, 0x4E, 0x1B, 0x74, 0x22, 0x14, 0xD5, 0x32,
        0x37, 0x38, 0x63, 0xB0, 0x62, 0x94, 0x43, 0xC1, 0x8A, 0x85, 0x72, 0x55, 0x30, 0x01, 0x73, 0xEC,
        0x69, 0xC0, 0xD7, 0xD7, 0x4C, 0xA3, 0xB5, 0xC3, 0xE4, 0xC7, 0xD8, 0x1C, 0x28, 0x75, 0xE9, 0x50,
        0xDB, 0x6B, 0x36, 0x26, 0x86, 0xD2, 0xC1, 0x68, 0x86, 0x18, 0x2F, 0x31, 0x99, 0x5E, 0xE2, 0xE4,
        0xDB, 0x17, 0x69, 0xEB, 0x06, 0x14, 0x34, 0x29, 0x12, 0x47, 0x14, 0xCB, 0x20, 0x95, 0xA0, 0xDD,
        0x44, 0xEB, 0x9C, 0xCE, 0x0F, 0x63, 0x42, 0xE9, 0x87, 0xAA, 0x4C, 0xBA, 0x32, 0x1C, 0xCB, 0x85,
        0x61, 0x29, 0x03, 0x8A, 0xE6, 0x1A, 0xB2, 0x1A, 0x39, 0xD6, 0x48, 0xAF, 0xFB, 0xF1, 0x6E, 0x99,
        0xE5, 0xCE, 0x88, 0xDA, 0x3C, 0x2D, 0x7B, 0xAA, 0x37, 0x93, 0x5D, 0x51, 0xC9, 0x92, 0x40, 0x1F,
        0x2C, 0xDA, 0xDE, 0x69, 0xE9, 0x3A, 0x9F, 0xA5, 0x12, 0xB1, 0x01, 0xCE, 0x2B, 0x49, 0x27, 0x0E,
        0xF0, 0xBB, 0x29, 0x48, 0xD4, 0x98, 0xD4, 0x98, 0x03, 0x2F, 0x87, 0xD0, 0x69, 0x49, 0xD4, 0x88,
        0xBA, 0x29, 0x88, 0x90, 0x32, 0x14, 0x62, 0x57, 0x00, 0x68, 0x86, 0x64, 0x9D, 0x33, 0xE7, 0xC0,
        0xF9, 0x19, 0xF8, 0x2C, 0x72, 0x26, 0xE0, 0xAC, 0xC2, 0xF9, 0x12, 0x2D, 0x23, 0x21, 0xEF, 0xE0,
        0xB4, 0x1B, 0x46, 0x72, 0xB9, 0x08, 0x99, 0x69, 0xA0, 0xC9, 0x3B, 0xB8, 0xB2, 0x45, 0xC4, 0xA3,
        0x61, 0x99, 0x94, 0x94, 0x66, 0x32, 0xA1, 0x1A, 0x70, 0x55, 0x80, 0xBC, 0xD0, 0xA8, 0x4C, 0x66,
        0x3B, 0x41, 0x55, 0x2D, 0x53, 0x38, 0x87, 0xBA, 0x86, 0x26, 0xED, 0x60, 0xD1, 0x28, 0x2B, 0xE9,
        0xA0, 0xB8, 0x0A, 0x80, 0x59, 0x07, 0x91, 0x13, 0xA8, 0x80, 0x59, 0x42, 0x49, 0x98, 0x83, 0xB2,
        0x5F, 0x11, 0xDB, 0x1E, 0x19, 0x25, 0x5B, 0x83, 0x38, 0xB7, 0x9B, 0x82, 0x3C, 0x6F, 0xD7, 0x80,
        0x53, 0x61, 0x30, 0x58, 0x81, 0x0A, 0x9A, 0x3C, 0x46, 0x72, 0x37, 0x3D, 0x9D, 0xCC, 0x04, 0xBE,
        0x90, 0x96, 0xFD, 0x00, 0xC6, 0xAC, 0x19, 0x41, 0xCE, 0x5D, 0xAD, 0xCE, 0xAB, 0x42, 0x15, 0x42,
        0x68, 0x28, 0x0A, 0x01, 0x89, 0x14, 0x79, 0x85, 0xD8, 0x64, 0x42, 0x68, 0xC1, 0x2B, 0x49, 0x0D,
        0xC9, 0x25, 0x55, 0x6F, 0x88, 0x78, 0x65, 0xDC, 0x8E, 0x20, 0x1A, 0xBE, 0x2F, 0x9D, 0x1D, 0xB7,
        0x27, 0x42, 0xA7, 0x80, 0xDB, 0x9B, 0x2D, 0x4E, 0x44, 0x56, 0x47, 0xE7, 0xDA, 0xFF, 0xA4, 0xDD,
        0x3E, 0xBE, 0xF7, 0x5C, 0x7C, 0xDF, 0x1B, 0xB7, 0x46, 0x48, 0x13, 0x92, 0x34, 0xF8, 0xAA, 0x87,
        0xA4, 0x21, 0x95, 0x5B, 0xC6, 0xF5, 0x4B, 0x76, 0x9A, 0x4B, 0xEC, 0x4C, 0x76, 0xBA, 0xF4, 0x28,
        0xFB, 0xE6, 0x48, 0x5E, 0x9C, 0x19, 0x0A, 0xA9, 0xB5, 0xF7, 0x46, 0x6F, 0x3A, 0x5F, 0x98, 0x59,
        0xF8, 0xC6, 0x91, 0xC7, 0x7F, 0xC9, 0x7A, 0x7A, 0xCD, 0x2F, 0x15, 0xD7, 0xFB, 0x65, 0x7F, 0xA3,
        0xE6, 0x42, 0x4C, 0x74, 0xA1, 0x11, 0x41, 0x0A, 0x06, 0x78, 0xB2, 0xE5, 0x5D, 0x63, 0x29, 0x65,
        0x92, 0x26, 0xCE, 0x5E, 0xBC, 0x48, 0x3B, 0x69, 0x30, 0x16, 0xB4, 0x94, 0x81, 0x62, 0x3E, 0x89,
        0xBA, 0xA5, 0x09, 0x2C, 0x33, 0x9D, 0xBE, 0x91, 0x7F, 0xBE, 0xF1, 0xB3, 0xFA, 0x91, 0xAD, 0xDF,
        0xB6, 0xEF, 0xEE, 0xFB, 0xB7, 0x5C, 0x44, 0x86, 0x9F, 0xFA, 0xD6, 0xF2, 0xBD, 0x37, 0x3D, 0x70,
        0xED, 0x63, 0x2B, 0x9F, 0x2E, 0x1F, 0x74, 0xDE, 0xF5, 0xE6, 0x8A, 0x0E, 0xB5, 0xE2, 0x7D, 0x45,
        0x26, 0xEC, 0x6B, 0x4E, 0x59, 0xE1, 0xC4, 0xC6, 0x79, 0xF2, 0x28, 0xE0, 0x66, 0xAD, 0xD7, 0x09,
        0x90, 0x66, 0x29, 0x70, 0xDD, 0x67, 0x49, 0xD6, 0xB4, 0x6F, 0xA5, 0xDF, 0x5C, 0xFC, 0x53, 0x78,
        0xB2, 0x7D, 0xDD, 0xFE, 0x6D, 0x66, 0xE9, 0x7D, 0x2F, 0x26, 0x22, 0xD2, 0x5B, 0xBF, 0xAF, 0x77,
        0xD7, 0xCD, 0x5F, 0x3B, 0xF4, 0xE8, 0xEA, 0xD1, 0xE1, 0x43, 0x45, 0xE5, 0x57, 0x63, 0xA3, 0x14,
        0xBE, 0x4F, 0xB6, 0xB8, 0x6F, 0x04, 0x6B, 0x86, 0x13, 0xA7, 0xCF, 0x92, 0x47, 0xA9, 0x2B, 0xC3,
        0x39, 0x40, 0x34, 0x8A, 0xBE, 0x20, 0xD9, 0x42, 0xDC, 0xC8, 0x4F, 0xEF, 0xFC, 0xB9, 0x7D, 0xB2,
        0xFD, 0xA7, 0xBD, 0x32, 0x77, 0xFC, 0xA1, 0x6E, 0x46, 0x22, 0xE2, 0xCB, 0x23, 0x1C, 0xB9, 0xF5,
        0xBB, 0xD7, 0x7F, 0x7B, 0x70, 0x73, 0xFF, 0x9B, 0x4B, 0xD7, 0xAD, 0xDE, 0x98, 0x2D, 0x5E, 0x11,
        0x81, 0x93, 0x67, 0x4E, 0xA3, 0x23, 0xDD, 0x3D, 0xAD, 0x13, 0x20, 0x58, 0xD2, 0xB3, 0xF9, 0x8F,
        0xD3, 0x67, 0xC3, 0x13, 0xE1, 0x15, 0x7D, 0xC9, 0xCC, 0xC2, 0x47, 0xBE, 0x9A, 0x2D, 0x80, 0x38,
        0x7A, 0x5C, 0x77, 0xCB, 0xE3, 0x87, 0xBF, 0xBE, 0x74, 0xDB, 0xE0, 0x3B, 0xFD, 0xEB, 0xAA, 0xDB,
        0x17, 0xE7, 0xC4, 0xC9, 0xF3, 0x1B, 0x30, 0xDA, 0x35, 0x98, 0xF4, 0x74, 0x7E, 0x26, 0x1C, 0x0F,
        0x4F, 0xC6, 0x17, 0xF5, 0xB8, 0x99, 0x35, 0x1F, 0x68, 0xFB, 0xA3, 0x5C, 0x4E, 0x67, 0x30, 0x07,
        0x0E, 0x3E, 0xBC, 0xFA, 0xE0, 0xFA, 0x17, 0x0E, 0x3C, 0x56, 0xDD, 0x54, 0x1D, 0x43, 0x9C, 0x3B,
        0x75, 0xE1, 0x1D, 0x64, 0x5B, 0x34, 0x9D, 0x4E, 0x7F, 0x8B, 0x7F, 0x8F, 0x4F, 0xE4, 0x17, 0xF2,
        0xB3, 0xFF, 0xCF, 0xF1, 0xC7, 0x06, 0x58, 0x14, 0xEC, 0xF0, 0xCB, 0xC3, 0x7B, 0x0E, 0x3E, 0xB0,
        0xFE, 0xE8, 0xF9, 0xED, 0xCD, 0xD5, 0x7C, 0x3C, 0xFF, 0x34, 0x1F, 0xCF, 0x7F, 0x31, 0xB3, 0xE9,
        0x47, 0xB2, 0xF3, 0x71, 0x01, 0x16, 0x75, 0x02, 0xF8, 0x0F, 0x7B, 0xE2, 0xCB, 0xD7, 0xFF, 0x00,
        0x3A, 0xE0, 0x8B, 0x37, 0x62, 0x0D, 0xC6, 0x24, 0x00, 0x00, 0x00, 0x00, 0x49, 0x45, 0x4E, 0x44,
        0xAE, 0x42, 0x60, 0x82,
    };

    static const unsigned char kBrowsingHistoryView[] =
    {
        0x89, 0x50, 0x4E, 0x47, 0x0D, 0x0A, 0x1A, 0x0A, 0x00, 0x00, 0x00, 0x0D, 0x49, 0x48, 0x44, 0x52,
        0x00, 0x00, 0x00, 0x20, 0x00, 0x00, 0x00, 0x20, 0x08, 0x06, 0x00, 0x00, 0x00, 0x73, 0x7A, 0x7A,
        0xF4, 0x00, 0x00, 0x0B, 0xCF, 0x49, 0x44, 0x41, 0x54, 0x78, 0xDA, 0xB5, 0x97, 0x69, 0x70, 0x95,
        0x55, 0x9E, 0xC6, 0x7F, 0xEF, 0x7A, 0xF7, 0x7B, 0xB3, 0xDC, 0x2C, 0x90, 0x3D, 0xAC, 0x81, 0x18,
        0x08, 0x10, 0xB6, 0xC8, 0x22, 0x48, 0x43, 0xB7, 0x28, 0x36, 0x3A, 0xAD, 0x58, 0x0E, 0x96, 0x4E,
        0xEB, 0x28, 0xD5, 0x3D, 0x35, 0x33, 0xDD, 0xB6, 0x36, 0x35, 0x33, 0x55, 0xDA, 0xD3, 0xED, 0x8C,
        0xED, 0x54, 0x97, 0x4E, 0x97, 0x36, 0xE2, 0xEE, 0x28, 0x28, 0x28, 0x03, 0x2A, 0xA2, 0x16, 0x18,
        0x68, 0x15, 0x35, 0x04, 0x48, 0x20, 0x81, 0x2C, 0x90, 0x84, 0x10, 0x72, 0x6F, 0x6E, 0xB6, 0x9B,
        0x7B, 0x73, 0xB7, 0x77, 0x39, 0xF3, 0x81, 0x65, 0x28, 0xCB, 0x99, 0x0F, 0x53, 0x35, 0xA7, 0xEA,
        0x54, 0x9D, 0xF7, 0xD4, 0x59, 0x7E, 0xFF, 0x73, 0xFE, 0xCF, 0x73, 0xEA, 0x95, 0x00, 0x3A, 0xEE,
        0x0B, 0xEE, 0x06, 0x9E, 0x9A, 0xFE, 0xFA, 0x50, 0xD3, 0xFC, 0x87, 0xB6, 0x2D, 0x28, 0xEE, 0x39,
        0xFE, 0xE0, 0x24, 0x6F, 0x7C, 0x79, 0x63, 0x70, 0x79, 0x3E, 0x80, 0x69, 0x98, 0x3D, 0x66, 0xC6,
        0xE8, 0x45, 0xB0, 0xA7, 0xF5, 0xED, 0xBF, 0x7D, 0x93, 0xFF, 0x43, 0x31, 0xCE, 0x3F, 0xB6, 0x36,
        0x1D, 0x6E, 0x7A, 0xD0, 0x18, 0x0F, 0x55, 0xA7, 0x32, 0x96, 0x03, 0x9B, 0xDD, 0x59, 0x45, 0xA5,
        0xDB, 0xA4, 0x2B, 0x00, 0x02, 0xE0, 0xD7, 0x17, 0x6E, 0xF9, 0x5D, 0x2C, 0x50, 0x70, 0xF7, 0x1F,
        0x03, 0xAF, 0x54, 0x36, 0x9F, 0x8E, 0x11, 0xDB, 0x3D, 0x0C, 0x40, 0x68, 0x68, 0x9C, 0x3F, 0x1F,
        0x6A, 0xA3, 0xAB, 0xA3, 0x9F, 0x05, 0xDD, 0x7B, 0x3F, 0xDD, 0xEC, 0xDB, 0xFF, 0xE4, 0x0F, 0xF7,
        0xA6, 0xBE, 0xFC, 0x9F, 0x36, 0x73, 0x6D, 0xDD, 0x7F, 0x6F, 0x9E, 0x27, 0xE7, 0x21, 0xA5, 0xA4,
        0xB8, 0x36, 0x27, 0x20, 0xAC, 0xA7, 0xA6, 0x3D, 0x7C, 0x72, 0xF9, 0xC4, 0x68, 0xCD, 0xFB, 0xCD,
        0x3E, 0x71, 0xE0, 0xD3, 0xE3, 0x2D, 0x4A, 0x74, 0x24, 0x3C, 0xBD, 0x3C, 0x50, 0x78, 0xFF, 0x86,
        0xCA, 0xE3, 0xEA, 0x53, 0x0E, 0xF9, 0x5E, 0x80, 0xEC, 0x4A, 0x9B, 0xA7, 0xF8, 0x68, 0xEB, 0xD5,
        0x76, 0xE6, 0xB8, 0x45, 0x64, 0xC2, 0x44, 0x12, 0x82, 0x34, 0x2A, 0x9E, 0x49, 0xF9, 0x38, 0x4E,
        0xB7, 0xB1, 0x75, 0x73, 0xEC, 0x07, 0xE7, 0x3F, 0xF6, 0x2F, 0x7F, 0xF5, 0xC5, 0x67, 0x86, 0x0A,
        0x8A, 0x2B, 0x8B, 0xBB, 0x7B, 0x7A, 0x38, 0x79, 0xF2, 0x24, 0x6D, 0xAD, 0x6D, 0x8B, 0xBE, 0x74,
        0xDC, 0x71, 0x81, 0x45, 0x75, 0x4F, 0x4E, 0xAB, 0xAF, 0xBF, 0x6F, 0xEE, 0x24, 0xA1, 0xD7, 0xB9,
        0xBF, 0xE0, 0x67, 0xEA, 0x07, 0x60, 0xC8, 0x2B, 0x7E, 0xF1, 0x96, 0x1B, 0x29, 0xA7, 0x9C, 0xC1,
        0xA2, 0x3B, 0x57, 0x1E, 0x78, 0xF7, 0x41, 0x09, 0x46, 0xA8, 0xAA, 0xF4, 0xBE, 0xA7, 0xBA, 0x7D,
        0xCA, 0x4A, 0x39, 0xA0, 0x00, 0x36, 0x79, 0xB5, 0x01, 0x92, 0xB1, 0x09, 0xB0, 0x33, 0xA4, 0xD2,
        0x36, 0xC1, 0x8D, 0x39, 0xBC, 0x78, 0x0E, 0x96, 0x1F, 0x0D, 0x23, 0xF9, 0x9C, 0xA0, 0x6A, 0x98,
        0xE5, 0x65, 0xCC, 0xBD, 0xCB, 0x74, 0x36, 0xC6, 0x1D, 0x93, 0x83, 0xC1, 0x20, 0x91, 0x48, 0x04,
        0x84, 0x00, 0x70, 0xB3, 0xA8, 0xEE, 0xC9, 0xB9, 0x37, 0xD6, 0xDF, 0x5F, 0x9D, 0x8F, 0x7A, 0xAF,
        0xF8, 0x0D, 0x6B, 0xAC, 0x23, 0x34, 0xB4, 0xF4, 0xF1, 0xCE, 0xC7, 0x15, 0x78, 0xAA, 0x57, 0x11,
        0x5F, 0xF3, 0x6B, 0xE6, 0xA8, 0x30, 0xA4, 0x16, 0x89, 0xE8, 0xF8, 0xEE, 0x87, 0x3E, 0x38, 0xF2,
        0x5A, 0x97, 0xEA, 0xF1, 0x4B, 0xF3, 0x35, 0xAF, 0x6C, 0xAB, 0x81, 0x6C, 0xD9, 0xCC, 0xD8, 0x58,
        0x09, 0x19, 0x59, 0x82, 0x65, 0x4B, 0x72, 0x00, 0x38, 0x36, 0x34, 0x42, 0x38, 0x66, 0x62, 0x28,
        0x1A, 0x19, 0xC5, 0xC9, 0x81, 0x53, 0x01, 0xFE, 0x66, 0x75, 0x01, 0x81, 0xB7, 0x5F, 0x92, 0x1B,
        0x22, 0x77, 0x8B, 0xDE, 0xDE, 0x1E, 0x69, 0x74, 0x6C, 0xEC, 0xB5, 0x96, 0x85, 0x5B, 0xA6, 0xEA,
        0x0B, 0xEA, 0xEF, 0x29, 0xCD, 0x45, 0x7D, 0x3C, 0xFB, 0xEF, 0xA8, 0x4A, 0x7C, 0xC3, 0x1B, 0x9F,
        0x0F, 0xF0, 0xEE, 0xEB, 0x8A, 0x70, 0x57, 0xBA, 0x3F, 0x6E, 0xC8, 0xBA, 0xEF, 0x47, 0x85, 0xBD,
        0x82, 0xA2, 0xC9, 0x30, 0xFD, 0xD6, 0x75, 0x9C, 0xDF, 0x93, 0x7E, 0xF1, 0x95, 0x60, 0x64, 0x99,
        0x72, 0x4F, 0xA5, 0xFA, 0xE4, 0xD4, 0x5A, 0x87, 0x57, 0xD5, 0x74, 0xEC, 0x78, 0x14, 0x23, 0xAE,
        0x60, 0x59, 0x41, 0xB2, 0x56, 0x6C, 0x62, 0x5F, 0x8B, 0x49, 0xD7, 0xE3, 0xFB, 0x88, 0x19, 0x0E,
        0x46, 0x42, 0x13, 0xC4, 0xC2, 0x61, 0xB4, 0xC1, 0x4E, 0x2E, 0xF6, 0xA5, 0xB8, 0x20, 0x4D, 0x23,
        0x61, 0xEA, 0xD2, 0xE8, 0xE8, 0x28, 0xBA, 0xEE, 0xA8, 0xF0, 0x4F, 0x0C, 0xAE, 0x29, 0xD4, 0x12,
        0xFE, 0xA7, 0x67, 0xBE, 0xC1, 0xAC, 0xC4, 0x11, 0xBE, 0x68, 0xEA, 0xE2, 0xFD, 0x1D, 0x06, 0xF9,
        0x73, 0x6F, 0x6D, 0x10, 0xB2, 0xE3, 0xF6, 0xE4, 0xD9, 0xAF, 0x02, 0x1D, 0xD9, 0x37, 0x2F, 0x4C,
        0x24, 0x14, 0x72, 0x0B, 0x6C, 0x12, 0x56, 0x09, 0x83, 0x7F, 0xFA, 0x97, 0xA8, 0xEA, 0xF0, 0xD8,
        0x7E, 0x64, 0x0B, 0x80, 0x4C, 0x5A, 0x42, 0x99, 0x5D, 0x0A, 0x40, 0x9B, 0x69, 0xB2, 0xE4, 0x1F,
        0x9F, 0x45, 0x9C, 0x6C, 0xE5, 0xAD, 0xE1, 0x4A, 0xC4, 0xB9, 0x46, 0x56, 0x79, 0xFA, 0xD9, 0xB0,
        0x76, 0x23, 0xB3, 0x67, 0x57, 0x93, 0x4A, 0x26, 0x19, 0x8B, 0x46, 0x49, 0xA5, 0x52, 0x64, 0x8C,
        0x4C, 0xC0, 0x32, 0x2D, 0x3A, 0x3B, 0x3B, 0xD9, 0xB6, 0x2D, 0xCA, 0xAC, 0x1C, 0x89, 0x6D, 0x9F,
        0x96, 0x12, 0x2C, 0x9F, 0x1E, 0xF9, 0xC9, 0xDC, 0xC5, 0x37, 0x35, 0xB7, 0x9D, 0x09, 0x37, 0x9E,
        0x68, 0x3E, 0xE9, 0x76, 0x5F, 0xA4, 0x3B, 0x6F, 0x0A, 0x53, 0x5D, 0x40, 0x5A, 0x60, 0xC8, 0x9E,
        0x29, 0xAA, 0xEA, 0x32, 0x1C, 0xD8, 0xA0, 0xD8, 0xA3, 0x9C, 0x3C, 0x92, 0x60, 0xE8, 0xAD, 0x63,
        0x98, 0x0E, 0xC1, 0x44, 0x8D, 0x9B, 0x80, 0x5C, 0x47, 0x59, 0x5E, 0x16, 0x55, 0xA7, 0x3E, 0x63,
        0xFD, 0xDA, 0x1A, 0x56, 0xAC, 0xB8, 0x97, 0xAF, 0x8F, 0x7E, 0xCD, 0xEB, 0xAF, 0xBC, 0x4A, 0xFE,
        0xA4, 0x22, 0xF2, 0x27, 0x15, 0x03, 0x30, 0x1A, 0x09, 0x71, 0xA1, 0xA7, 0x9B, 0xEC, 0xDC, 0x6C,
        0x96, 0xDE, 0xB8, 0x8C, 0x9E, 0x9E, 0x52, 0x6E, 0x98, 0xD5, 0xCD, 0xCD, 0xEB, 0x37, 0xE4, 0x7D,
        0x74, 0x3A, 0x84, 0x57, 0x71, 0xF9, 0x94, 0x2D, 0xAF, 0x2F, 0x8B, 0x1A, 0x0A, 0x98, 0x03, 0x1C,
        0x4D, 0x79, 0x08, 0x1B, 0x1A, 0x08, 0xA1, 0x4B, 0xFB, 0xD7, 0x4A, 0xE3, 0x15, 0xD3, 0xFC, 0xBE,
        0xFC, 0x22, 0x95, 0x78, 0xD4, 0xA6, 0xF5, 0xC3, 0x31, 0xE2, 0x0E, 0x89, 0x07, 0x5D, 0x8F, 0x33,
        0xAD, 0x22, 0x9B, 0x87, 0x96, 0xBA, 0x99, 0xB7, 0x78, 0x29, 0x0E, 0xA7, 0x83, 0x9D, 0x6F, 0xEF,
        0x60, 0x51, 0xFD, 0x6A, 0x4C, 0xCD, 0x87, 0x61, 0x5A, 0xA4, 0xD2, 0x69, 0xCE, 0xF5, 0x76, 0x33,
        0x7B, 0xFA, 0x4C, 0x54, 0x45, 0xC6, 0xA3, 0xDA, 0x7C, 0x79, 0x68, 0x3F, 0xFE, 0xEC, 0x00, 0xC9,
        0x54, 0x8A, 0xA1, 0xE1, 0x28, 0xBB, 0xBB, 0x8A, 0x88, 0xC8, 0x3E, 0x0C, 0xA1, 0x82, 0x95, 0x82,
        0x78, 0x0C, 0x44, 0x1A, 0xCC, 0x0C, 0x52, 0xE7, 0xDE, 0x8F, 0x54, 0x39, 0xCD, 0xC1, 0x50, 0x57,
        0xE6, 0xF6, 0xFC, 0x22, 0x15, 0x6F, 0x40, 0x26, 0x58, 0xAA, 0x53, 0x20, 0x49, 0x7C, 0xEE, 0x7E,
        0x9E, 0x66, 0xAB, 0x84, 0x29, 0x73, 0xB6, 0x61, 0xDB, 0x36, 0x9F, 0x1F, 0x3A, 0xCC, 0x92, 0xD5,
        0xB7, 0xD3, 0x79, 0xA1, 0x9F, 0xDA, 0xAA, 0x02, 0x4A, 0x0A, 0xB3, 0x18, 0x1C, 0x8A, 0x70, 0xB2,
        0x39, 0xC4, 0xE2, 0x9A, 0x75, 0xC4, 0x27, 0x12, 0x6C, 0x7F, 0x67, 0x2F, 0xAB, 0x57, 0x6F, 0x60,
        0xB0, 0xBB, 0x95, 0xBE, 0x8B, 0x3D, 0x38, 0x1D, 0x0A, 0x37, 0xBA, 0x8E, 0xB6, 0x0A, 0x21, 0xEA,
        0x76, 0xED, 0xDC, 0x91, 0xFC, 0xAE, 0x5F, 0x08, 0x40, 0x36, 0x61, 0x57, 0x74, 0x34, 0x9D, 0x1C,
        0xE8, 0xC8, 0x00, 0x50, 0x3A, 0xDF, 0x87, 0xB7, 0xC0, 0x43, 0x24, 0x61, 0x13, 0x5B, 0xFC, 0x53,
        0x4A, 0x4B, 0x4B, 0x38, 0x7C, 0xF8, 0xCF, 0x94, 0x56, 0x2D, 0x22, 0x6D, 0x0A, 0x2E, 0xF6, 0x9F,
        0xA7, 0xA4, 0xD0, 0x8F, 0xA6, 0x48, 0xD8, 0x42, 0xE0, 0x70, 0x39, 0x71, 0xA8, 0x97, 0x65, 0x7C,
        0xE7, 0xBA, 0x95, 0xCC, 0xAB, 0x2A, 0x26, 0xB7, 0xAC, 0x8A, 0xC9, 0x93, 0x4A, 0xD0, 0x14, 0x15,
        0x7F, 0xC0, 0x3F, 0xDB, 0xB4, 0x78, 0x94, 0x1F, 0x3C, 0xF6, 0x98, 0xF6, 0x3B, 0x21, 0xE6, 0x1E,
        0x10, 0xC2, 0xFD, 0xB2, 0x10, 0xF2, 0x0E, 0x21, 0xA6, 0x2E, 0xBD, 0xA7, 0x5D, 0xB5, 0x1D, 0xE2,
        0x3F, 0x65, 0x8B, 0x47, 0x43, 0x3D, 0xC6, 0xDC, 0xAC, 0x02, 0x05, 0xDD, 0xA9, 0xE0, 0xCE, 0x53,
        0x68, 0x97, 0xAA, 0xF9, 0x8B, 0x4D, 0x9B, 0xD8, 0xF5, 0xCE, 0xBB, 0x54, 0xD7, 0xAD, 0x24, 0x99,
        0xB1, 0x58, 0x52, 0x53, 0xCE, 0xD2, 0x39, 0x15, 0x48, 0x00, 0x12, 0x18, 0x86, 0xC1, 0x78, 0x3C,
        0x81, 0x40, 0x90, 0xED, 0xF7, 0x93, 0xED, 0xF7, 0x21, 0x04, 0x94, 0x15, 0x78, 0x19, 0x19, 0x9D,
        0x8C, 0xD9, 0x75, 0x16, 0xAF, 0xD7, 0xC7, 0xD0, 0x44, 0xE6, 0x89, 0x2D, 0x8F, 0x3E, 0x49, 0x4B,
        0x12, 0xBE, 0xE8, 0x89, 0x51, 0x90, 0xE5, 0x23, 0xF1, 0xEC, 0x13, 0x56, 0xBE, 0x1A, 0x5B, 0x2B,
        0xDF, 0xF6, 0x09, 0x89, 0x94, 0x2E, 0x1E, 0x0E, 0xA5, 0xD3, 0x83, 0x67, 0xBF, 0x4D, 0x32, 0x16,
        0x31, 0x51, 0x15, 0x83, 0xCC, 0xB4, 0x55, 0x24, 0x93, 0x49, 0x02, 0x59, 0x41, 0x5A, 0xDA, 0xBB,
        0x48, 0x26, 0x22, 0x57, 0xCE, 0x4D, 0x60, 0x0B, 0x81, 0x6D, 0xDB, 0x9C, 0x39, 0xD7, 0x43, 0xCB,
        0xD9, 0x0E, 0x2C, 0xCB, 0xC6, 0xB2, 0x2D, 0x2C, 0xDB, 0xC6, 0xB6, 0x6D, 0xBA, 0x2F, 0x5E, 0x62,
        0x46, 0x79, 0x01, 0x4B, 0x96, 0xAF, 0x41, 0x08, 0x81, 0x5B, 0xB2, 0x68, 0x39, 0xD5, 0xC8, 0x37,
        0x23, 0x30, 0x2B, 0xDF, 0x47, 0x78, 0xFB, 0x53, 0xF6, 0x22, 0xAD, 0x75, 0xE3, 0x57, 0x47, 0x3E,
        0xE8, 0x91, 0xAE, 0xDE, 0xC7, 0x5F, 0x4E, 0x63, 0x73, 0x9D, 0x4F, 0x7A, 0xA6, 0xC2, 0x27, 0xE7,
        0xD9, 0xCE, 0x2C, 0xCC, 0x47, 0x5E, 0x46, 0x96, 0x65, 0x5C, 0x59, 0x93, 0x91, 0x54, 0x1D, 0xB7,
        0x6E, 0x53, 0x59, 0x52, 0x84, 0x10, 0x02, 0xC3, 0x34, 0xC9, 0x18, 0x06, 0x42, 0x08, 0x86, 0xC6,
        0xC6, 0x70, 0xB9, 0xDD, 0x24, 0x53, 0x69, 0xDC, 0x2E, 0x17, 0x8A, 0x2C, 0xE3, 0xD0, 0x54, 0x34,
        0x55, 0x25, 0x99, 0x32, 0xD8, 0xFE, 0xFC, 0x73, 0x8C, 0x8C, 0x8E, 0xD2, 0x16, 0xA8, 0xA6, 0xC9,
        0x28, 0x13, 0x9C, 0x3F, 0xDE, 0xEB, 0x0A, 0x77, 0xDC, 0x92, 0x3C, 0xBE, 0xAB, 0x0D, 0x40, 0xBD,
        0x0A, 0xF0, 0x66, 0x27, 0xE1, 0xAF, 0x14, 0x5E, 0xDB, 0x34, 0xD9, 0xDE, 0xEC, 0x2A, 0x77, 0xE7,
        0x2E, 0xCA, 0x0A, 0xA8, 0xE7, 0xBA, 0xCE, 0x51, 0x14, 0x28, 0xA6, 0xBA, 0x2C, 0x1F, 0x45, 0x91,
        0xB1, 0xAC, 0xCB, 0x51, 0x9A, 0x96, 0x45, 0x2C, 0x99, 0x62, 0x2C, 0x16, 0x67, 0x34, 0x3A, 0x4E,
        0x5E, 0x50, 0xC6, 0xE5, 0xD0, 0x91, 0x24, 0xD0, 0x35, 0x15, 0x5D, 0xD3, 0x70, 0xEA, 0x1A, 0x5E,
        0x97, 0x13, 0x19, 0x10, 0x08, 0x82, 0x7D, 0x4D, 0x67, 0xE9, 0x6D, 0xBA, 0x85, 0x63, 0x6F, 0x9D,
        0xBF, 0x3E, 0x1B, 0xD5, 0xEB, 0xDA, 0x27, 0xCE, 0x59, 0xE2, 0xD2, 0x3F, 0xF7, 0xF1, 0xF5, 0xB2,
        0xEC, 0xAC, 0xCD, 0xCB, 0x75, 0xE7, 0x86, 0xF1, 0xE8, 0x38, 0x81, 0x44, 0x8A, 0x37, 0xF7, 0x7C,
        0xC8, 0xE6, 0x8D, 0xEB, 0x31, 0xAD, 0xCB, 0xD2, 0x8B, 0x25, 0x53, 0x34, 0x7C, 0xD3, 0xC4, 0xD1,
        0xA6, 0x66, 0x46, 0x46, 0xC7, 0x58, 0x58, 0x7B, 0x03, 0xAA, 0xA2, 0xA0, 0x28, 0x32, 0x8A, 0x2C,
        0x23, 0xCB, 0x32, 0xF3, 0x67, 0xCD, 0x20, 0x99, 0xCE, 0x20, 0x49, 0x60, 0x59, 0x36, 0x7E, 0xCD,
        0x9E, 0xE0, 0xD8, 0x8E, 0xF3, 0xDF, 0x55, 0xC2, 0xF5, 0x00, 0x83, 0x57, 0xEA, 0xA9, 0xC2, 0x59,
        0xD5, 0xF2, 0x78, 0x6C, 0x7C, 0x83, 0xC3, 0xE9, 0x40, 0xD3, 0x55, 0x56, 0x2E, 0x5E, 0x80, 0x65,
        0x59, 0x24, 0x92, 0x49, 0x92, 0x69, 0x83, 0xB4, 0x69, 0x32, 0x63, 0x4A, 0x39, 0x86, 0x61, 0x72,
        0x71, 0x20, 0xC4, 0xB2, 0xBA, 0x79, 0xB8, 0x1C, 0x1A, 0xBA, 0xA2, 0xA2, 0xAA, 0x0A, 0x9A, 0xAA,
        0x91, 0x13, 0xF0, 0x61, 0x59, 0x16, 0x5F, 0x7D, 0x6A, 0x63, 0x18, 0x06, 0x12, 0xC4, 0xBF, 0xEF,
        0xE9, 0x56, 0xBF, 0xDB, 0xD1, 0x79, 0x53, 0x5D, 0x6D, 0x4F, 0x62, 0xF0, 0xD1, 0x0B, 0xE1, 0x10,
        0x1E, 0x8F, 0x07, 0x5D, 0x86, 0xB2, 0xA2, 0x49, 0x44, 0x63, 0xF1, 0xCB, 0xE6, 0x63, 0x1A, 0x00,
        0x14, 0x06, 0x73, 0x29, 0x5D, 0x55, 0x88, 0x53, 0x53, 0xD1, 0x64, 0x05, 0x45, 0x91, 0x50, 0x65,
        0x19, 0x87, 0xAA, 0xA1, 0x69, 0x2A, 0xB2, 0x2C, 0x93, 0x31, 0x4C, 0xD2, 0xE9, 0x34, 0xA6, 0x69,
        0xA2, 0xCA, 0xF2, 0xE8, 0xF7, 0x01, 0xC8, 0xD7, 0x7F, 0x9C, 0xB9, 0x61, 0xFA, 0xF3, 0x66, 0x22,
        0x73, 0xBC, 0x6C, 0x22, 0xBE, 0xB0, 0xAF, 0xB3, 0x93, 0x9C, 0xDC, 0x1C, 0x62, 0x23, 0x21, 0x12,
        0xC9, 0x14, 0xB6, 0x6D, 0x93, 0x31, 0x4D, 0x04, 0xA0, 0x2A, 0x0A, 0xBA, 0xA6, 0xE2, 0xD2, 0x75,
        0x9C, 0xAA, 0x86, 0xAA, 0xC8, 0x48, 0xB6, 0x40, 0xB2, 0x05, 0x88, 0xCB, 0x11, 0xBF, 0x77, 0xE0,
        0x20, 0xC3, 0x23, 0xC3, 0xC4, 0x93, 0x49, 0x84, 0x6D, 0xB1, 0x78, 0xE1, 0x82, 0x5B, 0xB7, 0x6E,
        0xDD, 0xFA, 0x52, 0x61, 0x61, 0x61, 0xF6, 0xF7, 0x02, 0x5C, 0x52, 0xF2, 0x9F, 0x17, 0xE3, 0xE9,
        0x47, 0x7C, 0xB2, 0x8E, 0xC7, 0x90, 0xC8, 0x6A, 0x6B, 0xC5, 0xB6, 0x05, 0x67, 0x5B, 0x8E, 0x13,
        0x8D, 0x27, 0xD9, 0xFE, 0xCE, 0x1E, 0x12, 0xE9, 0x34, 0xD2, 0x35, 0x00, 0x0D, 0x87, 0xA6, 0xA1,
        0xEB, 0x97, 0x13, 0xCE, 0xA1, 0xEB, 0x57, 0xF2, 0x40, 0x41, 0x96, 0x65, 0x2A, 0x8A, 0x27, 0xB3,
        0x73, 0xE7, 0x4E, 0xC6, 0x63, 0x31, 0x14, 0x59, 0x21, 0x1A, 0xB7, 0x95, 0x92, 0x92, 0xE2, 0xBF,
        0xBA, 0xFB, 0xEE, 0xBB, 0x0E, 0x64, 0x67, 0x67, 0xE7, 0x5E, 0xDD, 0x57, 0x01, 0x58, 0xF0, 0x5E,
        0x7D, 0xED, 0x59, 0x9F, 0xFD, 0xD2, 0xFA, 0x36, 0x05, 0x0B, 0x0B, 0x2B, 0x36, 0x41, 0x7E, 0x78,
        0x80, 0x43, 0xD9, 0x41, 0xCA, 0x2A, 0x2B, 0x18, 0x1D, 0x19, 0x61, 0xD9, 0xD2, 0xC5, 0x48, 0x8A,
        0x82, 0x22, 0xCB, 0xE8, 0xEA, 0xE5, 0xE8, 0x5D, 0x0E, 0x1D, 0x87, 0xAE, 0xA3, 0x28, 0xF2, 0x65,
        0x28, 0x87, 0x8E, 0xAE, 0x5F, 0xEE, 0x8B, 0x45, 0xC7, 0xF8, 0xF8, 0x93, 0x4F, 0x49, 0xA5, 0x52,
        0xCC, 0xA8, 0x59, 0xCE, 0xB4, 0xB2, 0x1A, 0x86, 0x23, 0x11, 0xDC, 0x6E, 0xB9, 0x48, 0x55, 0xB5,
        0xB2, 0xF6, 0xF6, 0xF6, 0xDD, 0xD7, 0x4E, 0x40, 0xCB, 0x88, 0x67, 0x1A, 0x6F, 0x2F, 0xA4, 0x31,
        0xD7, 0x42, 0x44, 0xC6, 0x71, 0x4E, 0x2A, 0xA6, 0xB6, 0xBD, 0x93, 0x40, 0xF9, 0x0C, 0xC6, 0xA2,
        0x51, 0x06, 0xFA, 0xFB, 0x08, 0xF7, 0xF7, 0xA3, 0x5C, 0xB9, 0xD7, 0x96, 0xB3, 0x1D, 0x28, 0xB2,
        0x82, 0xAA, 0xC8, 0x68, 0xAA, 0x8A, 0xA6, 0x69, 0x38, 0x5D, 0x4E, 0xBE, 0x3D, 0x75, 0x86, 0x7D,
        0x87, 0xBE, 0xA0, 0x7F, 0x20, 0xC4, 0xB6, 0xED, 0xDB, 0x19, 0x8B, 0x46, 0x71, 0x7A, 0x02, 0x64,
        0x5B, 0x4E, 0xB4, 0xD3, 0x0D, 0x5C, 0x90, 0xA6, 0xA2, 0x05, 0x8A, 0x28, 0x2D, 0x99, 0x7C, 0xD7,
        0xF4, 0xE9, 0x33, 0x6E, 0xBC, 0x06, 0x20, 0x59, 0x62, 0x55, 0xA1, 0xD7, 0xC7, 0x8E, 0x5B, 0x02,
        0xC4, 0x86, 0xC3, 0xE4, 0x37, 0x1C, 0xE4, 0x8E, 0x97, 0x3A, 0x38, 0xAB, 0xD6, 0xD2, 0x72, 0x3E,
        0x82, 0x25, 0x6C, 0xDA, 0x4E, 0x9D, 0xA4, 0xF1, 0xF0, 0x61, 0x32, 0xE9, 0x34, 0xB2, 0x2C, 0x23,
        0xC9, 0x12, 0xD1, 0x58, 0x9C, 0x77, 0xF7, 0x7F, 0x86, 0xAA, 0x28, 0xA8, 0x8A, 0x42, 0xFD, 0xBC,
        0x1A, 0xBC, 0x8A, 0xE0, 0x5F, 0x9F, 0x7E, 0x9A, 0x50, 0x38, 0x8C, 0x43, 0xD3, 0x59, 0x58, 0x3E,
        0x93, 0xAA, 0x13, 0x2F, 0xB3, 0x5F, 0x9A, 0x4D, 0x5A, 0xF1, 0x62, 0xFB, 0xCB, 0xA8, 0x9A, 0x39,
        0x93, 0x29, 0x53, 0x2A, 0x7E, 0x7C, 0x4D, 0x05, 0x92, 0x00, 0x35, 0x63, 0xD3, 0xBF, 0x2E, 0x8F,
        0x63, 0xE1, 0x75, 0xF4, 0x74, 0x59, 0x0C, 0x85, 0xC7, 0xD0, 0xB2, 0x74, 0x44, 0xC5, 0x7A, 0x4E,
        0xB4, 0xBD, 0x4F, 0x79, 0xAE, 0x8A, 0x61, 0x1A, 0x1C, 0xDC, 0xB7, 0x87, 0xBC, 0xDC, 0x20, 0x91,
        0xE2, 0x49, 0x78, 0xBD, 0x6E, 0xE6, 0x55, 0x4D, 0x25, 0x14, 0x0A, 0x73, 0xE4, 0xF0, 0x11, 0x9A,
        0x9A, 0x8E, 0x31, 0x1C, 0x8D, 0x32, 0x31, 0x31, 0x81, 0xEE, 0xF4, 0xE0, 0xCA, 0xAB, 0x66, 0x61,
        0xF3, 0x0B, 0x34, 0xAF, 0xDA, 0x4A, 0x61, 0xDE, 0x3C, 0x06, 0xFA, 0x86, 0x18, 0xC9, 0xF8, 0x28,
        0x0F, 0x16, 0x90, 0x9B, 0x1B, 0xAC, 0xB9, 0x06, 0x60, 0x1B, 0x02, 0xC9, 0x06, 0x27, 0xD0, 0x72,
        0x5B, 0x01, 0x2B, 0x27, 0x32, 0x84, 0xA2, 0x49, 0x2C, 0x61, 0x23, 0x01, 0x83, 0x81, 0x75, 0xCC,
        0x9C, 0x34, 0x46, 0xFF, 0xE9, 0x0F, 0x70, 0xB8, 0xFC, 0xA4, 0x42, 0x97, 0xF8, 0x8F, 0x37, 0x5E,
        0xC7, 0xB6, 0x6D, 0x2C, 0xCB, 0xC2, 0x30, 0x0C, 0x12, 0xC9, 0x24, 0xE9, 0x74, 0x1A, 0x49, 0x08,
        0x3C, 0x05, 0x53, 0xA9, 0xBD, 0xF9, 0x4E, 0x96, 0xE6, 0x67, 0xD8, 0xB6, 0xD7, 0xC6, 0x5B, 0x5A,
        0xCF, 0xB1, 0xEE, 0x41, 0xFA, 0xA3, 0x16, 0xB3, 0x25, 0x9B, 0x3A, 0xBF, 0xC4, 0xD0, 0x50, 0xC4,
        0xF1, 0xDF, 0x00, 0x19, 0x81, 0x10, 0xA0, 0x58, 0x12, 0x8D, 0xCE, 0xD3, 0x3C, 0x33, 0xC7, 0xC5,
        0x03, 0xCF, 0x0D, 0x31, 0x14, 0x95, 0x90, 0x00, 0xCB, 0x56, 0xF9, 0xCD, 0xEF, 0x37, 0x12, 0xFF,
        0x7A, 0x13, 0x1F, 0x36, 0x55, 0xF1, 0x65, 0x6B, 0x19, 0xC3, 0xE3, 0x7E, 0xC4, 0x75, 0x0F, 0x93,
        0xAE, 0x69, 0xE8, 0x79, 0x53, 0x88, 0xE4, 0xD6, 0x32, 0xA4, 0x17, 0xF3, 0x23, 0x2F, 0xEC, 0x69,
        0x1D, 0xA5, 0x6C, 0xCD, 0x26, 0x7A, 0x93, 0x69, 0xF2, 0x4A, 0xB3, 0xB1, 0xFC, 0x32, 0x37, 0xE4,
        0x40, 0x3A, 0xD6, 0x4E, 0x7B, 0x47, 0x47, 0xF8, 0x1A, 0x80, 0x95, 0x14, 0x87, 0xA2, 0xC3, 0xE3,
        0xAB, 0x02, 0xB9, 0x7E, 0x5C, 0x92, 0x9B, 0x2D, 0x5F, 0x3D, 0xC0, 0xE0, 0xCB, 0xAF, 0xB0, 0xF3,
        0xE0, 0x45, 0x2C, 0x49, 0xE2, 0xC7, 0x2B, 0x8A, 0x88, 0xB7, 0xD5, 0xE0, 0x71, 0x67, 0xF8, 0xC9,
        0x8A, 0x76, 0xD6, 0x54, 0xB7, 0x10, 0x1B, 0x71, 0x1D, 0xAA, 0xD8, 0x98, 0x58, 0x0D, 0x38, 0xEB,
        0xEB, 0xEB, 0x7F, 0xFB, 0xF0, 0x4F, 0xEF, 0xFF, 0xFB, 0xB0, 0xBB, 0x82, 0x6D, 0x17, 0xFC, 0xDC,
        0x36, 0xCD, 0xC5, 0xDE, 0xEE, 0x08, 0x7D, 0xFA, 0x0C, 0xD6, 0xB9, 0x3C, 0xF4, 0x8D, 0x09, 0xF2,
        0x83, 0x3E, 0x72, 0xC9, 0x70, 0x47, 0x8D, 0x83, 0x5D, 0xCF, 0x36, 0x11, 0x1A, 0x08, 0x35, 0x5C,
        0x4B, 0x42, 0x73, 0xC2, 0xFA, 0x65, 0x7A, 0xC8, 0x00, 0x43, 0xA0, 0xCA, 0x3A, 0xE7, 0xA3, 0xBD,
        0xAC, 0xFC, 0x68, 0x09, 0xAD, 0xB9, 0xCF, 0xF1, 0xB5, 0xFE, 0xEF, 0xFC, 0x61, 0x57, 0x3E, 0x5E,
        0x71, 0x0A, 0x5B, 0x72, 0x60, 0x1A, 0x1A, 0xF1, 0x11, 0x07, 0xA9, 0xB8, 0xFE, 0xCB, 0x2B, 0x52,
        0x4E, 0x35, 0x36, 0x36, 0xBE, 0xFA, 0xE1, 0x27, 0x9F, 0xC5, 0xE7, 0x04, 0x32, 0xFC, 0x6C, 0x81,
        0x97, 0x73, 0x96, 0x4A, 0x7F, 0xE1, 0x2C, 0x94, 0xEC, 0x2C, 0xBE, 0xB9, 0x60, 0x23, 0x7B, 0x02,
        0x98, 0x8A, 0xCA, 0x23, 0xF3, 0x83, 0x18, 0x3D, 0xCD, 0xEC, 0xFB, 0xF8, 0x93, 0xBE, 0x64, 0x32,
        0xF9, 0xDE, 0x35, 0x1F, 0x08, 0x1D, 0x1A, 0x08, 0x65, 0x2F, 0x29, 0x28, 0x48, 0x27, 0xD3, 0x75,
        0x1E, 0xAF, 0x0B, 0x59, 0x51, 0xD1, 0x14, 0x07, 0xDD, 0xF1, 0x10, 0xC6, 0x68, 0x17, 0x7F, 0xAC,
        0xEA, 0x02, 0xDB, 0x85, 0x91, 0x76, 0x71, 0xA9, 0xD7, 0x60, 0x7C, 0xCC, 0xF3, 0x42, 0xF5, 0xFD,
        0x23, 0x2F, 0x5F, 0x35, 0x13, 0xCB, 0xB2, 0x06, 0x2F, 0x5D, 0x1A, 0x10, 0xD1, 0xF1, 0xF1, 0x9B,
        0xEF, 0x5E, 0x31, 0x8F, 0x59, 0x95, 0xA5, 0x58, 0xB2, 0x84, 0xA4, 0xC9, 0xE4, 0x64, 0x39, 0x99,
        0x9F, 0xAF, 0xF0, 0x40, 0x85, 0x8E, 0xEB, 0xDC, 0xB7, 0xFC, 0xEA, 0x1F, 0xFE, 0x89, 0xB3, 0x67,
        0xCE, 0x6C, 0xB1, 0x6D, 0xFB, 0xE8, 0x35, 0x00, 0x80, 0xC1, 0x86, 0x81, 0x8F, 0xFC, 0x0B, 0xF2,
        0x0B, 0x52, 0xD1, 0x54, 0x9D, 0x95, 0x31, 0xD0, 0x35, 0x27, 0xE3, 0x29, 0x95, 0x3F, 0x04, 0x3B,
        0x08, 0xA2, 0xD2, 0xDF, 0x6F, 0x13, 0xBA, 0xA8, 0x10, 0x1B, 0x71, 0xBF, 0x30, 0xEF, 0xAF, 0x23,
        0x5B, 0xBE, 0xEB, 0xE9, 0xA9, 0x64, 0xF2, 0x8B, 0xDE, 0xDE, 0x5E, 0xE9, 0xD8, 0xF1, 0x13, 0xCB,
        0x8A, 0x35, 0x43, 0x5E, 0x5B, 0xE2, 0x61, 0x65, 0x10, 0x96, 0xF9, 0x26, 0xA8, 0x48, 0xF4, 0xD2,
        0xB0, 0x77, 0x37, 0xBF, 0x7D, 0xE6, 0xDF, 0x12, 0xA7, 0x9A, 0x9B, 0x7F, 0x6E, 0x18, 0xC6, 0x6B,
        0x57, 0xE7, 0x49, 0xDF, 0x5D, 0x68, 0xCA, 0x2F, 0xE6, 0xD4, 0xAA, 0xBA, 0xF4, 0x7B, 0x4B, 0x91,
        0x57, 0x2F, 0xF5, 0x24, 0x79, 0x22, 0x37, 0xC4, 0x70, 0x5A, 0xC3, 0xB2, 0xA4, 0x83, 0x66, 0x46,
        0x7E, 0xB4, 0xFE, 0x57, 0x03, 0x27, 0xFE, 0xB7, 0xBF, 0x60, 0x59, 0x96, 0x6F, 0xF2, 0xF9, 0xFC,
        0x3F, 0x2F, 0x2B, 0x2F, 0x5F, 0x54, 0x5E, 0x51, 0x9E, 0xE3, 0xF1, 0x7A, 0x45, 0x78, 0x30, 0x12,
        0x69, 0x3F, 0xD3, 0xD6, 0x10, 0xBA, 0x74, 0xE9, 0x59, 0xCB, 0xB2, 0x8E, 0x5F, 0x3F, 0x5E, 0xE2,
        0xFF, 0xA7, 0x48, 0x40, 0xA1, 0x24, 0xCB, 0x85, 0x12, 0xD8, 0xB6, 0x6D, 0xF7, 0x03, 0x43, 0xDF,
        0x37, 0xF0, 0xBF, 0x00, 0x36, 0xD2, 0x6C, 0x82, 0x53, 0x5F, 0xDA, 0xF5, 0x00, 0x00, 0x00, 0x00,
        0x49, 0x45, 0x4E, 0x44, 0xAE, 0x42, 0x60, 0x82,
    };

    static const unsigned char kDetectItEasy[] =
    {
        0x89, 0x50, 0x4E, 0x47, 0x0D, 0x0A, 0x1A, 0x0A, 0x00, 0x00, 0x00, 0x0D, 0x49, 0x48, 0x44, 0x52,
        0x00, 0x00, 0x00, 0x20, 0x00, 0x00, 0x00, 0x20, 0x08, 0x06, 0x00, 0x00, 0x00, 0x73, 0x7A, 0x7A,
        0xF4, 0x00, 0x00, 0x06, 0xF6, 0x49, 0x44, 0x41, 0x54, 0x78, 0xDA, 0xA5, 0x97, 0x6B, 0x6C, 0x1C,
        0x57, 0x15, 0x80, 0xBF, 0x99, 0x9D, 0x9D, 0x5D, 0xC7, 0x6B, 0xAF, 0x5F, 0xEB, 0x24, 0x4D, 0xEC,
        0x24, 0x2D, 0x75, 0xA0, 0x79, 0x81, 0x9A, 0x12, 0x95, 0x28, 0x51, 0x44, 0x1F, 0x44, 0x2A, 0x3F,
        0x1A, 0x0A, 0xA2, 0xA0, 0x06, 0x84, 0x54, 0x24, 0x1E, 0x42, 0xAA, 0x50, 0x1F, 0xAA, 0xA0, 0x0F,
        0xE5, 0x4F, 0xE3, 0x22, 0x90, 0x10, 0x82, 0x16, 0x89, 0x12, 0x25, 0xA8, 0xFD, 0x51, 0x25, 0xA1,
        0x88, 0xA6, 0xA8, 0x20, 0x24, 0x52, 0x68, 0xD4, 0x38, 0x25, 0x52, 0xAC, 0x3C, 0xDA, 0x84, 0x38,
        0x0F, 0xC7, 0x1B, 0x3B, 0xB1, 0xD7, 0x59, 0xDB, 0xEB, 0x9D, 0xD9, 0x99, 0x7B, 0x0F, 0x3F, 0xE6,
        0xB1, 0xB3, 0x4E, 0x9D, 0x86, 0x72, 0xA5, 0xD5, 0xBD, 0x7B, 0xCE, 0x99, 0x7B, 0x9E, 0xF7, 0x3C,
        0x8C, 0xA7, 0xBE, 0xD7, 0x23, 0x8B, 0xBA, 0xB3, 0x5C, 0xBF, 0xA4, 0x61, 0x43, 0x1A, 0xCF, 0x02,
        0x20, 0x52, 0x87, 0xCF, 0x85, 0x45, 0xA4, 0xD2, 0x48, 0x27, 0x00, 0x3A, 0x20, 0x18, 0x2D, 0xD5,
        0xB0, 0x16, 0x75, 0x67, 0x79, 0xEC, 0xA7, 0xAB, 0x1B, 0x79, 0xEB, 0xE8, 0x03, 0x01, 0x9D, 0xDC,
        0x43, 0x9C, 0x8E, 0x68, 0x04, 0x54, 0x88, 0x57, 0x09, 0x78, 0xFC, 0x23, 0x84, 0x27, 0xF0, 0xAA,
        0x8E, 0xEB, 0xDF, 0x73, 0x16, 0x2B, 0xE2, 0x59, 0xBD, 0x50, 0x09, 0x24, 0x8C, 0xA4, 0xD5, 0xF5,
        0xB3, 0x44, 0x02, 0x69, 0x09, 0x34, 0xD2, 0x82, 0xE8, 0xFA, 0x7F, 0x09, 0x19, 0x8A, 0x80, 0xF6,
        0x35, 0xE9, 0x94, 0x41, 0x6B, 0xCE, 0x02, 0x0D, 0xE5, 0x6B, 0x1E, 0xAE, 0xA3, 0x30, 0x08, 0xE9,
        0x54, 0x70, 0xEF, 0xC2, 0xAE, 0xC0, 0xEA, 0x56, 0x6C, 0x52, 0x9D, 0x30, 0x93, 0xCC, 0x65, 0x58,
        0xC7, 0xC7, 0xCC, 0x22, 0x01, 0x43, 0x6D, 0x44, 0x0B, 0x7E, 0x4D, 0x53, 0xE8, 0xB0, 0xC1, 0x32,
        0x39, 0x71, 0x72, 0x0A, 0xE5, 0x6B, 0xD6, 0xDE, 0x9E, 0x83, 0xAC, 0x49, 0x71, 0xD4, 0x25, 0x65,
        0x26, 0xEE, 0xF2, 0x75, 0x24, 0x40, 0x70, 0x89, 0x21, 0xD0, 0xB4, 0x20, 0x55, 0x37, 0x73, 0xD2,
        0xDC, 0x52, 0x67, 0xA2, 0xB5, 0xA0, 0x3C, 0xA1, 0xE6, 0x6A, 0x7C, 0x55, 0xB7, 0x84, 0x52, 0x42,
        0xBE, 0xDD, 0xA6, 0x3C, 0xED, 0xF3, 0xE8, 0x8E, 0x0F, 0x78, 0xE3, 0x9D, 0x71, 0xB4, 0x16, 0xB6,
        0x6E, 0xE8, 0xE0, 0x77, 0x4F, 0xF6, 0x51, 0xE8, 0xB4, 0xB9, 0x3A, 0xE6, 0x62, 0x18, 0xA1, 0xDB,
        0x7C, 0x8D, 0x68, 0x8D, 0x45, 0x42, 0xC3, 0xEA, 0x8C, 0x1F, 0x5C, 0x18, 0x31, 0x4C, 0xEC, 0x11,
        0xA3, 0x94, 0x61, 0x90, 0x4D, 0x1B, 0xD8, 0x9D, 0x36, 0x64, 0x4D, 0x28, 0x7B, 0x94, 0x46, 0x5D,
        0x6C, 0x03, 0x6C, 0xDB, 0xE4, 0x2B, 0x4F, 0x9F, 0xE0, 0xC0, 0x7B, 0xA5, 0x38, 0x9C, 0xDE, 0x7A,
        0xAF, 0xC4, 0x83, 0x4F, 0x9F, 0xE0, 0xDD, 0x5F, 0xAF, 0x23, 0x6B, 0x19, 0x38, 0xAE, 0x0E, 0x94,
        0xF2, 0x03, 0x25, 0x03, 0x17, 0x64, 0x2D, 0x4A, 0x93, 0x1E, 0xF7, 0x3E, 0xF2, 0x3E, 0x4E, 0x4D,
        0x63, 0x5C, 0xF7, 0x18, 0x24, 0xDA, 0x48, 0xA7, 0x4D, 0x9A, 0xB3, 0x26, 0x4B, 0xBB, 0xB3, 0xDC,
        0xB5, 0xAA, 0x85, 0x6D, 0x5B, 0xBA, 0x58, 0xBB, 0xBE, 0x1D, 0x5C, 0xCD, 0xD1, 0x43, 0x13, 0x0D,
        0xCC, 0xA3, 0x35, 0xF0, 0xE1, 0x34, 0x07, 0x0F, 0x97, 0xB8, 0xE7, 0xCE, 0x36, 0x46, 0x66, 0xFD,
        0x20, 0x10, 0xFD, 0x40, 0x39, 0x0B, 0x0D, 0x98, 0xE0, 0xD5, 0x34, 0x1F, 0x9E, 0xAB, 0x70, 0xB3,
        0xEB, 0xD8, 0xE9, 0x19, 0x0E, 0xFC, 0x6B, 0x9C, 0xE7, 0x7F, 0x7B, 0x8E, 0x27, 0xBF, 0xD5, 0x4B,
        0xFF, 0x8E, 0x3B, 0xC8, 0xB5, 0x58, 0xF3, 0xD2, 0xBB, 0xB5, 0xD0, 0x9A, 0xBE, 0x20, 0xA1, 0x00,
        0xA2, 0x04, 0x33, 0x7C, 0x77, 0x18, 0x40, 0xD6, 0x36, 0xF9, 0x24, 0xEB, 0xC5, 0x3D, 0x17, 0xF9,
        0xDA, 0xB7, 0xDF, 0xA7, 0x6F, 0x43, 0x07, 0x5B, 0xEF, 0x6C, 0xBF, 0x0E, 0xDF, 0x77, 0x4B, 0x13,
        0x5B, 0xD6, 0xB6, 0x32, 0x31, 0x5E, 0x43, 0x7C, 0xA9, 0x5B, 0x40, 0xC0, 0x8C, 0xA2, 0x1C, 0x25,
        0xFC, 0x3F, 0x6B, 0xEF, 0xC1, 0x71, 0x7E, 0xF9, 0xB3, 0x33, 0xFC, 0xE5, 0x37, 0xEB, 0xD8, 0xB4,
        0xAA, 0x35, 0x86, 0xAF, 0xBF, 0x3D, 0xC7, 0x1B, 0x3F, 0x59, 0x49, 0x1A, 0x98, 0xAE, 0xF8, 0x88,
        0x12, 0xB4, 0x12, 0xC4, 0xD7, 0x61, 0x0C, 0x84, 0x49, 0x42, 0xF4, 0xFC, 0x02, 0x34, 0x37, 0xA5,
        0x30, 0x53, 0x06, 0x55, 0x47, 0xE1, 0xFB, 0xF3, 0xD3, 0x3D, 0xF6, 0xD2, 0x10, 0x0F, 0xDF, 0x5B,
        0xE0, 0x9D, 0x97, 0x3E, 0xCB, 0xDF, 0x0E, 0x8E, 0xA3, 0x95, 0x70, 0x77, 0x5F, 0x8E, 0x9C, 0x6D,
        0x72, 0xBE, 0xE8, 0x60, 0x19, 0x61, 0x52, 0x54, 0x12, 0xB8, 0x42, 0x04, 0x13, 0x21, 0xF4, 0xC7,
        0xFC, 0xDA, 0xED, 0x7B, 0x61, 0x15, 0x23, 0x6F, 0x6F, 0xE4, 0xF8, 0xAB, 0x77, 0xF1, 0xE6, 0x2F,
        0xD6, 0xF0, 0x85, 0x3B, 0x5A, 0xE7, 0xA5, 0xED, 0xDF, 0x7D, 0x11, 0x52, 0x06, 0xF7, 0xAD, 0x69,
        0xE5, 0x4B, 0xEB, 0xF2, 0xB8, 0x8E, 0xE2, 0xC2, 0xA8, 0x43, 0x8A, 0x88, 0xB1, 0x8E, 0x77, 0x34,
        0x58, 0x22, 0xC4, 0x16, 0x98, 0x4F, 0xB7, 0xEE, 0xB6, 0x34, 0x2D, 0xDD, 0x19, 0x56, 0x6A, 0x61,
        0xE5, 0xDA, 0x3C, 0x0F, 0x6C, 0xEC, 0x62, 0xFD, 0xF6, 0x23, 0xFC, 0xFB, 0xF4, 0xCC, 0x75, 0xB4,
        0x7F, 0x1F, 0x2C, 0xE3, 0x16, 0x1D, 0xAE, 0x4D, 0x79, 0xB8, 0xAE, 0x06, 0x2D, 0x98, 0x51, 0xE2,
        0x8A, 0xAD, 0x4D, 0xD2, 0x02, 0x02, 0x2A, 0x90, 0x6A, 0xBE, 0x55, 0x9E, 0xF2, 0x61, 0xA2, 0xC6,
        0xD8, 0x55, 0x97, 0xE2, 0x60, 0x19, 0xB2, 0x06, 0x8F, 0x7F, 0x75, 0xC9, 0x47, 0xD2, 0x0E, 0x9E,
        0x9F, 0xE5, 0xF8, 0x50, 0x85, 0x7C, 0xC6, 0xAC, 0xFB, 0x3B, 0xD2, 0xD8, 0x97, 0xD8, 0xFC, 0x3A,
        0xCE, 0x03, 0xA1, 0x0B, 0x50, 0xD2, 0xF8, 0xFE, 0x93, 0xA9, 0x20, 0x8A, 0x5A, 0x25, 0x98, 0x02,
        0x7A, 0xC4, 0x61, 0x75, 0xCF, 0x02, 0x4C, 0x23, 0x2E, 0x6C, 0xF1, 0x6A, 0x6F, 0xB6, 0x28, 0x34,
        0xA7, 0xC8, 0x2E, 0xCA, 0xB0, 0x2C, 0x65, 0x20, 0x35, 0xCD, 0xD5, 0xB2, 0xC7, 0x94, 0xA3, 0x31,
        0xC2, 0x02, 0x27, 0x4A, 0x10, 0x4F, 0x12, 0x2E, 0xF0, 0x43, 0x49, 0x6F, 0x28, 0x80, 0x0E, 0xA4,
        0xD6, 0x42, 0xB5, 0xAA, 0xC8, 0x67, 0xCD, 0x06, 0xE6, 0xB7, 0x74, 0xD8, 0xFC, 0xFC, 0x3B, 0xCB,
        0xE8, 0xC9, 0xA7, 0xF9, 0xE7, 0xA9, 0x69, 0x46, 0xDF, 0x9D, 0x40, 0x6B, 0x58, 0xD6, 0x61, 0x73,
        0xF7, 0xAD, 0x0B, 0xF8, 0xD4, 0xC2, 0x0C, 0xC3, 0x63, 0x2E, 0x15, 0x57, 0x87, 0xF1, 0x10, 0xBD,
        0x02, 0x91, 0x9B, 0xB4, 0x40, 0xE8, 0x26, 0x25, 0xF8, 0x9E, 0x26, 0x9D, 0xC0, 0xDF, 0xB3, 0xBA,
        0x95, 0xFE, 0xED, 0xBD, 0x0C, 0x0C, 0x55, 0x78, 0xE6, 0xD5, 0x61, 0xFE, 0x33, 0xEA, 0x34, 0x7C,
        0xBF, 0xA2, 0xD3, 0xE6, 0x07, 0x5B, 0x0A, 0xFC, 0xF8, 0x8B, 0x5D, 0x5C, 0xD1, 0xC2, 0x64, 0x45,
        0x05, 0xF9, 0x40, 0xC7, 0x2E, 0x08, 0x23, 0x73, 0x1E, 0x13, 0x04, 0xD5, 0x4B, 0x62, 0x01, 0xA2,
        0x73, 0x36, 0x6D, 0xE2, 0x78, 0x9A, 0xFE, 0xED, 0xBD, 0xEC, 0xDC, 0x3F, 0xC2, 0xDE, 0xC3, 0x93,
        0xF1, 0x37, 0x8B, 0xF2, 0x69, 0x0C, 0xE0, 0x72, 0xD9, 0xE3, 0xDC, 0x44, 0x8D, 0x27, 0xF6, 0x8D,
        0x70, 0xFC, 0x52, 0x95, 0x57, 0xBE, 0xBE, 0x84, 0xCA, 0x6C, 0x28, 0x80, 0x08, 0xA6, 0x88, 0x80,
        0x27, 0x37, 0x0C, 0xC2, 0x98, 0x69, 0x94, 0x3E, 0x05, 0x66, 0x2A, 0x3E, 0x8E, 0xA7, 0xD9, 0xF5,
        0xDD, 0xE5, 0x1C, 0x18, 0x98, 0x6C, 0x60, 0xBE, 0xF3, 0xA1, 0x25, 0x14, 0x5F, 0x5C, 0x4D, 0xB1,
        0x7F, 0x15, 0x3B, 0xBE, 0xBC, 0x38, 0x86, 0xEF, 0x3E, 0x5C, 0xE2, 0x95, 0x43, 0x25, 0x56, 0xE4,
        0xD3, 0x68, 0x3F, 0x50, 0xD8, 0x44, 0x85, 0xCF, 0xF0, 0x06, 0x02, 0xE8, 0x84, 0x00, 0xDA, 0x13,
        0x9A, 0xD3, 0x06, 0xA7, 0x86, 0xAB, 0x2C, 0x2F, 0x64, 0xF8, 0x4C, 0x57, 0x86, 0xE7, 0xF6, 0x8D,
        0xC4, 0xB4, 0x9F, 0x5F, 0xD1, 0xCC, 0x53, 0x0F, 0x2E, 0xA6, 0xE6, 0x2A, 0xFC, 0x9A, 0xE6, 0x99,
        0xFB, 0xBB, 0xB9, 0xAD, 0x2B, 0x13, 0xE3, 0x77, 0x0D, 0x4C, 0xE2, 0xB8, 0x1A, 0x2B, 0x64, 0x17,
        0xB8, 0xC0, 0xBB, 0xF1, 0x33, 0x34, 0xA2, 0x96, 0x4A, 0x09, 0xB6, 0x09, 0x66, 0xA7, 0xCD, 0xEE,
        0x83, 0xE3, 0xA4, 0x4D, 0x98, 0x9E, 0x6D, 0xCC, 0x60, 0x1F, 0x8C, 0x3A, 0x2C, 0xFD, 0xD1, 0x31,
        0x2A, 0x6E, 0xD0, 0x70, 0x34, 0xDB, 0x26, 0x23, 0x65, 0x2F, 0xC6, 0x1F, 0x1E, 0xAE, 0x72, 0xF6,
        0xAA, 0xCB, 0x9A, 0x42, 0x06, 0x44, 0xB0, 0x62, 0xFF, 0xDE, 0x20, 0xC5, 0x2E, 0x6E, 0x4D, 0x43,
        0x87, 0x4D, 0x8F, 0x17, 0x64, 0xAF, 0x3F, 0xFE, 0x79, 0x94, 0xFD, 0x47, 0x26, 0xD9, 0xDC, 0x97,
        0xC3, 0xAD, 0xE9, 0x06, 0xDA, 0xA9, 0xAA, 0x62, 0xAA, 0x5A, 0x17, 0xEA, 0x5A, 0x55, 0x91, 0xB3,
        0x4D, 0xB2, 0x69, 0x03, 0x4F, 0x41, 0xCA, 0x0C, 0x68, 0x82, 0x3E, 0x03, 0x2C, 0x2D, 0xF2, 0xB1,
        0x16, 0x78, 0x7C, 0xCF, 0x45, 0x16, 0xFF, 0xE9, 0x32, 0xD7, 0x2A, 0x3E, 0x23, 0x93, 0x1E, 0x47,
        0x86, 0x82, 0xB2, 0x9D, 0x36, 0x0D, 0xD2, 0x73, 0x0A, 0xE8, 0xB6, 0xB5, 0x79, 0x76, 0x7F, 0x73,
        0x29, 0xA7, 0xC7, 0x5C, 0xB4, 0x16, 0x6C, 0x03, 0xB2, 0xA6, 0x81, 0xAF, 0x84, 0x9C, 0x65, 0xE0,
        0x78, 0x42, 0xC5, 0xD5, 0x4C, 0x55, 0xFC, 0xA8, 0x21, 0x91, 0x8F, 0x8D, 0x81, 0xB7, 0x8F, 0x95,
        0x3F, 0x12, 0x7E, 0xEA, 0xB2, 0x43, 0xA1, 0xB9, 0xB1, 0x07, 0xB8, 0x50, 0xAA, 0x91, 0x4B, 0x19,
        0xAC, 0xEB, 0xCE, 0x30, 0xE3, 0x28, 0xDA, 0x9A, 0x53, 0x7C, 0x7F, 0x6F, 0x91, 0xA3, 0x45, 0x87,
        0xB6, 0x8C, 0x49, 0x4F, 0x3E, 0xCD, 0x73, 0x9B, 0x3A, 0x31, 0xC3, 0xCE, 0x2B, 0x28, 0x46, 0xF1,
        0x2B, 0xF8, 0xDF, 0x4A, 0x72, 0xB1, 0xEC, 0x71, 0x66, 0xC2, 0xE5, 0xD9, 0xAD, 0x0B, 0x63, 0xD8,
        0xD1, 0x4B, 0x55, 0x1E, 0xFE, 0xC3, 0x30, 0x27, 0x2F, 0x3B, 0x4C, 0x4C, 0xFB, 0x3C, 0xFB, 0xD6,
        0x15, 0x5E, 0x1E, 0x98, 0x64, 0xE0, 0x52, 0x95, 0xBF, 0x9E, 0xAD, 0xA0, 0x95, 0xD0, 0xDD, 0x94,
        0x42, 0x29, 0x8D, 0x68, 0xA2, 0x18, 0xD0, 0x88, 0x2F, 0xF8, 0x9F, 0xA0, 0x27, 0xF8, 0xFD, 0xA1,
        0x12, 0x2F, 0x3F, 0xB4, 0x84, 0xA3, 0x17, 0x67, 0x79, 0xF3, 0xE4, 0x34, 0x00, 0xAF, 0x0F, 0x96,
        0x79, 0x7D, 0xB0, 0x8C, 0x65, 0x1A, 0xF8, 0x89, 0x74, 0xB9, 0x6D, 0x65, 0x0B, 0xBF, 0xBA, 0xBF,
        0x9B, 0xF3, 0xA5, 0x1A, 0x85, 0x4C, 0xD0, 0x00, 0x9B, 0x51, 0x33, 0xA2, 0x7C, 0x8D, 0xD2, 0x37,
        0xCF, 0x38, 0xDF, 0x94, 0x62, 0xE3, 0x8A, 0x66, 0x3E, 0xDD, 0x65, 0x93, 0x12, 0x61, 0xFF, 0x23,
        0xBD, 0x3C, 0xB1, 0xB9, 0x8B, 0xDE, 0xB6, 0x7A, 0x8E, 0x8C, 0x98, 0xDF, 0xD6, 0x61, 0xF3, 0xFC,
        0xA6, 0x4E, 0x76, 0x3D, 0xB0, 0x90, 0x89, 0x19, 0x15, 0xBC, 0x90, 0x70, 0xD0, 0xB1, 0x44, 0x09,
        0x94, 0x7D, 0x5A, 0x6D, 0x93, 0xD7, 0x7E, 0x78, 0x6B, 0x50, 0x13, 0xA2, 0x5E, 0x3F, 0x9E, 0x0D,
        0xA4, 0x61, 0x36, 0x68, 0xCD, 0x98, 0xAC, 0x68, 0xB7, 0x59, 0xDE, 0x96, 0x26, 0x9F, 0x31, 0x39,
        0x33, 0xE6, 0x30, 0xEC, 0x6A, 0x5E, 0xB8, 0xAF, 0xC0, 0xA3, 0x9F, 0xCB, 0x73, 0x72, 0xCC, 0x65,
        0xA2, 0xE2, 0x23, 0x02, 0x5D, 0x4D, 0x29, 0x56, 0x75, 0xD9, 0xF4, 0xB6, 0x58, 0x5C, 0x98, 0xF4,
        0x98, 0x71, 0x35, 0x29, 0x23, 0xBA, 0x4B, 0x82, 0x3C, 0x20, 0xB3, 0x8A, 0x8C, 0x69, 0xF0, 0x8D,
        0x0D, 0xED, 0x71, 0x7B, 0x26, 0xE1, 0x08, 0x25, 0x89, 0xDE, 0x5F, 0x42, 0xE1, 0x6A, 0x9E, 0x30,
        0x5D, 0x55, 0x8C, 0x4F, 0x79, 0x14, 0xBD, 0xE0, 0x22, 0x4F, 0x6B, 0x4E, 0x8D, 0xFA, 0xE4, 0x2C,
        0x93, 0xCD, 0x3D, 0x4D, 0xD8, 0x61, 0xA9, 0x74, 0x3C, 0xCD, 0xB5, 0x59, 0xC5, 0xA9, 0x2B, 0x2E,
        0x86, 0x40, 0x8A, 0x68, 0xB2, 0x0A, 0x8A, 0x9F, 0x85, 0x04, 0x7F, 0x7C, 0x4F, 0x33, 0x54, 0x74,
        0xEA, 0xDA, 0x87, 0x44, 0xA8, 0xF0, 0x2C, 0xF5, 0x0F, 0xA3, 0xF1, 0x2A, 0x39, 0x15, 0x45, 0x26,
        0x9D, 0x71, 0x74, 0x90, 0x9C, 0xE2, 0xB1, 0x2E, 0x88, 0x76, 0x23, 0xEA, 0x3D, 0x89, 0x14, 0xA2,
        0x3E, 0x17, 0x88, 0xA7, 0xE9, 0x69, 0x49, 0x07, 0x9D, 0x4A, 0x18, 0x9D, 0x71, 0x97, 0xA4, 0x99,
        0x63, 0x8D, 0x46, 0xA6, 0xB1, 0xA0, 0xBA, 0x6E, 0xD6, 0xE4, 0xDC, 0x98, 0x9C, 0x31, 0x89, 0xBA,
        0xAE, 0x44, 0xD5, 0xB3, 0xAE, 0x4E, 0xF9, 0xEC, 0xFC, 0xC7, 0xE5, 0xC6, 0x11, 0x5C, 0xCF, 0x19,
        0xC9, 0x65, 0x4E, 0xA5, 0x94, 0xFA, 0x25, 0x31, 0x3C, 0x3A, 0x44, 0xB1, 0x93, 0x98, 0xEE, 0x0D,
        0x49, 0xF4, 0x1A, 0x22, 0x10, 0x16, 0xFE, 0x71, 0xC7, 0xE7, 0xBF, 0x0B, 0x83, 0x21, 0x7A, 0x03,
        0x73, 0x08, 0xD3, 0x00, 0x00, 0x00, 0x00, 0x49, 0x45, 0x4E, 0x44, 0xAE, 0x42, 0x60, 0x82,
    };

    static const unsigned char kSimpleUnlocker[] =
    {
        0x89, 0x50, 0x4E, 0x47, 0x0D, 0x0A, 0x1A, 0x0A, 0x00, 0x00, 0x00, 0x0D, 0x49, 0x48, 0x44, 0x52,
        0x00, 0x00, 0x00, 0x20, 0x00, 0x00, 0x00, 0x20, 0x08, 0x06, 0x00, 0x00, 0x00, 0x73, 0x7A, 0x7A,
        0xF4, 0x00, 0x00, 0x08, 0x68, 0x49, 0x44, 0x41, 0x54, 0x78, 0xDA, 0xAD, 0x97, 0x6D, 0x8C, 0x95,
        0xC5, 0x15, 0xC7, 0x7F, 0x67, 0x66, 0x9E, 0x7B, 0xEF, 0xB2, 0x8B, 0xFB, 0x22, 0xCB, 0x62, 0x20,
        0x54, 0x68, 0x4B, 0x85, 0x22, 0x89, 0x6C, 0x50, 0x5B, 0x1B, 0xD1, 0x68, 0x4B, 0x2C, 0x69, 0x8C,
        0xA4, 0x6B, 0xDA, 0xAD, 0xC6, 0x92, 0x18, 0xEA, 0x87, 0xEA, 0x07, 0x93, 0x9A, 0x7E, 0xDB, 0x6E,
        0x8C, 0x31, 0x9A, 0xA6, 0x8D, 0xA9, 0x89, 0xA4, 0xC6, 0x68, 0x2B, 0xD2, 0x98, 0xFD, 0xD0, 0xA4,
        0x9A, 0xD6, 0x58, 0x6A, 0xA4, 0x5A, 0x52, 0x4A, 0x54, 0x8C, 0x20, 0x91, 0xA2, 0x02, 0x2D, 0xC2,
        0xBE, 0xC0, 0xEE, 0x02, 0x77, 0x77, 0xEF, 0xF3, 0xCC, 0x9C, 0xD3, 0x0F, 0xF7, 0xDE, 0x65, 0x41,
        0x4B, 0x49, 0xDB, 0x49, 0xE6, 0xC3, 0x33, 0x67, 0x9E, 0xF3, 0x3F, 0x6F, 0x33, 0xF3, 0x3F, 0xC2,
        0x45, 0x46, 0x5F, 0x5F, 0x9F, 0x1F, 0x1A, 0x1A, 0x4A, 0xCD, 0xEF, 0xBB, 0xEE, 0xBA, 0x6B, 0x35,
        0x70, 0x93, 0x99, 0xAD, 0x03, 0x3E, 0xAF, 0xAA, 0x9D, 0x22, 0xE2, 0x80, 0x33, 0xCE, 0xB9, 0x23,
        0xCE, 0xB9, 0x77, 0xCC, 0xEC, 0xCF, 0xCB, 0x97, 0x2F, 0xFF, 0xEB, 0xE0, 0xE0, 0x60, 0x04, 0x58,
        0xBF, 0x7E, 0x7D, 0xD8, 0xB9, 0x73, 0x67, 0xFC, 0x77, 0x18, 0xF2, 0x9F, 0xC0, 0xB7, 0x6C, 0xD9,
        0x92, 0x4D, 0x4D, 0x4D, 0x7D, 0x17, 0xD8, 0xAC, 0xAA, 0xD7, 0x87, 0x10, 0x2A, 0x00, 0xAA, 0x8A,
        0x99, 0xD5, 0x95, 0x88, 0xCC, 0xCE, 0x18, 0xA3, 0x39, 0xE7, 0xDE, 0x13, 0x91, 0xDF, 0x84, 0x10,
        0x9E, 0x79, 0xF6, 0xD9, 0x67, 0x47, 0xE7, 0xE0, 0xD8, 0xA5, 0x18, 0x30, 0xBB, 0xF9, 0xEE, 0xBB,
        0xEF, 0xFE, 0xA6, 0xAA, 0x3E, 0x1A, 0x42, 0x58, 0xA3, 0xAA, 0xC4, 0x18, 0x51, 0x55, 0x15, 0x11,
        0x33, 0x33, 0x11, 0x91, 0xE6, 0x7E, 0x9B, 0xA3, 0xDC, 0x7B, 0xEF, 0x09, 0x21, 0x10, 0x63, 0x1C,
        0x06, 0x1E, 0x79, 0xE1, 0x85, 0x17, 0x7E, 0x01, 0x30, 0x30, 0x30, 0xE0, 0x06, 0x07, 0x07, 0xF5,
        0x62, 0x06, 0x34, 0x95, 0x49, 0x7F, 0x7F, 0xFF, 0x4F, 0xBD, 0xF7, 0x0F, 0x36, 0x80, 0x53, 0x03,
        0xCC, 0x5D, 0x2C, 0x6A, 0xCD, 0x61, 0x66, 0x0A, 0xA8, 0x73, 0x2E, 0x94, 0x4A, 0x25, 0x62, 0x8C,
        0x7F, 0x10, 0x91, 0xEF, 0x6F, 0xDB, 0xB6, 0x6D, 0xE4, 0xC2, 0xB4, 0xCA, 0x05, 0xE0, 0x72, 0xFF,
        0xFD, 0xF7, 0x67, 0x63, 0x63, 0x63, 0x2F, 0x96, 0x4A, 0xA5, 0xDB, 0x67, 0x66, 0x66, 0x52, 0xC3,
        0x53, 0xC7, 0x7F, 0x37, 0xCC, 0xCC, 0x62, 0xB9, 0x5C, 0xCE, 0x52, 0x4A, 0x07, 0x81, 0xDB, 0xB6,
        0x6F, 0xDF, 0xFE, 0xD1, 0xDC, 0x48, 0x34, 0x15, 0x4B, 0x5F, 0x5F, 0x9F, 0x33, 0x33, 0x1B, 0x1D,
        0x1D, 0x7D, 0x31, 0xCB, 0xB2, 0xDB, 0xA7, 0xA7, 0xA7, 0x0B, 0xC0, 0xFF, 0x0F, 0xE0, 0x8D, 0xF2,
        0x90, 0xAC, 0x56, 0xAB, 0x45, 0x11, 0x59, 0x61, 0x66, 0xAF, 0xDE, 0x73, 0xCF, 0x3D, 0x8B, 0x06,
        0x07, 0x07, 0xAD, 0x89, 0x2D, 0x73, 0x0B, 0xEE, 0xCE, 0x3B, 0xEF, 0x7C, 0xBC, 0x5C, 0x2E, 0xFF,
        0x68, 0x66, 0x66, 0xA6, 0x10, 0x91, 0x8C, 0xFF, 0xE3, 0x30, 0xB3, 0x58, 0x2A, 0x95, 0x42, 0x51,
        0x14, 0x6F, 0x98, 0xD9, 0xCD, 0x00, 0x43, 0x43, 0x43, 0xEA, 0xE7, 0x80, 0xDF, 0xEC, 0xBD, 0xFF,
        0x65, 0x9E, 0xE7, 0xD1, 0xCC, 0x82, 0x99, 0x89, 0x99, 0x9D, 0x57, 0xE9, 0x0D, 0x45, 0x17, 0xCC,
        0xCF, 0x5A, 0xFB, 0xB4, 0x1C, 0x70, 0x29, 0xA5, 0xA2, 0x5C, 0x2E, 0x2F, 0x4B, 0x29, 0xE5, 0x43,
        0x43, 0x43, 0x3B, 0xFB, 0xFA, 0xFA, 0xBC, 0x00, 0x6E, 0x60, 0x60, 0xC0, 0xED, 0xDB, 0xB7, 0xEF,
        0xED, 0x10, 0xC2, 0xD5, 0x8D, 0x82, 0xF3, 0x66, 0x86, 0xF7, 0x1E, 0x33, 0xA3, 0x28, 0x0A, 0x52,
        0xAA, 0xD7, 0x4D, 0x08, 0x81, 0x10, 0x02, 0xAA, 0x8A, 0xC8, 0x45, 0xEA, 0xD9, 0x00, 0xB1, 0xF3,
        0x64, 0x66, 0x66, 0xCE, 0x39, 0x15, 0x91, 0x3C, 0x84, 0xB0, 0x72, 0xFB, 0xF6, 0xED, 0x47, 0x3D,
        0x60, 0x0B, 0x17, 0x2E, 0xDC, 0x14, 0x42, 0xF8, 0x61, 0x9E, 0xE7, 0x09, 0xF0, 0x66, 0x86, 0x73,
        0x8E, 0xD3, 0xA7, 0x4F, 0x53, 0x14, 0x05, 0x9D, 0x9D, 0x9D, 0x74, 0x75, 0x75, 0xD1, 0xDA, 0xDA,
        0x4A, 0x8C, 0x91, 0xA9, 0xA9, 0x29, 0x42, 0xF0, 0xA8, 0x42, 0x2C, 0x0C, 0x55, 0x9D, 0x3D, 0x85,
        0xB3, 0x9E, 0x63, 0x98, 0x09, 0xA9, 0x30, 0x62, 0x4C, 0x98, 0x28, 0x82, 0x88, 0x99, 0x69, 0x08,
        0xA1, 0x9C, 0xE7, 0x39, 0x07, 0x0E, 0x1C, 0x78, 0x45, 0x00, 0xEE, 0xB8, 0xE3, 0x8E, 0x3F, 0x86,
        0x10, 0x6E, 0x29, 0x8A, 0x42, 0x45, 0xC4, 0x8B, 0x08, 0x67, 0xCE, 0x9C, 0xE1, 0x86, 0x1B, 0x6E,
        0xA0, 0xAF, 0xAF, 0x8F, 0x55, 0xAB, 0x56, 0xCD, 0x3A, 0x56, 0xAB, 0xD5, 0xD8, 0xF6, 0xFC, 0x36,
        0xB6, 0x0F, 0x6D, 0xA3, 0xC7, 0x2F, 0xE7, 0xCA, 0xE1, 0xF5, 0x9C, 0xCA, 0x0E, 0x73, 0xB4, 0x7B,
        0x17, 0x2D, 0x59, 0x2B, 0x56, 0x77, 0x1D, 0x75, 0x39, 0xAD, 0xD5, 0x45, 0x2C, 0x1B, 0x59, 0xCF,
        0xB0, 0xFF, 0x3B, 0x1F, 0x77, 0xBE, 0x41, 0x7B, 0x6B, 0x27, 0x6A, 0x6A, 0xDE, 0x7B, 0x54, 0x75,
        0xA4, 0xA5, 0xA5, 0x65, 0x65, 0xD8, 0xB4, 0x69, 0xD3, 0xF2, 0x94, 0xD2, 0x0D, 0x45, 0x51, 0x48,
        0x3D, 0x42, 0x8E, 0x89, 0x89, 0x09, 0x36, 0x6C, 0xD8, 0xC0, 0x43, 0x0F, 0x3D, 0x04, 0xC0, 0x9B,
        0x6F, 0xBE, 0xC9, 0xD1, 0xA3, 0x47, 0x29, 0x97, 0xCB, 0xAC, 0x5B, 0xB7, 0x8E, 0xA5, 0x4B, 0x97,
        0x32, 0x53, 0xAB, 0x51, 0x6A, 0xF1, 0x2C, 0xF3, 0x0B, 0x11, 0x3B, 0xC9, 0xA1, 0xA2, 0xA0, 0x12,
        0x0C, 0x35, 0x45, 0x10, 0xA2, 0x29, 0x25, 0xF3, 0x5C, 0xE9, 0x17, 0x52, 0xD8, 0x27, 0x1C, 0xC8,
        0x67, 0x98, 0xDF, 0xA2, 0x18, 0x26, 0x45, 0x51, 0x68, 0x08, 0xA1, 0x67, 0x7A, 0x7A, 0x7A, 0x43,
        0x88, 0x31, 0xDE, 0xE4, 0xBD, 0x6F, 0x69, 0x78, 0xEF, 0x54, 0x15, 0xEF, 0x3D, 0xFD, 0xFD, 0xFD,
        0x98, 0x19, 0x0F, 0x3F, 0xFC, 0x30, 0x2F, 0xBD, 0xF4, 0x12, 0x95, 0x4A, 0x85, 0x94, 0x12, 0x6D,
        0x6D, 0x6D, 0x2C, 0xEC, 0xEE, 0xA1, 0xB5, 0xAD, 0x0D, 0xC9, 0x13, 0x3D, 0x21, 0x63, 0x1C, 0x4F,
        0x52, 0x45, 0x55, 0x67, 0x0D, 0x48, 0x92, 0x08, 0x18, 0x8B, 0xB2, 0x8C, 0xE1, 0xE4, 0x49, 0x5A,
        0x4F, 0x55, 0x3D, 0x35, 0xF5, 0xA1, 0xAA, 0xDF, 0x08, 0x29, 0xA5, 0x75, 0x22, 0x82, 0xAA, 0x9A,
        0x73, 0x8E, 0x18, 0x23, 0x2D, 0x2D, 0x2D, 0xB4, 0xB7, 0xB7, 0x03, 0xB0, 0x6F, 0xDF, 0x3E, 0x3A,
        0x3A, 0x3A, 0xE8, 0xE8, 0xE8, 0x20, 0xC6, 0x48, 0x51, 0x14, 0x8C, 0x8D, 0x8D, 0x42, 0x49, 0xF0,
        0x06, 0x57, 0x64, 0x2D, 0x0C, 0x6B, 0xF6, 0x19, 0x06, 0x28, 0xC1, 0x84, 0x2B, 0xB2, 0x16, 0x8E,
        0x58, 0x56, 0x07, 0x57, 0x43, 0x51, 0xCC, 0x4C, 0x62, 0x8C, 0x62, 0x66, 0x6B, 0x9D, 0x99, 0x2D,
        0x4F, 0x29, 0xA1, 0xAA, 0x92, 0x52, 0xC2, 0x39, 0xC7, 0xD8, 0xD8, 0x18, 0xC7, 0x8E, 0x1D, 0x43,
        0x44, 0xD8, 0xB2, 0x65, 0x0B, 0x59, 0x96, 0x71, 0xFC, 0xF8, 0x71, 0x66, 0x66, 0x66, 0x10, 0x11,
        0xB2, 0x10, 0x88, 0x29, 0x92, 0x99, 0xB0, 0x24, 0xAB, 0xD0, 0xE9, 0x32, 0x92, 0xA6, 0xBA, 0x01,
        0xAA, 0x98, 0x2A, 0x31, 0x25, 0x4A, 0x08, 0x4B, 0x42, 0x85, 0x4E, 0x9F, 0x11, 0x9B, 0x06, 0xD6,
        0x1F, 0x31, 0x49, 0x29, 0x91, 0x52, 0x5A, 0xEC, 0x52, 0x4A, 0x1D, 0x0D, 0x03, 0x66, 0x5F, 0x38,
        0x33, 0xE3, 0x89, 0x27, 0x9E, 0xA0, 0x28, 0x0A, 0x6E, 0xBD, 0xF5, 0x56, 0x9E, 0x7E, 0xFA, 0x69,
        0x36, 0x6D, 0xDA, 0x84, 0x88, 0x30, 0x31, 0x31, 0x81, 0x19, 0xA4, 0x94, 0x30, 0x31, 0x5C, 0x4B,
        0x05, 0x29, 0x85, 0xD9, 0xFF, 0xEB, 0xD3, 0x48, 0x29, 0xA1, 0x50, 0x97, 0x67, 0x17, 0xCA, 0xB5,
        0x69, 0x40, 0xBB, 0x6B, 0x7E, 0xA8, 0x2A, 0x29, 0x25, 0x8A, 0xA2, 0xE0, 0xB2, 0xCB, 0x2E, 0x63,
        0xCF, 0x9E, 0x3D, 0x6C, 0xDE, 0xBC, 0x99, 0xB7, 0xDE, 0x7A, 0x8B, 0xC5, 0x8B, 0x17, 0xF3, 0xE0,
        0x83, 0x0F, 0xB2, 0x75, 0xEB, 0x56, 0x6E, 0xBC, 0xF1, 0x46, 0x26, 0x26, 0x27, 0x70, 0x06, 0x53,
        0x0E, 0x3E, 0x6A, 0x2F, 0x31, 0x3C, 0x2F, 0x40, 0x5D, 0xE1, 0xEC, 0x24, 0x25, 0xA6, 0x3D, 0x7C,
        0xD4, 0x51, 0x62, 0x64, 0x9E, 0xAF, 0xCB, 0xF5, 0x9C, 0xBC, 0x69, 0x8C, 0x4B, 0x29, 0x9D, 0x36,
        0xB3, 0xF3, 0x16, 0xF3, 0x3C, 0xA7, 0xAB, 0xAB, 0x8B, 0x83, 0x07, 0x0F, 0x72, 0xEF, 0xBD, 0xF7,
        0xF2, 0xC0, 0x03, 0x0F, 0xB0, 0x77, 0xEF, 0x5E, 0x96, 0x2E, 0x5D, 0xCA, 0x23, 0x8F, 0x3C, 0xC2,
        0xC6, 0x8D, 0x1B, 0x99, 0x1C, 0x1F, 0x27, 0x0F, 0x8E, 0xC3, 0x1D, 0x25, 0x46, 0x5A, 0x3C, 0x9A,
        0x74, 0xB6, 0x0E, 0x92, 0x2A, 0x96, 0x94, 0xAA, 0x18, 0x1F, 0x77, 0x94, 0x18, 0x69, 0x09, 0xD8,
        0x1C, 0xB9, 0xAA, 0x5A, 0xC3, 0xE1, 0xD3, 0x2E, 0xA5, 0x74, 0xB8, 0x61, 0x95, 0xCD, 0xB5, 0x2E,
        0xC6, 0xC8, 0xFC, 0xF9, 0xF3, 0xE9, 0xE8, 0xE8, 0x60, 0xE7, 0xCE, 0x9D, 0xF4, 0xF7, 0xF7, 0xF3,
        0xCC, 0x33, 0xCF, 0x00, 0xF0, 0x83, 0xFB, 0xEE, 0xA3, 0xBD, 0x6D, 0x3E, 0x93, 0x71, 0x86, 0xC3,
        0xED, 0x19, 0x27, 0xE7, 0xCF, 0xC3, 0x92, 0x9D, 0x8B, 0x80, 0x26, 0x34, 0x25, 0x66, 0xBC, 0xE7,
        0x48, 0x47, 0x85, 0x13, 0xE5, 0x84, 0xA5, 0x48, 0x4A, 0xDA, 0xDC, 0x63, 0x8D, 0x74, 0x7F, 0xE2,
        0xCC, 0xEC, 0xED, 0x0B, 0xF2, 0x43, 0x8C, 0x91, 0xC9, 0xC9, 0x49, 0xF2, 0x3C, 0x07, 0xA0, 0xA7,
        0xA7, 0x87, 0xAE, 0xAE, 0x2E, 0x9E, 0x7A, 0xEA, 0x29, 0xC6, 0xC7, 0xC7, 0xE9, 0xEA, 0xEA, 0xA4,
        0x67, 0xE1, 0x22, 0x4E, 0x9D, 0x1D, 0xE1, 0xC3, 0x79, 0x39, 0x93, 0x8B, 0x96, 0xE1, 0xA5, 0x42,
        0x8C, 0x35, 0x12, 0x8E, 0x84, 0xC3, 0x66, 0xAA, 0xA4, 0xF6, 0x25, 0x1C, 0xEE, 0x6A, 0xE3, 0x1F,
        0x71, 0x04, 0x62, 0x81, 0x9A, 0x36, 0x53, 0xDD, 0x3C, 0x86, 0xEF, 0x3A, 0x55, 0x7D, 0x3D, 0xCF,
        0xF3, 0x5C, 0x55, 0x7D, 0x33, 0xFC, 0x6D, 0x6D, 0x6D, 0xDC, 0x72, 0xCB, 0x2D, 0xD4, 0x6A, 0x35,
        0x46, 0x47, 0x47, 0x39, 0x7E, 0xFC, 0x38, 0x23, 0x23, 0x23, 0xAC, 0x58, 0xB1, 0x82, 0x72, 0xB9,
        0x4C, 0xAD, 0x56, 0xE3, 0xE4, 0xA9, 0xD3, 0xC4, 0xA9, 0x13, 0x7C, 0x98, 0x1F, 0x66, 0x78, 0xE9,
        0x17, 0xF0, 0x57, 0xF7, 0x11, 0xAB, 0x67, 0xE0, 0xEC, 0x49, 0x74, 0xF2, 0x04, 0xB4, 0x2F, 0x63,
        0x6A, 0xD5, 0x46, 0x3E, 0x6C, 0x8D, 0x1C, 0x3F, 0xB1, 0x87, 0xE0, 0xB3, 0xB9, 0x35, 0x22, 0x29,
        0x25, 0x51, 0xD5, 0x57, 0x05, 0x90, 0xEB, 0xAE, 0xBB, 0xEE, 0x2F, 0xDE, 0xFB, 0xEB, 0x55, 0x55,
        0xF3, 0x3C, 0xF7, 0x9D, 0x9D, 0x9D, 0xEC, 0xD8, 0xB1, 0x83, 0x23, 0x47, 0x8E, 0xB0, 0x7B, 0xF7,
        0x6E, 0x26, 0x27, 0x27, 0xB9, 0xFC, 0xF2, 0xCB, 0xD9, 0xB0, 0x61, 0x03, 0xAD, 0xAD, 0xAD, 0x3C,
        0xF7, 0xDC, 0x73, 0x3C, 0xFA, 0xD8, 0xE3, 0x2C, 0x68, 0x2B, 0x73, 0xE6, 0x8A, 0xB5, 0x4C, 0x7F,
        0xE7, 0x09, 0x24, 0x94, 0x70, 0x87, 0xF7, 0xE0, 0x47, 0x3E, 0xC0, 0xCA, 0x6D, 0xA4, 0x65, 0x5F,
        0xC5, 0xBA, 0x97, 0x60, 0xAF, 0xFF, 0x0A, 0xFF, 0xBB, 0x01, 0x2E, 0x5B, 0xB0, 0x08, 0xE7, 0x04,
        0xCE, 0x71, 0xB9, 0x93, 0xE5, 0x72, 0xF9, 0x2A, 0x0F, 0xB0, 0x78, 0xF1, 0x62, 0x44, 0xE4, 0xF6,
        0x18, 0xA3, 0x89, 0x88, 0xAB, 0x56, 0xAB, 0x2C, 0x58, 0xB0, 0x80, 0xD5, 0xAB, 0x57, 0xB3, 0x76,
        0xED, 0x5A, 0x7A, 0x7B, 0x7B, 0x59, 0xB9, 0x72, 0x25, 0x27, 0x4E, 0x9C, 0x60, 0xEB, 0xD6, 0xAD,
        0x3C, 0xF9, 0xE4, 0x93, 0xCC, 0x6F, 0x6B, 0x85, 0x50, 0x46, 0x86, 0x0F, 0x52, 0x3D, 0xB6, 0x8F,
        0xD1, 0x9E, 0x25, 0x9C, 0x5A, 0x76, 0x35, 0xA7, 0x56, 0x5C, 0xCB, 0xF8, 0xE2, 0x2F, 0x71, 0xB6,
        0x36, 0x81, 0xBE, 0xF6, 0x34, 0xE5, 0x57, 0x7E, 0xC6, 0xBC, 0xB6, 0xF9, 0xF8, 0x10, 0xB0, 0x7A,
        0x8A, 0x93, 0xF7, 0xDE, 0xA9, 0xEA, 0xAF, 0x77, 0xED, 0xDA, 0x35, 0x24, 0x80, 0xF4, 0xF6, 0xF6,
        0xB6, 0x00, 0xEF, 0x8B, 0xC8, 0x52, 0x55, 0xB5, 0xA2, 0x28, 0xDC, 0xF8, 0xF8, 0x38, 0xED, 0xED,
        0xED, 0x74, 0x77, 0x77, 0x53, 0xA9, 0x54, 0xA8, 0x56, 0xAB, 0x8C, 0x8C, 0x8C, 0x50, 0xAD, 0x56,
        0xE9, 0xEE, 0xEE, 0xC6, 0x39, 0x57, 0x7F, 0xE7, 0x9D, 0x43, 0xCF, 0x4E, 0x30, 0xAD, 0x30, 0xDD,
        0x71, 0x05, 0xA9, 0x3C, 0x0F, 0x8A, 0x1A, 0xD9, 0xF8, 0x30, 0xE5, 0xA9, 0x71, 0xCA, 0x1D, 0xDD,
        0x84, 0x52, 0x09, 0xEA, 0x9C, 0xC0, 0x1A, 0x5C, 0x51, 0xBD, 0xF7, 0x5F, 0xDE, 0xBD, 0x7B, 0xF7,
        0x21, 0x69, 0x12, 0x92, 0xDE, 0xDE, 0xDE, 0x6F, 0x8B, 0xC8, 0x50, 0x51, 0x14, 0x85, 0x73, 0x2E,
        0x13, 0x11, 0xF2, 0x3C, 0xA7, 0x56, 0xAB, 0xD1, 0x7C, 0x1F, 0x2A, 0x95, 0x0A, 0xA5, 0x52, 0xA9,
        0x7E, 0x09, 0xD9, 0x1C, 0x86, 0xED, 0x3C, 0x68, 0xC2, 0x6A, 0x33, 0x90, 0x22, 0x26, 0x02, 0x59,
        0x19, 0x29, 0x95, 0x71, 0x76, 0x8E, 0xBE, 0x9B, 0x59, 0x91, 0x65, 0x59, 0x16, 0x63, 0x7C, 0x6C,
        0xEF, 0xDE, 0xBD, 0x3F, 0x6E, 0x12, 0x92, 0x59, 0x4A, 0xB6, 0x66, 0xCD, 0x9A, 0xE7, 0x43, 0x08,
        0x77, 0x15, 0x45, 0x51, 0x88, 0x48, 0xD6, 0xE4, 0xFA, 0x73, 0x68, 0xD5, 0xF9, 0xC0, 0x9F, 0x62,
        0x80, 0xEE, 0x1C, 0xAF, 0xC6, 0x9A, 0x5E, 0xCF, 0x52, 0x32, 0xEF, 0x7D, 0x30, 0xB3, 0x77, 0xAA,
        0xD5, 0xEA, 0x57, 0xAE, 0xB9, 0xE6, 0x9A, 0x38, 0x34, 0x34, 0xA4, 0x4D, 0xED, 0x32, 0x30, 0x30,
        0x20, 0x2F, 0xBF, 0xFC, 0x72, 0x25, 0xCF, 0xF3, 0xD7, 0xBC, 0xF7, 0xD7, 0xC5, 0x18, 0x0B, 0x11,
        0xC9, 0xE6, 0x02, 0x8A, 0xC8, 0xA5, 0x70, 0xBF, 0x4F, 0xED, 0x37, 0xB3, 0xE8, 0x9C, 0x0B, 0xC0,
        0x89, 0x94, 0xD2, 0xD7, 0xF6, 0xEF, 0xDF, 0xFF, 0x61, 0x83, 0x94, 0xEA, 0x5C, 0x8D, 0x0E, 0xD0,
        0xAB, 0xAE, 0xBA, 0xEA, 0xF2, 0x2C, 0xCB, 0x7E, 0x2F, 0x22, 0xD7, 0xC6, 0x18, 0xA3, 0x88, 0xF8,
        0x4B, 0xE9, 0x05, 0x2E, 0x46, 0xCB, 0xBD, 0xF7, 0x19, 0x70, 0x5C, 0x55, 0x6F, 0xDB, 0xBF, 0x7F,
        0xFF, 0xBB, 0x73, 0x7B, 0x03, 0x7F, 0x01, 0x8B, 0x73, 0x63, 0x63, 0x63, 0x53, 0x9D, 0x9D, 0x9D,
        0x2F, 0x8A, 0xC8, 0x17, 0xBD, 0xF7, 0xAB, 0x55, 0x55, 0xCC, 0x2C, 0x36, 0x3C, 0x93, 0x4B, 0x45,
        0x35, 0xB3, 0xD4, 0xE8, 0x92, 0xBC, 0xAA, 0xFE, 0x4D, 0x55, 0xBF, 0xF5, 0xFE, 0xFB, 0xEF, 0x1F,
        0xB8, 0x58, 0x63, 0x72, 0x5E, 0x24, 0x00, 0x56, 0xAE, 0x5C, 0x79, 0x1F, 0xF0, 0x13, 0xEF, 0x7D,
        0x4F, 0xF3, 0x0E, 0x6F, 0xC8, 0x64, 0xCE, 0xBF, 0x73, 0x5B, 0x33, 0x6B, 0xF4, 0x02, 0xAE, 0x71,
        0x4A, 0x66, 0xCC, 0xEC, 0xE7, 0x45, 0x51, 0x0C, 0x1E, 0x3A, 0x74, 0xA8, 0xD6, 0x70, 0x38, 0x5D,
        0x4A, 0x73, 0xDA, 0x04, 0xD0, 0x35, 0x6B, 0xD6, 0x2C, 0x8C, 0x31, 0xDE, 0x67, 0x66, 0xDF, 0x03,
        0x56, 0x88, 0xC8, 0x67, 0x16, 0x63, 0xB3, 0x60, 0x1B, 0xEB, 0xC7, 0x80, 0xDF, 0x86, 0x10, 0x9E,
        0x7C, 0xEF, 0xBD, 0xF7, 0x3E, 0xB8, 0xD0, 0xB1, 0x4B, 0xEA, 0x8E, 0x2F, 0x6C, 0xAD, 0x7B, 0x7B,
        0x7B, 0xE7, 0x4D, 0x4D, 0x4D, 0xDD, 0x04, 0x7C, 0xDD, 0xCC, 0x7A, 0xCD, 0xEC, 0x73, 0x40, 0xBB,
        0x99, 0x39, 0x11, 0x39, 0x2B, 0x22, 0xFF, 0x34, 0xB3, 0x77, 0x45, 0xE4, 0x4F, 0xAA, 0xBA, 0xE3,
        0xE0, 0xC1, 0x83, 0x63, 0x73, 0x4E, 0x98, 0x7E, 0x56, 0x67, 0x0C, 0xF0, 0x2F, 0xC0, 0xE3, 0xA3,
        0xD0, 0xCE, 0xBB, 0x63, 0x65, 0x00, 0x00, 0x00, 0x00, 0x49, 0x45, 0x4E, 0x44, 0xAE, 0x42, 0x60,
        0x82,
    };

    static const unsigned char kGenericExe[] =
    {
        0x89, 0x50, 0x4E, 0x47, 0x0D, 0x0A, 0x1A, 0x0A, 0x00, 0x00, 0x00, 0x0D, 0x49, 0x48, 0x44, 0x52,
        0x00, 0x00, 0x00, 0x20, 0x00, 0x00, 0x00, 0x20, 0x08, 0x06, 0x00, 0x00, 0x00, 0x73, 0x7A, 0x7A,
        0xF4, 0x00, 0x00, 0x02, 0xD7, 0x49, 0x44, 0x41, 0x54, 0x78, 0xDA, 0xED, 0x97, 0xC1, 0x6E, 0x1C,
        0x45, 0x14, 0x45, 0xCF, 0xAB, 0xAE, 0xEE, 0x9E, 0x99, 0x4C, 0x9C, 0xE0, 0x38, 0x42, 0xB0, 0x30,
        0x81, 0x15, 0x21, 0x7F, 0x80, 0x58, 0x58, 0xAC, 0xF9, 0x0D, 0xB6, 0x08, 0x89, 0x1D, 0x62, 0xCB,
        0x9F, 0xF0, 0x07, 0x08, 0x96, 0x58, 0x42, 0x08, 0x21, 0x90, 0x2C, 0x10, 0x04, 0xB1, 0xCE, 0x82,
        0x85, 0xE5, 0x10, 0x1C, 0x43, 0xEC, 0xEE, 0x76, 0xBD, 0xCB, 0xA2, 0x67, 0xC6, 0xE9, 0x19, 0x3C,
        0x33, 0x1D, 0x0D, 0xF6, 0x86, 0x92, 0x4A, 0x2D, 0xB5, 0x5E, 0xDD, 0xBA, 0x75, 0xDF, 0xAD, 0xAA,
        0x57, 0x70, 0xCD, 0xCD, 0x00, 0x93, 0x74, 0x3D, 0x93, 0x9B, 0x71, 0xED, 0xCD, 0xF6, 0xF7, 0xF7,
        0xE3, 0xC1, 0xC1, 0xC1, 0x56, 0x5D, 0xD7, 0x57, 0x22, 0xC3, 0xF1, 0xF1, 0x31, 0x00, 0x65, 0x59,
        0xDA, 0xDE, 0xDE, 0xDE, 0x53, 0xFB, 0xE8, 0xC3, 0x0F, 0x7E, 0xB4, 0x60, 0xBB, 0x92, 0x1C, 0xE9,
        0x3F, 0xD5, 0xC4, 0x82, 0xF1, 0xD2, 0xF6, 0x1D, 0x02, 0x26, 0x20, 0x1C, 0x1D, 0x1D, 0x3D, 0xB2,
        0x2F, 0xBF, 0xF8, 0x5C, 0xF7, 0xEF, 0xBF, 0x45, 0xD3, 0x34, 0x30, 0x97, 0x13, 0x6B, 0x13, 0x85,
        0x04, 0xDE, 0xD3, 0x27, 0xC1, 0xAC, 0x85, 0x93, 0x78, 0x7E, 0x64, 0x16, 0x32, 0x84, 0xC8, 0xF3,
        0x9C, 0x87, 0xBF, 0xFC, 0x4C, 0xDC, 0x7D, 0xED, 0x9E, 0xDF, 0x7B, 0xFD, 0x8D, 0x6B, 0x71, 0xC3,
        0xC9, 0xC9, 0x5F, 0x8A, 0x75, 0x5D, 0x07, 0x77, 0xE7, 0xF0, 0xF0, 0x90, 0x94, 0xD2, 0xCC, 0x99,
        0xEE, 0xCE, 0x60, 0x38, 0xE4, 0xD6, 0xD6, 0x16, 0xBF, 0x9F, 0x34, 0xFC, 0xF6, 0x47, 0x43, 0x1E,
        0x5A, 0x35, 0x96, 0x3B, 0x1B, 0x1A, 0x17, 0x6F, 0x6E, 0xE7, 0xBC, 0x7A, 0x33, 0xE7, 0xC9, 0x93,
        0x3F, 0x69, 0x9A, 0x7A, 0x86, 0x2B, 0xB5, 0xAB, 0xDF, 0xD9, 0xD9, 0xA1, 0xAE, 0xCF, 0x2C, 0x9A,
        0x19, 0x21, 0x04, 0xC6, 0xE3, 0x31, 0x92, 0x3A, 0x81, 0xB2, 0x40, 0x9E, 0x07, 0x3E, 0xFB, 0xF5,
        0x6F, 0x3E, 0xF9, 0xEA, 0x31, 0x37, 0x47, 0x19, 0xE7, 0xBE, 0x9C, 0x40, 0x0C, 0x70, 0xF2, 0x2C,
        0xF1, 0xE9, 0xBB, 0x77, 0xF8, 0xF8, 0x9D, 0x6D, 0xCA, 0xE1, 0x90, 0xE1, 0x70, 0xD0, 0xC1, 0x9D,
        0xCE, 0x69, 0x16, 0x88, 0xD3, 0x81, 0xA7, 0xA7, 0xA7, 0xB8, 0x7B, 0x27, 0x30, 0xCB, 0x0B, 0x60,
        0x48, 0x90, 0xC8, 0x32, 0xB8, 0x91, 0xC1, 0xB9, 0x69, 0x05, 0x01, 0xE3, 0x59, 0x06, 0x26, 0x01,
        0x46, 0x55, 0x55, 0x28, 0x9D, 0x77, 0x70, 0x63, 0x8C, 0x8C, 0xC7, 0xE3, 0x36, 0x7E, 0x3A, 0x70,
        0x30, 0x18, 0x2C, 0x80, 0xC9, 0x42, 0xFB, 0x05, 0x52, 0x4A, 0xA4, 0x64, 0x24, 0x5F, 0x4E, 0xC0,
        0x64, 0xA4, 0x94, 0x66, 0xC6, 0x2B, 0xCB, 0x92, 0x40, 0x71, 0xE9, 0x01, 0x34, 0x23, 0x70, 0x76,
        0x76, 0x76, 0xA9, 0x02, 0xB8, 0x83, 0x3B, 0x72, 0x47, 0x2B, 0x08, 0x08, 0x9B, 0xC5, 0x03, 0x9B,
        0x51, 0xA0, 0x95, 0xA0, 0x07, 0x81, 0xE4, 0x4C, 0x25, 0xD8, 0x80, 0x02, 0x23, 0x90, 0xB7, 0xA0,
        0xC9, 0x61, 0x05, 0x01, 0x34, 0x25, 0xB0, 0x31, 0x0F, 0xA8, 0xC5, 0x72, 0xA1, 0x49, 0x5F, 0xAE,
        0xC0, 0x24, 0x56, 0x02, 0xB4, 0x19, 0x0F, 0x48, 0xEA, 0xED, 0x81, 0xE9, 0x0D, 0x5B, 0xD7, 0xF5,
        0xBF, 0x2A, 0xB0, 0x40, 0x60, 0xB9, 0x07, 0xFA, 0x13, 0x98, 0x9E, 0x58, 0x31, 0x46, 0x08, 0xD6,
        0x5D, 0x58, 0x96, 0xF5, 0xF5, 0x80, 0x2E, 0x9C, 0xBD, 0xCA, 0x03, 0x73, 0x04, 0x46, 0xA3, 0x11,
        0x79, 0x16, 0x3A, 0x11, 0xEE, 0xFE, 0x02, 0x0A, 0xA4, 0x84, 0x52, 0x58, 0xAD, 0x80, 0x0C, 0x52,
        0x9A, 0x99, 0xD0, 0xDD, 0x49, 0x68, 0x2E, 0x46, 0xFD, 0x14, 0x90, 0xAB, 0xF7, 0x36, 0x5C, 0xB7,
        0xCA, 0x5A, 0x4F, 0x01, 0x5E, 0x3C, 0x05, 0x6B, 0x13, 0xA8, 0xAA, 0xAA, 0xA3, 0x80, 0xBB, 0x13,
        0x8B, 0xB2, 0x9D, 0xDE, 0xD5, 0x7B, 0x1B, 0xAE, 0x26, 0x3A, 0x47, 0x20, 0xC6, 0xB8, 0x70, 0x1B,
        0xDA, 0x73, 0x6E, 0xB5, 0xC9, 0x2E, 0x60, 0x8D, 0x14, 0x98, 0x3B, 0xEB, 0x96, 0x2F, 0x33, 0x02,
        0xE3, 0xF1, 0x98, 0x10, 0xBA, 0x6E, 0x6D, 0x92, 0xCF, 0xD4, 0x50, 0x6A, 0xBB, 0xAF, 0x20, 0x10,
        0x64, 0x93, 0x38, 0xEF, 0x47, 0xC0, 0x7D, 0xD1, 0x38, 0xED, 0x64, 0x19, 0x45, 0x30, 0x4C, 0x3E,
        0xE9, 0xAB, 0x6F, 0x43, 0x93, 0x53, 0x04, 0x5B, 0x9B, 0x80, 0xA7, 0x94, 0xCC, 0x3D, 0x4D, 0xAB,
        0xC0, 0x4E, 0x4D, 0x58, 0x55, 0x35, 0xEF, 0xBF, 0xFD, 0x32, 0xEF, 0x3D, 0xB8, 0xBD, 0x76, 0x1D,
        0x2F, 0x89, 0x57, 0x6E, 0x95, 0x54, 0x55, 0x8D, 0x49, 0xA4, 0xB4, 0x98, 0xA8, 0xD4, 0xFE, 0x54,
        0x2C, 0x8A, 0x22, 0x64, 0x59, 0x46, 0x96, 0x0D, 0x2F, 0x05, 0xBC, 0x5B, 0x96, 0xDC, 0xBD, 0x7D,
        0x63, 0xE3, 0x35, 0x61, 0x51, 0x14, 0x16, 0xBF, 0xFD, 0xE6, 0xEB, 0x9F, 0xEA, 0xBA, 0xDE, 0x45,
        0x72, 0x2D, 0xD4, 0xC5, 0x17, 0xCE, 0xEE, 0xFB, 0x78, 0x32, 0x9B, 0xD7, 0xF3, 0x02, 0xCB, 0x40,
        0x98, 0x85, 0x1F, 0xBE, 0xFF, 0xEE, 0x91, 0x4D, 0xD2, 0xB0, 0x05, 0x5C, 0xF5, 0xFB, 0xCC, 0x80,
        0xA7, 0x97, 0xAC, 0xF9, 0xCA, 0x1E, 0x87, 0xFF, 0x3F, 0x4E, 0xF9, 0x07, 0x62, 0x11, 0x0B, 0x63,
        0x9D, 0x10, 0x62, 0x49, 0x00, 0x00, 0x00, 0x00, 0x49, 0x45, 0x4E, 0x44, 0xAE, 0x42, 0x60, 0x82,
    };

    static const unsigned char kFtkImager[] =
    {
        0x89, 0x50, 0x4E, 0x47, 0x0D, 0x0A, 0x1A, 0x0A, 0x00, 0x00, 0x00, 0x0D, 0x49, 0x48, 0x44, 0x52,
        0x00, 0x00, 0x00, 0x20, 0x00, 0x00, 0x00, 0x20, 0x08, 0x03, 0x00, 0x00, 0x00, 0x44, 0xA4, 0x8A,
        0xC6, 0x00, 0x00, 0x00, 0x20, 0x63, 0x48, 0x52, 0x4D, 0x00, 0x00, 0x7A, 0x26, 0x00, 0x00, 0x80,
        0x84, 0x00, 0x00, 0xFA, 0x00, 0x00, 0x00, 0x80, 0xE8, 0x00, 0x00, 0x75, 0x30, 0x00, 0x00, 0xEA,
        0x60, 0x00, 0x00, 0x3A, 0x98, 0x00, 0x00, 0x17, 0x70, 0x9C, 0xBA, 0x51, 0x3C, 0x00, 0x00, 0x01,
        0xC2, 0x50, 0x4C, 0x54, 0x45, 0xF4, 0x6B, 0x3E, 0xF3, 0x6B, 0x3E, 0xD3, 0x5D, 0x36, 0xB4, 0x4F,
        0x2E, 0xB0, 0x4E, 0x2D, 0xB3, 0x4F, 0x2E, 0xD2, 0x5D, 0x36, 0xF3, 0x6B, 0x3E, 0xF4, 0x6B, 0x3E,
        0xF3, 0x6B, 0x3E, 0xF2, 0x6B, 0x3E, 0xD2, 0x5D, 0x35, 0xCF, 0x5B, 0x35, 0xB2, 0x4F, 0x2D, 0xD1,
        0x5C, 0x35, 0xCE, 0x5B, 0x34, 0xF2, 0x6B, 0x3E, 0xF2, 0x6B, 0x3E, 0xF4, 0x6C, 0x3E, 0xF2, 0x6B,
        0x3E, 0xCF, 0x5B, 0x35, 0xCE, 0x5B, 0x34, 0xF5, 0x6C, 0x3E, 0xA4, 0x48, 0x2A, 0x2B, 0x13, 0x0B,
        0x0E, 0x06, 0x04, 0x0D, 0x06, 0x03, 0x29, 0x12, 0x0A, 0xA1, 0x47, 0x29, 0x2A, 0x12, 0x0B, 0x00,
        0x00, 0x00, 0x26, 0x11, 0x0A, 0x0C, 0x05, 0x03, 0xB0, 0x4D, 0x2D, 0x0B, 0x05, 0x03, 0xAD, 0x4C,
        0x2C, 0x02, 0x02, 0x02, 0x14, 0x14, 0x14, 0x03, 0x03, 0x03, 0x04, 0x04, 0x04, 0x68, 0x68, 0x68,
        0xA5, 0xA5, 0xA5, 0x54, 0x54, 0x54, 0x6E, 0x6E, 0x6E, 0x84, 0x84, 0x84, 0x7D, 0x7D, 0x7D, 0x75,
        0x75, 0x75, 0x85, 0x85, 0x85, 0x69, 0x69, 0x69, 0x8F, 0x8F, 0x8F, 0x16, 0x16, 0x16, 0x90, 0x90,
        0x90, 0x1E, 0x1E, 0x1E, 0x33, 0x33, 0x33, 0x3D, 0x3D, 0x3D, 0x3C, 0x3C, 0x3C, 0x3B, 0x3B, 0x3B,
        0x39, 0x39, 0x39, 0x18, 0x18, 0x18, 0x7B, 0x7B, 0x7B, 0xB6, 0xB6, 0xB6, 0xA3, 0xA3, 0xA3, 0xBF,
        0xBF, 0xBF, 0xE4, 0xE4, 0xE4, 0x51, 0x51, 0x51, 0x1A, 0x1A, 0x1A, 0xE2, 0xE2, 0xE2, 0x83, 0x83,
        0x83, 0x6D, 0x6D, 0x6D, 0x6F, 0x6F, 0x6F, 0xD0, 0xD0, 0xD0, 0x34, 0x34, 0x34, 0x7F, 0x7F, 0x7F,
        0xEA, 0xEA, 0xEA, 0xB5, 0xB5, 0xB5, 0xE3, 0xE3, 0xE3, 0x46, 0x46, 0x46, 0x17, 0x17, 0x17, 0x06,
        0x06, 0x06, 0x95, 0x95, 0x95, 0xE8, 0xE8, 0xE8, 0x9C, 0x9C, 0x9C, 0x8C, 0x8C, 0x8C, 0x8D, 0x8D,
        0x8D, 0x8E, 0x8E, 0x8E, 0xCD, 0xCD, 0xCD, 0xD8, 0xD8, 0xD8, 0x41, 0x41, 0x41, 0x09, 0x09, 0x09,
        0x77, 0x77, 0x77, 0x71, 0x71, 0x71, 0xE5, 0xE5, 0xE5, 0x89, 0x89, 0x89, 0x65, 0x65, 0x65, 0x67,
        0x67, 0x67, 0x66, 0x66, 0x66, 0xA8, 0xA8, 0xA8, 0xD3, 0xD3, 0xD3, 0x35, 0x35, 0x35, 0x8A, 0x8A,
        0x8A, 0xB0, 0xB0, 0xB0, 0x9E, 0x9E, 0x9E, 0x15, 0x15, 0x15, 0x07, 0x07, 0x07, 0x9D, 0x9D, 0x9D,
        0xDD, 0xDD, 0xDD, 0xAC, 0xAC, 0xAC, 0xA7, 0xA7, 0xA7, 0xA9, 0xA9, 0xA9, 0xAB, 0xAB, 0xAB, 0xB4,
        0xB4, 0xB4, 0x3A, 0x3A, 0x3A, 0x60, 0x60, 0x60, 0x01, 0x01, 0x01, 0x42, 0x42, 0x42, 0x93, 0x93,
        0x93, 0x1C, 0x1C, 0x1C, 0x1D, 0x1D, 0x1D, 0x3F, 0x3F, 0x3F, 0x4B, 0x4B, 0x4B, 0x4D, 0x4D, 0x4D,
        0x4E, 0x4E, 0x4E, 0x43, 0x43, 0x43, 0x62, 0x62, 0x62, 0x2F, 0x2F, 0x2F, 0xBA, 0xBA, 0xBA, 0x91,
        0x91, 0x91, 0x94, 0x94, 0x94, 0x20, 0x20, 0x20, 0xBB, 0xBB, 0xBB, 0x86, 0x86, 0x86, 0xCA, 0xCA,
        0xCA, 0x5B, 0x5B, 0x5B, 0x6C, 0x6C, 0x6C, 0x74, 0x74, 0x74, 0x81, 0x81, 0x81, 0x5F, 0x5F, 0x5F,
        0x61, 0x61, 0x61, 0x10, 0x10, 0x10, 0x5C, 0x5C, 0x5C, 0x47, 0x47, 0x47, 0x0A, 0x0A, 0x0A, 0x0E,
        0x06, 0x03, 0xAF, 0x4D, 0x2C, 0x28, 0x12, 0x0A, 0x24, 0x10, 0x09, 0xA0, 0x47, 0x29, 0x9D, 0x45,
        0x28, 0xAF, 0x4D, 0x2D, 0xFF, 0xFF, 0xFF, 0xFF, 0xDE, 0x8E, 0xBE, 0x00, 0x00, 0x00, 0x17, 0x74,
        0x52, 0x4E, 0x53, 0x20, 0xA5, 0xF1, 0xF7, 0xF7, 0xF7, 0xF1, 0xA9, 0x23, 0xA6, 0xAC, 0xF1, 0xF8,
        0xF8, 0xF1, 0xF8, 0xA7, 0xAD, 0x22, 0xA9, 0xF6, 0xF7, 0x25, 0xFB, 0x9A, 0x7B, 0x4B, 0x00, 0x00,
        0x00, 0x01, 0x62, 0x4B, 0x47, 0x44, 0x95, 0x08, 0x60, 0x7A, 0x83, 0x00, 0x00, 0x00, 0x07, 0x74,
        0x49, 0x4D, 0x45, 0x07, 0xEA, 0x09, 0x0E, 0x10, 0x2E, 0x2B, 0x2D, 0x59, 0xD4, 0x1A, 0x00, 0x00,
        0x01, 0x4D, 0x49, 0x44, 0x41, 0x54, 0x38, 0xCB, 0x63, 0x60, 0x60, 0x64, 0x62, 0x66, 0xC1, 0x01,
        0x58, 0xD9, 0xD8, 0x39, 0x18, 0x38, 0xC5, 0x25, 0x24, 0xA5, 0x70, 0x00, 0x49, 0x69, 0x19, 0x2E,
        0x06, 0x6E, 0x59, 0x39, 0x3C, 0x40, 0x9E, 0x87, 0x81, 0x57, 0x12, 0x9F, 0x02, 0x05, 0x45, 0x06,
        0x16, 0x29, 0x7C, 0x0A, 0x94, 0x94, 0x49, 0x56, 0xA0, 0xA2, 0xAA, 0x86, 0x57, 0x81, 0xBA, 0x86,
        0xA6, 0x16, 0x3E, 0x05, 0xEA, 0xDA, 0x3A, 0xBA, 0x7A, 0x78, 0x14, 0xA8, 0x6B, 0xEB, 0x1B, 0x18,
        0x1A, 0xE1, 0x56, 0x00, 0x92, 0x37, 0x56, 0xC5, 0xED, 0x48, 0xB0, 0x7E, 0x13, 0x53, 0x33, 0x73,
        0x08, 0xB0, 0xB0, 0xB4, 0x42, 0x55, 0x00, 0x91, 0xB7, 0xB6, 0xB1, 0x85, 0x02, 0x3B, 0x7B, 0x07,
        0x14, 0x05, 0x60, 0xF3, 0x1D, 0x75, 0x9D, 0x9C, 0x5D, 0xB4, 0xC1, 0xC0, 0xD5, 0xCE, 0xCD, 0x1D,
        0x59, 0x01, 0x58, 0xDE, 0x48, 0xCD, 0xC3, 0xD3, 0x56, 0x47, 0x1F, 0x0C, 0x74, 0xBC, 0xBC, 0x7D,
        0x90, 0x14, 0x80, 0xE5, 0x7D, 0xE5, 0xFC, 0xFC, 0x03, 0x02, 0x83, 0x82, 0xC1, 0x20, 0x24, 0x34,
        0x2C, 0x1C, 0xA1, 0x20, 0x22, 0xD2, 0x5F, 0x03, 0x28, 0x2F, 0xA7, 0x16, 0x15, 0x1D, 0x13, 0x1B,
        0x07, 0x06, 0xF1, 0x09, 0x89, 0x49, 0x70, 0x05, 0x46, 0xC9, 0x09, 0x29, 0xA9, 0x69, 0x40, 0x85,
        0xE9, 0x19, 0x99, 0x59, 0xD9, 0x40, 0x90, 0x90, 0x93, 0x93, 0x9B, 0x97, 0x8F, 0xF0, 0x66, 0x81,
        0x6B, 0x61, 0x51, 0x71, 0x89, 0xA3, 0xA3, 0x63, 0x69, 0x59, 0x79, 0x05, 0x10, 0x54, 0x56, 0x99,
        0x9A, 0xBA, 0x9B, 0x20, 0x85, 0x83, 0x46, 0xB5, 0x5C, 0x4D, 0x6D, 0x71, 0x1D, 0x10, 0x18, 0x86,
        0x80, 0x80, 0x7F, 0x7D, 0x3A, 0x6A, 0x40, 0x35, 0xF8, 0x27, 0x37, 0xDA, 0xE8, 0x34, 0xC1, 0x80,
        0x7E, 0x48, 0x73, 0x39, 0x5A, 0x48, 0x5A, 0xE5, 0xB4, 0x98, 0x97, 0x21, 0x80, 0x79, 0xAB, 0x0E,
        0x7A, 0x50, 0xB7, 0xB5, 0x77, 0x74, 0x22, 0x40, 0x47, 0x50, 0x07, 0xBA, 0x82, 0xAE, 0xCA, 0xEE,
        0x16, 0x04, 0xE8, 0xEE, 0xE9, 0x25, 0x3F, 0xC9, 0xD1, 0x42, 0x01, 0x6F, 0x1F, 0x5E, 0x05, 0xFD,
        0x0C, 0x7C, 0x13, 0xF0, 0x29, 0x98, 0xC8, 0xCF, 0x20, 0x30, 0x49, 0x5E, 0x09, 0x27, 0x98, 0x38,
        0x59, 0x90, 0x41, 0x48, 0x58, 0x64, 0x8A, 0x32, 0x0E, 0x30, 0x45, 0x94, 0x4B, 0x0C, 0x00, 0x17,
        0xB4, 0xB0, 0x1F, 0x77, 0xBE, 0x7F, 0xD3, 0x00, 0x00, 0x00, 0x25, 0x74, 0x45, 0x58, 0x74, 0x64,
        0x61, 0x74, 0x65, 0x3A, 0x63, 0x72, 0x65, 0x61, 0x74, 0x65, 0x00, 0x32, 0x30, 0x32, 0x36, 0x2D,
        0x30, 0x39, 0x2D, 0x31, 0x34, 0x54, 0x31, 0x36, 0x3A, 0x34, 0x36, 0x3A, 0x32, 0x35, 0x2B, 0x30,
        0x30, 0x3A, 0x30, 0x30, 0x63, 0x89, 0x33, 0xDF, 0x00, 0x00, 0x00, 0x25, 0x74, 0x45, 0x58, 0x74,
        0x64, 0x61, 0x74, 0x65, 0x3A, 0x6D, 0x6F, 0x64, 0x69, 0x66, 0x79, 0x00, 0x32, 0x30, 0x32, 0x36,
        0x2D, 0x30, 0x39, 0x2D, 0x31, 0x34, 0x54, 0x31, 0x36, 0x3A, 0x34, 0x36, 0x3A, 0x32, 0x35, 0x2B,
        0x30, 0x30, 0x3A, 0x30, 0x30, 0x12, 0xD4, 0x8B, 0x63, 0x00, 0x00, 0x00, 0x28, 0x74, 0x45, 0x58,
        0x74, 0x64, 0x61, 0x74, 0x65, 0x3A, 0x74, 0x69, 0x6D, 0x65, 0x73, 0x74, 0x61, 0x6D, 0x70, 0x00,
        0x32, 0x30, 0x32, 0x36, 0x2D, 0x30, 0x39, 0x2D, 0x31, 0x34, 0x54, 0x31, 0x36, 0x3A, 0x34, 0x36,
        0x3A, 0x34, 0x33, 0x2B, 0x30, 0x30, 0x3A, 0x30, 0x30, 0xE0, 0x7E, 0x96, 0x01, 0x00, 0x00, 0x00,
        0x00, 0x49, 0x45, 0x4E, 0x44, 0xAE, 0x42, 0x60, 0x82,
    };

    struct Entry
    {
        const wchar_t* key;
        const unsigned char* data;
        unsigned int size;
        bool exact;
    };

    // Keys are already normalised: lowercase, latin letters and digits only.
    // Several keys may point at the same icon (aliases).
    static const Entry kEntries[] =
    {
        { L"ftkimager", kFtkImager, static_cast<unsigned int>(sizeof(kFtkImager)), false },
        { L"everything", kEverything, static_cast<unsigned int>(sizeof(kEverything)), false },
        { L"usbdeview", kUsbDeview, static_cast<unsigned int>(sizeof(kUsbDeview)), false },
        { L"usbdrivelog", kUsbDriveLog, static_cast<unsigned int>(sizeof(kUsbDriveLog)), false },
        { L"regscanner", kRegScanner, static_cast<unsigned int>(sizeof(kRegScanner)), false },
        { L"lastactivityview", kLastActivityView, static_cast<unsigned int>(sizeof(kLastActivityView)), false },
        { L"executedprogramslist", kExecutedProgramsList, static_cast<unsigned int>(sizeof(kExecutedProgramsList)), false },
        { L"recentfilesview", kRecentFilesView, static_cast<unsigned int>(sizeof(kRecentFilesView)), false },
        { L"browserdownloadsview", kBrowserDownloadsView, static_cast<unsigned int>(sizeof(kBrowserDownloadsView)), false },
        { L"shellbag", kShellBag, static_cast<unsigned int>(sizeof(kShellBag)), false },
        { L"winrar", kWinRar, static_cast<unsigned int>(sizeof(kWinRar)), false },
        { L"systeminformer", kSystemInformer, static_cast<unsigned int>(sizeof(kSystemInformer)), false },
        { L"minecraftversion", kMinecraftVersion, static_cast<unsigned int>(sizeof(kMinecraftVersion)), false },
        { L"processhacker", kProcessHacker, static_cast<unsigned int>(sizeof(kProcessHacker)), false },
        { L"jumplistexplorer", kJumpListExplorer, static_cast<unsigned int>(sizeof(kJumpListExplorer)), false },
        { L"jumplist", kJumpListExplorer, static_cast<unsigned int>(sizeof(kJumpListExplorer)), false },
        { L"winprefetchview", kWinPrefetchView, static_cast<unsigned int>(sizeof(kWinPrefetchView)), false },
        { L"prefetchview", kWinPrefetchView, static_cast<unsigned int>(sizeof(kWinPrefetchView)), false },
        { L"windeflogview", kWinDefLogView, static_cast<unsigned int>(sizeof(kWinDefLogView)), false },
        { L"alternatestreamview", kAlternateStreamView, static_cast<unsigned int>(sizeof(kAlternateStreamView)), false },
        { L"recuva", kRecuva, static_cast<unsigned int>(sizeof(kRecuva)), false },
        { L"registryexplorer", kRegistryExplorer, static_cast<unsigned int>(sizeof(kRegistryExplorer)), false },
        { L"browsinghistoryview", kBrowsingHistoryView, static_cast<unsigned int>(sizeof(kBrowsingHistoryView)), false },
        { L"detectiteasy", kDetectItEasy, static_cast<unsigned int>(sizeof(kDetectItEasy)), false },
        { L"die", kDetectItEasy, static_cast<unsigned int>(sizeof(kDetectItEasy)), true },
        { L"simpleunlocker", kSimpleUnlocker, static_cast<unsigned int>(sizeof(kSimpleUnlocker)), false },
        { L"su", kSimpleUnlocker, static_cast<unsigned int>(sizeof(kSimpleUnlocker)), true },
    };

    static const int kEntryCount =
        static_cast<int>(sizeof(kEntries) / sizeof(kEntries[0]));

    static Gdiplus::Bitmap* g_bitmaps[kEntryCount] = {};
    static bool g_decoded[kEntryCount] = {};

    static Gdiplus::Bitmap* g_genericBitmap = nullptr;
    static bool g_genericDecoded = false;

    static std::wstring Normalize(const wchar_t* text)
    {
        std::wstring out;

        for (const wchar_t* p = text; p && *p; ++p)
        {
            wchar_t ch = *p;

            if (ch >= L'A' && ch <= L'Z')
                out += static_cast<wchar_t>(ch - L'A' + L'a');
            else if ((ch >= L'a' && ch <= L'z') || (ch >= L'0' && ch <= L'9'))
                out += ch;
        }

        return out;
    }

    // Matches the tile caption the same way the download helpers identify
    // items (case-insensitive substring). The longest key wins so similar
    // names such as usbdeview / usbdrivelog cannot collide, and very short
    // keys such as die / su only match when they are the whole caption.
    static int FindIndex(const wchar_t* name)
    {
        std::wstring normalized = Normalize(name);

        if (normalized.empty())
            return -1;

        int best = -1;
        size_t bestLength = 0;

        for (int i = 0; i < kEntryCount; ++i)
        {
            std::wstring key = kEntries[i].key;

            if (key.empty())
                continue;

            if (kEntries[i].exact)
            {
                if (normalized == key)
                    return i;

                continue;
            }

            if (key.size() <= bestLength)
                continue;

            if (normalized.find(key) != std::wstring::npos)
            {
                best = i;
                bestLength = key.size();
            }
        }

        return best;
    }

    static Gdiplus::Bitmap* DecodePng(const unsigned char* data, unsigned int size)
    {
        HGLOBAL memory = GlobalAlloc(GMEM_MOVEABLE, size);

        if (!memory)
            return nullptr;

        void* target = GlobalLock(memory);

        if (!target)
        {
            GlobalFree(memory);
            return nullptr;
        }

        memcpy(target, data, size);
        GlobalUnlock(memory);

        IStream* stream = nullptr;

        // TRUE: the stream takes ownership and frees the memory on release.
        if (CreateStreamOnHGlobal(memory, TRUE, &stream) != S_OK || !stream)
        {
            GlobalFree(memory);
            return nullptr;
        }

        Gdiplus::Bitmap* decoded = Gdiplus::Bitmap::FromStream(stream);
        Gdiplus::Bitmap* result = nullptr;

        if (decoded && decoded->GetLastStatus() == Gdiplus::Ok)
        {
            // Clone forces a full decode into our own memory so the bitmap
            // stays valid once the stream is released.
            result = decoded->Clone(
                0,
                0,
                static_cast<INT>(decoded->GetWidth()),
                static_cast<INT>(decoded->GetHeight()),
                PixelFormat32bppARGB);

            if (result && result->GetLastStatus() != Gdiplus::Ok)
            {
                delete result;
                result = nullptr;
            }
        }

        if (decoded)
            delete decoded;

        stream->Release();
        return result;
    }

    static Gdiplus::Bitmap* Load(int index)
    {
        if (index < 0 || index >= kEntryCount)
            return nullptr;

        if (g_decoded[index])
            return g_bitmaps[index];

        g_decoded[index] = true;
        g_bitmaps[index] = DecodePng(kEntries[index].data, kEntries[index].size);
        return g_bitmaps[index];
    }

    // Generic executable icon shown for any tile without a dedicated icon.
    static Gdiplus::Bitmap* LoadGeneric()
    {
        if (g_genericDecoded)
            return g_genericBitmap;

        g_genericDecoded = true;
        g_genericBitmap = DecodePng(
            kGenericExe,
            static_cast<unsigned int>(sizeof(kGenericExe)));
        return g_genericBitmap;
    }

    static void Draw(
        HDC hdc,
        Gdiplus::Bitmap* bitmap,
        int x,
        int y,
        int size,
        bool disabled)
    {
        if (!bitmap)
            return;

        Gdiplus::Graphics graphics(hdc);
        graphics.SetInterpolationMode(Gdiplus::InterpolationModeHighQualityBicubic);
        graphics.SetPixelOffsetMode(Gdiplus::PixelOffsetModeHalf);
        graphics.SetCompositingQuality(Gdiplus::CompositingQualityHighQuality);

        Gdiplus::Rect destination(x, y, size, size);

        const INT sourceWidth = static_cast<INT>(bitmap->GetWidth());
        const INT sourceHeight = static_cast<INT>(bitmap->GetHeight());

        if (disabled)
        {
            // Greyscale plus reduced opacity to match the dimmed button state.
            Gdiplus::ColorMatrix matrix =
            {
                0.30f, 0.30f, 0.30f, 0.0f,  0.0f,
                0.59f, 0.59f, 0.59f, 0.0f,  0.0f,
                0.11f, 0.11f, 0.11f, 0.0f,  0.0f,
                0.0f,  0.0f,  0.0f,  0.45f, 0.0f,
                0.0f,  0.0f,  0.0f,  0.0f,  1.0f
            };

            Gdiplus::ImageAttributes attributes;
            attributes.SetColorMatrix(&matrix);

            graphics.DrawImage(
                bitmap,
                destination,
                0,
                0,
                sourceWidth,
                sourceHeight,
                Gdiplus::UnitPixel,
                &attributes);
        }
        else
        {
            graphics.DrawImage(
                bitmap,
                destination,
                0,
                0,
                sourceWidth,
                sourceHeight,
                Gdiplus::UnitPixel);
        }
    }
}
static void PaintButtonBackground(HDC hdc, const RECT& r) {
    HBRUSH br = CreateSolidBrush(BG);
    FillRect(hdc, &r, br);
    DeleteObject(br);
}

static void DrawOwnerButtonToDc(DRAWITEMSTRUCT* d) {
    const int id = static_cast<int>(d->CtlID);
    RECT r = d->rcItem;
    PaintButtonBackground(d->hDC, r);

    const bool pressed = (d->itemState & ODS_SELECTED) != 0;
    const bool disabled = ((d->itemState & ODS_DISABLED) != 0) || !IsWindowEnabled(d->hwndItem);
    const bool hovered = !disabled && !pressed && d->hwndItem == g_hoverButton;
    const bool tabButton = id >= IDC_TAB_BASE && id < IDC_TAB_BASE + TAB_COUNT;
    const bool tileButton = id >= IDC_TILE_BASE && id < IDC_TILE_BASE + static_cast<int>(kItemCount);
    const bool deleteButton = id == IDC_DELETE_ALL;
    const bool selected = tabButton && (id - IDC_TAB_BASE == g_currentTab);

    COLORREF fillTop = RGB(52, 53, 58);
    COLORREF fillBottom = RGB(41, 42, 46);
    COLORREF border = RGB(66, 68, 73);
    COLORREF text = RGB(228, 229, 233);
    BYTE fillAlpha = 110;
    BYTE borderAlpha = 220;
    bool highlight = true;

    if (disabled) {
        fillTop = RGB(40, 41, 45); fillBottom = RGB(35, 36, 39); border = RGB(52, 53, 57);
        text = RGB(124, 126, 131); fillAlpha = 75; borderAlpha = 175; highlight = false;
    } else if (selected) {
        fillTop = RGB(84, 86, 92); fillBottom = RGB(64, 66, 71); border = RGB(146, 148, 155);
        text = RGB(246, 247, 249); fillAlpha = 170; borderAlpha = 255;
    } else if (pressed) {
        fillTop = RGB(34, 35, 39); fillBottom = RGB(30, 31, 34); border = RGB(84, 86, 92);
        fillAlpha = 125; highlight = false;
    } else if (hovered) {
        fillTop = RGB(64, 65, 71); fillBottom = RGB(51, 52, 57); border = RGB(96, 98, 104);
        text = RGB(240, 241, 244); fillAlpha = 135; highlight = false;
    }

    if (!disabled && deleteButton) {
        fillTop = pressed ? RGB(74, 32, 34) : (hovered ? RGB(102, 44, 46) : RGB(88, 38, 40));
        fillBottom = pressed ? RGB(60, 26, 28) : (hovered ? RGB(84, 34, 36) : RGB(70, 30, 32));
        border = hovered ? RGB(150, 68, 70) : RGB(122, 56, 58);
        text = RGB(238, 202, 202);
    }

    if (!disabled && tabButton) {
        const int tab = id - IDC_TAB_BASE;
        if (tab == 0) text = RGB(255, 255, 85);
        else if (tab == 1) text = RGB(255, 170, 0);
        else if (tab == 2) text = RGB(255, 85, 85);
        else text = RGB(170, 170, 255);
    }

    TileUi::DrawCard(d->hDC, r, tileButton ? 6.0f : 7.0f, fillTop, fillBottom, border,
                     highlight, fillAlpha, borderAlpha);

    wchar_t caption[256]{};
    GetWindowTextW(d->hwndItem, caption, static_cast<int>(sizeof(caption) / sizeof(caption[0])));
    RECT textRect = r;
    UINT flags = DT_CENTER | DT_VCENTER | DT_SINGLELINE | DT_END_ELLIPSIS;
    HFONT font = g_font;

    if (tileButton) {
        const int index = id - IDC_TILE_BASE;
        const int tileHeight = r.bottom - r.top;
        int badge = std::max(16, std::min(24, tileHeight - 12));
        const int badgeX = r.left + 9;
        const int badgeY = r.top + (tileHeight - badge) / 2;
        Gdiplus::Bitmap* icon = TileIcons::Load(TileIcons::FindIndex(caption));
        if (!icon) icon = TileIcons::LoadGeneric();
        if (icon) {
            TileIcons::Draw(d->hDC, icon, badgeX, badgeY, badge, disabled);
            textRect.left = badgeX + badge + 9;
            textRect.right -= 28;
            flags = DT_LEFT | DT_VCENTER | DT_SINGLELINE | DT_END_ELLIPSIS;
        }
        font = g_smallFont ? g_smallFont : g_font;

        if (!IsBusy(index) && IsItemAlreadyAvailable(index)) {
            SetTextColor(d->hDC, RGB(128, 220, 150));
            HGDIOBJ oldFont = SelectObject(d->hDC, g_smallFont ? g_smallFont : g_font);
            RECT checkRect = r;
            checkRect.left = r.right - 25;
            checkRect.right = r.right - 7;
            SetBkMode(d->hDC, TRANSPARENT);
            DrawTextW(d->hDC, L"✓", -1, &checkRect, DT_CENTER | DT_VCENTER | DT_SINGLELINE);
            SelectObject(d->hDC, oldFont);
        }
    }

    SetBkMode(d->hDC, TRANSPARENT);
    SetTextColor(d->hDC, text);
    HGDIOBJ oldFont = SelectObject(d->hDC, font);
    DrawTextW(d->hDC, caption, -1, &textRect, flags);
    SelectObject(d->hDC, oldFont);
}


static void DrawOwnerButton(DRAWITEMSTRUCT* d) {
    if (!d) return;
    RECT r = d->rcItem;
    const int width = static_cast<int>(r.right - r.left);
    const int height = static_cast<int>(r.bottom - r.top);
    if (width <= 0 || height <= 0) return;

    HDC memDc = CreateCompatibleDC(d->hDC);
    if (!memDc) {
        DrawOwnerButtonToDc(d);
        return;
    }

    HBITMAP bitmap = CreateCompatibleBitmap(d->hDC, width, height);
    if (!bitmap) {
        DeleteDC(memDc);
        DrawOwnerButtonToDc(d);
        return;
    }

    HGDIOBJ oldBitmap = SelectObject(memDc, bitmap);
    SetViewportOrgEx(memDc, -r.left, -r.top, nullptr);

    DRAWITEMSTRUCT buffered = *d;
    buffered.hDC = memDc;
    DrawOwnerButtonToDc(&buffered);

    SetViewportOrgEx(memDc, 0, 0, nullptr);
    BitBlt(d->hDC, r.left, r.top, width, height, memDc, 0, 0, SRCCOPY);

    SelectObject(memDc, oldBitmap);
    DeleteObject(bitmap);
    DeleteDC(memDc);
}

static LRESULT CALLBACK ButtonSubclassProc(HWND hwnd, UINT msg, WPARAM wParam, LPARAM lParam,
                                           UINT_PTR, DWORD_PTR) {
    switch (msg) {
    case WM_ERASEBKGND:
        // Owner-draw buttons paint their complete client area from an off-screen
        // bitmap, so the default white erase is both unnecessary and causes
        // visible flashes during tab changes.
        return 1;

    case WM_MOUSEMOVE:
        if (g_hoverButton != hwnd) {
            HWND old = g_hoverButton;
            g_hoverButton = hwnd;
            TRACKMOUSEEVENT tme{sizeof(tme), TME_LEAVE, hwnd, 0};
            TrackMouseEvent(&tme);
            if (old) InvalidateRect(old, nullptr, FALSE);
            InvalidateRect(hwnd, nullptr, FALSE);
        }
        break;
    case WM_MOUSELEAVE:
        if (g_hoverButton == hwnd) {
            g_hoverButton = nullptr;
            InvalidateRect(hwnd, nullptr, FALSE);
        }
        break;
    case WM_NCDESTROY:
        RemoveWindowSubclass(hwnd, ButtonSubclassProc, 1);
        break;
    }
    return DefSubclassProc(hwnd, msg, wParam, lParam);
}

static HWND CreateOwnerButton(HWND parent, int id, const wchar_t* text) {
    HWND h = CreateWindowExW(0, L"BUTTON", text,
        WS_CHILD | WS_VISIBLE | WS_TABSTOP | WS_CLIPSIBLINGS | BS_OWNERDRAW,
        0, 0, 0, 0, parent, reinterpret_cast<HMENU>(static_cast<INT_PTR>(id)), g_instance, nullptr);
    if (h) {
        SendMessageW(h, WM_SETFONT, reinterpret_cast<WPARAM>(g_font), TRUE);
        SetWindowSubclass(h, ButtonSubclassProc, 1, 0);
    }
    return h;
}

void RefreshItemButtons(int itemIndex) {
    if (itemIndex < 0 || static_cast<size_t>(itemIndex) >= kItemCount) return;
    if (static_cast<size_t>(itemIndex) >= g_tileButtons.size()) return;
    const bool busy = IsBusy(itemIndex);
    EnableWindow(g_tileButtons[itemIndex], busy ? FALSE : TRUE);
    InvalidateRect(g_tileButtons[itemIndex], nullptr, FALSE);
}

static void DrawScene(HWND hwnd, HDC targetHdc) {
    RECT rc{};
    GetClientRect(hwnd, &rc);
    const int w = static_cast<int>(rc.right - rc.left);
    const int h = static_cast<int>(rc.bottom - rc.top);
    if (w <= 0 || h <= 0) return;

    HDC memDC = CreateCompatibleDC(targetHdc);
    HBITMAP memBmp = CreateCompatibleBitmap(targetHdc, w, h);
    HGDIOBJ oldBmp = SelectObject(memDC, memBmp);
    HBRUSH bgBrush = CreateSolidBrush(BG);
    FillRect(memDC, &rc, bgBrush);
    DeleteObject(bgBrush);

    Graphics g(memDC);
    g.SetSmoothingMode(SmoothingModeAntiAlias);
    g.SetPixelOffsetMode(PixelOffsetModeHighQuality);
    g.SetTextRenderingHint(TextRenderingHintClearTypeGridFit);
    DrawAmbientBackground(g, rc);
    DrawParticles(g, rc);
    DrawLogo(g);
    DrawSectionSeparator(g, rc);
    DrawDownloadLog(g, rc);
    DrawProgressBar(g, rc);

    BitBlt(targetHdc, 0, 0, w, h, memDC, 0, 0, SRCCOPY);
    SelectObject(memDC, oldBmp);
    DeleteObject(memBmp);
    DeleteDC(memDC);
}

static void MoveChild(HWND child, int x, int y, int w, int h) {
    if (child) MoveWindow(child, x, y, w, h, FALSE);
}

void LayoutControls(HWND hwnd) {
    RECT rc{};
    GetClientRect(hwnd, &rc);
    const int width = static_cast<int>(rc.right - rc.left);

    // Main-page geometry intentionally follows the original HolyCheck layout.
    // Per-item delete buttons are overlaid inside the right side of the original
    // card rectangle, so they do not change the old grid calibration.
    const int rightX = 520;
    const int tabsY = 74;
    const int tabW = 124;
    const int tabH = 28;
    const int tabGap = 8;

    MoveChild(g_deleteAll, 28, 22, 118, 34);
    ShowWindow(g_deleteAll, SW_SHOWNA);

    for (int i = 0; i < TAB_COUNT; ++i) {
        MoveChild(g_tabButtons[i], rightX + i * (tabW + tabGap), tabsY, tabW, tabH);
        ShowWindow(g_tabButtons[i], SW_SHOWNA);
    }

    MoveChild(g_downloadAll, rightX, tabsY + 36, 148, 30);
    ShowWindow(g_downloadAll, SW_SHOWNA);

    const int tileH = 36;
    const int gapX = 14;
    const int gapY = 12;
    const int tileStartY = tabsY + 84;
    const int tileBaseW = 150;

    const int availableW = std::max(width - rightX - 28, tileBaseW);
    int columns = std::max(3, (availableW + gapX) / (tileBaseW + gapX));
    if (columns > 6) columns = 6;

    int tileW = (availableW - gapX * (columns - 1)) / columns;
    if (tileW < 116) tileW = 116;
    if (tileW > 200) tileW = 200;

    // Hide the old page before repainting the parent. This prevents a card from
    // the previous tab remaining underneath a new one for a frame.
    for (int i = 0; i < static_cast<int>(kItemCount); ++i) {
        if (kItems[i].tab != g_currentTab) {
            ShowWindow(g_tileButtons[i], SW_HIDE);
        }
    }

    RECT clearRect{ rightX - 18, tabsY + 72, rc.right, rc.bottom - 56 };
    RedrawWindow(hwnd, &clearRect, nullptr,
                 RDW_INVALIDATE | RDW_NOERASE | RDW_NOCHILDREN | RDW_UPDATENOW);

    int visible = 0;
    for (int i = 0; i < static_cast<int>(kItemCount); ++i) {
        if (kItems[i].tab != g_currentTab) continue;

        const int col = visible % columns;
        const int row = visible / columns;
        const int x = rightX + col * (tileW + gapX);
        const int y = tileStartY + row * (tileH + gapY);

        MoveChild(g_tileButtons[i], x, y, tileW, tileH);
        ShowWindow(g_tileButtons[i], SW_SHOWNA);

        RefreshItemButtons(i);
        InvalidateRect(g_tileButtons[i], nullptr, FALSE);
        ++visible;
    }

    for (HWND tab : g_tabButtons)
        InvalidateRect(tab, nullptr, FALSE);
    InvalidateRect(g_downloadAll, nullptr, FALSE);
    InvalidateRect(g_deleteAll, nullptr, FALSE);

    RedrawWindow(hwnd, nullptr, nullptr,
                 RDW_INVALIDATE | RDW_NOERASE | RDW_ALLCHILDREN | RDW_UPDATENOW);
}

LRESULT CALLBACK WindowProc(HWND hwnd, UINT message, WPARAM wParam, LPARAM lParam) {
    switch (message) {
    case WM_CREATE: {
        // Те же параметры Segoe UI, которые использовались в исходной версии HolyCheck.
        LOGFONTW lf{};
        wcscpy_s(lf.lfFaceName, L"Segoe UI");

        lf.lfHeight = -15;
        lf.lfWeight = FW_NORMAL;
        g_font = CreateFontIndirectW(&lf);

        lf.lfHeight = -13;
        lf.lfWeight = FW_SEMIBOLD;
        g_smallFont = CreateFontIndirectW(&lf);

        lf.lfHeight = -11;
        lf.lfWeight = FW_SEMIBOLD;
        g_tinyFont = CreateFontIndirectW(&lf);

        g_deleteAll = CreateOwnerButton(hwnd, IDC_DELETE_ALL, L"Удалить всё");
        g_downloadAll = CreateOwnerButton(hwnd, IDC_DOWNLOAD_ALL, L"Скачать все");

        for (int i = 0; i < TAB_COUNT; ++i)
            g_tabButtons.push_back(CreateOwnerButton(hwnd, IDC_TAB_BASE + i, kTabs[i]));

        g_tileButtons.resize(kItemCount);
        for (int i = 0; i < static_cast<int>(kItemCount); ++i)
            g_tileButtons[i] = CreateOwnerButton(hwnd, IDC_TILE_BASE + i, kItems[i].name);

        RECT rc{};
        GetClientRect(hwnd, &rc);
        InitParticles(static_cast<int>(rc.right), static_cast<int>(rc.bottom));
        SetTimer(hwnd, TIMER_PARTICLES, 33, nullptr);
        LayoutControls(hwnd);
        return 0;
    }

    case WM_GETMINMAXINFO: {
        auto* info = reinterpret_cast<MINMAXINFO*>(lParam);
        info->ptMinTrackSize.x = 980;
        info->ptMinTrackSize.y = 680;
        return 0;
    }

    case WM_SIZE:
        LayoutControls(hwnd);
        return 0;

    case WM_TIMER:
        if (wParam == TIMER_PARTICLES) UpdateParticles(hwnd);
        return 0;

    case WM_ERASEBKGND:
        return 1;

    case WM_PAINT: {
        PAINTSTRUCT ps{};
        HDC hdc = BeginPaint(hwnd, &ps);
        DrawScene(hwnd, hdc);
        EndPaint(hwnd, &ps);
        return 0;
    }

    case WM_DRAWITEM: {
        auto* d = reinterpret_cast<DRAWITEMSTRUCT*>(lParam);
        if (d && d->CtlType == ODT_BUTTON) {
            DrawOwnerButton(d);
            return TRUE;
        }
        break;
    }

    case WM_COMMAND: {
        const int id = LOWORD(wParam);
        const int notifyCode = HIWORD(wParam);

        // Обрабатываем только настоящий клик. BS_NOTIFY в предыдущей версии
        // присылал дополнительные BN_PUSHED/BN_UNPUSHED/BN_SETFOCUS, и из-за
        // игнорирования HIWORD один физический клик мог запускать программу
        // несколько раз.
        if (notifyCode != BN_CLICKED) return 0;

        if (id == IDC_DELETE_ALL) {
            DeleteAllDownloaded();
            return 0;
        }
        if (id == IDC_DOWNLOAD_ALL) {
            DownloadCurrentTab();
            return 0;
        }
        if (id >= IDC_TAB_BASE && id < IDC_TAB_BASE + TAB_COUNT) {
            g_currentTab = id - IDC_TAB_BASE;
            LayoutControls(hwnd);
            return 0;
        }
        if (id >= IDC_TILE_BASE && id < IDC_TILE_BASE + static_cast<int>(kItemCount)) {
            StartDownload(id - IDC_TILE_BASE);
            return 0;
        }
        break;
    }

    case WM_APP_DOWNLOAD_PROGRESS:
        g_progressPercent.store(std::max(0, std::min(100, static_cast<int>(lParam))));
        InvalidateRect(hwnd, nullptr, FALSE);
        return 0;

    case WM_APP_DOWNLOAD_DONE: {
        std::unique_ptr<DownloadMessage> result(reinterpret_cast<DownloadMessage*>(lParam));
        if (!result) return 0;
        MarkIdle(result->itemIndex);
        RefreshItemButtons(result->itemIndex);

        if (result->ok) {
            AddLog(std::wstring(kItems[result->itemIndex].name) + L": скачана");
            if (result->openAfterDownload) OpenDownloadedItem(result->itemIndex);
        } else {
            g_progressPercent.store(0);
            std::wstring text = L"Не удалось скачать " + std::wstring(kItems[result->itemIndex].name);
            if (!result->text.empty()) text += L".\n\n" + result->text;
            MessageBoxW(hwnd, text.c_str(), L"HolyCheck", MB_OK | MB_ICONERROR);
        }

        InvalidateRect(hwnd, nullptr, FALSE);
        return 0;
    }

    case WM_APP_OPEN_READY: {
        std::unique_ptr<OpenReadyMessage> result(reinterpret_cast<OpenReadyMessage*>(lParam));
        if (!result) return 0;
        MarkIdle(result->itemIndex);
        RefreshItemButtons(result->itemIndex);

        if (!result->ok) {
            const std::wstring text = result->error.empty()
                ? L"Не удалось распаковать или открыть программу."
                : result->error;
            MessageBoxW(hwnd, text.c_str(), L"HolyCheck", MB_OK | MB_ICONERROR);
        } else {
            std::wstring error;
            if (!OpenTrackedPath(result->itemIndex, result->path, error))
                MessageBoxW(hwnd, error.c_str(), L"HolyCheck", MB_OK | MB_ICONERROR);
        }
        return 0;
    }

    case WM_APP_DELETE_ALL_DONE: {
        std::unique_ptr<DeleteAllMessage> result(reinterpret_cast<DeleteAllMessage*>(lParam));
        g_deleteAllBusy.store(false);
        if (!result) return 0;

        g_progressPercent.store(0);
        for (int i = 0; i < static_cast<int>(kItemCount); ++i)
            RefreshItemButtons(i);

        if (result->localOk) {
            std::set<std::wstring> loggedRemoved;
            auto logRemovedOnce = [&](const std::wstring& name) {
                const std::wstring key = LowerAscii(name);
                if (loggedRemoved.insert(key).second)
                    AddLog(name + L": удалена");
            };
            for (int index : result->existingItems)
                logRemovedOnce(kItems[index].name);

            // External applications are logged only after Windows no longer
            // reports their executable as installed. Their uninstallers run
            // independently and can finish after this message arrives.
            if (result->systemInformerWasInstalled && FindInstalledSystemInformerPath().empty())
                logRemovedOnce(L"SystemInformer");
            if (result->recuvaWasInstalled && FindInstalledRecuvaPath().empty())
                logRemovedOnce(L"Recuva");
            if (result->ftkImagerWasInstalled && FindInstalledFtkImagerPath().empty())
                logRemovedOnce(L"FTK Imager");
        } else {
            MessageBoxW(hwnd,
                        L"Не удалось полностью удалить %LOCALAPPDATA%\\HolyCheck. "
                        L"Одна из открытых программ всё ещё использует файлы.",
                        L"HolyCheck", MB_OK | MB_ICONWARNING);
        }

        std::wstring uninstallErrors;
        auto appendError = [&](bool installed, bool started, const std::wstring& error) {
            if (!installed || started) return;
            if (!uninstallErrors.empty()) uninstallErrors += L"\n\n";
            uninstallErrors += error;
        };
        appendError(result->systemInformerWasInstalled,
                    result->systemInformerUninstallStarted,
                    result->systemInformerError);
        appendError(result->recuvaWasInstalled,
                    result->recuvaUninstallStarted,
                    result->recuvaError);
        appendError(result->ftkImagerWasInstalled,
                    result->ftkImagerUninstallStarted,
                    result->ftkImagerError);
        if (!uninstallErrors.empty())
            MessageBoxW(hwnd, uninstallErrors.c_str(), L"HolyCheck", MB_OK | MB_ICONWARNING);

        InvalidateRect(hwnd, nullptr, FALSE);
        return 0;
    }

    case WM_ACTIVATE:
        g_particlesPaused = (LOWORD(wParam) == WA_INACTIVE);
        return 0;

    case WM_DESTROY:
        KillTimer(hwnd, TIMER_PARTICLES);
        ReleaseTrackedProcessHandles();
        if (g_font) DeleteObject(g_font);
        if (g_smallFont) DeleteObject(g_smallFont);
        if (g_tinyFont) DeleteObject(g_tinyFont);
        g_font = g_smallFont = g_tinyFont = nullptr;
        PostQuitMessage(0);
        return 0;
    }
    return DefWindowProcW(hwnd, message, wParam, lParam);
}
